,sth_mvrv,sth_nupl,sth_sopr_24h,sth_supply_in_profit
2014-03-01 00:00:00+00:00,0.9413,-0.0623,0.9837136516059156,1638674.24412756
2014-03-02 00:00:00+00:00,0.9413,-0.0623,0.9922747506005213,1584605.60626899
2014-03-03 00:00:00+00:00,0.8523,-0.1732,0.9569535381738883,1333203.63881288
2014-03-04 00:00:00+00:00,0.8544,-0.1703,0.9185016629488628,1533901.96267007
2014-03-05 00:00:00+00:00,0.925,-0.0811,1.0062835223941098,1795668.28864165
2014-03-06 00:00:00+00:00,0.9273,-0.0783,0.9847700720197038,1851715.89914528
2014-03-07 00:00:00+00:00,0.8656,-0.1552,0.9847329997033641,1419400.46909032
2014-03-08 00:00:00+00:00,0.8951,-0.1172,0.9757816151052147,1550721.97076995
2014-03-09 00:00:00+00:00,0.875,-0.1428,0.9782860001920752,1405364.62821909
2014-03-10 00:00:00+00:00,1.0672,0.063,1.0003946749787822,3174399.91478036
2014-03-11 00:00:00+00:00,1.062,0.0583,1.0045843223689663,3078938.04048259
2014-03-12 00:00:00+00:00,1.0572,0.054,0.9891633184762123,3162674.30882556
2014-03-13 00:00:00+00:00,1.0458,0.0437,1.005398968839762,3105072.01857523
2014-03-14 00:00:00+00:00,0.9869,-0.0133,0.9935864492091325,2277855.59172334
2014-03-15 00:00:00+00:00,0.9692,-0.0317,0.9990035107112752,1991642.19626264
2014-03-16 00:00:00+00:00,0.999,-0.001,0.9979151487613331,2700295.21062355
2014-03-17 00:00:00+00:00,0.9787,-0.0217,0.9997835421172898,2268890.8273714
2014-03-18 00:00:00+00:00,0.9905,-0.0095,0.9986605782942803,2522030.70898237
2014-03-19 00:00:00+00:00,0.9879,-0.0122,1.0022512746457624,2363466.11429808
2014-03-20 00:00:00+00:00,0.9987,-0.0012,1.0013457813190678,2775326.84340077
2014-03-21 00:00:00+00:00,0.9772,-0.0232,0.9935060594995931,2134031.45040214
2014-03-22 00:00:00+00:00,0.9849,-0.0153,0.9928969639774429,2445429.32756946
2014-03-23 00:00:00+00:00,0.9844,-0.0158,0.9970424136819459,2473223.58900987
2014-03-24 00:00:00+00:00,0.9635,-0.0378,0.9928712107528307,1804209.00655897
2014-03-25 00:00:00+00:00,0.945,-0.0582,0.9986034127607436,1664379.71419466
2014-03-26 00:00:00+00:00,0.9452,-0.0579,0.9952683181264459,1707001.32666957
2014-03-27 00:00:00+00:00,0.9062,-0.1034,0.982850101132136,1488164.92474849
2014-03-28 00:00:00+00:00,0.883,-0.1325,0.9853432988714691,1239528.22729781
2014-03-29 00:00:00+00:00,0.8638,-0.1576,0.9857144740529442,1146133.56869481
2014-03-30 00:00:00+00:00,0.8586,-0.1646,0.9881138327912138,1073720.16093513
2014-03-31 00:00:00+00:00,0.8779,-0.1391,0.9906990370928046,1414139.8907175
2014-04-01 00:00:00+00:00,0.868,-0.1521,0.9933687564899306,1373717.25553846
2014-04-02 00:00:00+00:00,0.8656,-0.1553,0.9931015347817778,1325719.54779941
2014-04-03 00:00:00+00:00,0.7082,-0.412,0.9853807002836418,517704.48752371
2014-04-04 00:00:00+00:00,0.7454,-0.3415,0.9719625836509694,600463.21084913
2014-04-05 00:00:00+00:00,0.733,-0.3642,0.9816297115561402,532404.64425765
2014-04-06 00:00:00+00:00,0.6881,-0.4532,0.9637429607472123,495501.13057733
2014-04-07 00:00:00+00:00,0.6819,-0.4665,0.9627598454660328,535168.4391563
2014-04-08 00:00:00+00:00,0.7181,-0.3925,0.9886961799386975,637788.13015398
2014-04-09 00:00:00+00:00,0.6595,-0.5162,0.9757946242878841,390496.40789703
2014-04-10 00:00:00+00:00,0.6784,-0.4739,0.9719152840031069,594476.68669745
2014-04-11 00:00:00+00:00,0.6783,-0.4742,0.9854825624104034,616693.66873064
2014-04-12 00:00:00+00:00,0.6983,-0.432,0.9466342989051272,794134.59427882
2014-04-13 00:00:00+00:00,0.6889,-0.4516,0.9844708633450387,718503.49095625
2014-04-14 00:00:00+00:00,0.675,-0.4815,0.9869537662885104,417322.55236878
2014-04-15 00:00:00+00:00,0.6804,-0.4697,0.9810092683121856,625753.45092586
2014-04-16 00:00:00+00:00,0.6644,-0.5052,0.9687363632212618,264392.23213518
2014-04-17 00:00:00+00:00,0.559,-0.7887,0.9392226216229607,46172.21263735
2014-04-18 00:00:00+00:00,0.6409,-0.5602,0.9542408965879933,332573.7055428
2014-04-19 00:00:00+00:00,0.6398,-0.5631,0.9907279639214897,277221.2989286
2014-04-20 00:00:00+00:00,0.6283,-0.5915,0.9883019578549426,211672.43626268
2014-04-21 00:00:00+00:00,0.6931,-0.4428,0.9971596864070155,812866.20151249
2014-04-22 00:00:00+00:00,0.7875,-0.2697,0.9981404258775874,1179563.53438469
2014-04-23 00:00:00+00:00,0.7943,-0.2589,1.008168667898795,1184207.93300291
2014-04-24 00:00:00+00:00,0.7489,-0.3352,1.0065963602554313,841578.60196902
2014-04-25 00:00:00+00:00,0.7254,-0.3784,0.9870246861970098,714784.6195852
2014-04-26 00:00:00+00:00,0.7566,-0.3217,0.999771307292924,990551.88486938
2014-04-27 00:00:00+00:00,0.7541,-0.326,0.9847936279719962,950727.12676151
2014-04-28 00:00:00+00:00,0.7478,-0.3372,0.9982702128706676,813270.25027185
2014-04-29 00:00:00+00:00,0.7405,-0.3504,0.9891094390765601,706997.40166805
2014-04-30 00:00:00+00:00,0.7422,-0.3474,1.0023485913830594,712564.71998732
2014-05-01 00:00:00+00:00,0.7639,-0.309,0.9943468819914587,1154572.78309029
2014-05-02 00:00:00+00:00,0.718,-0.3928,0.9802481030988822,610371.27326536
2014-05-03 00:00:00+00:00,0.7136,-0.4014,0.9885308462864771,573140.12356034
2014-05-04 00:00:00+00:00,0.6842,-0.4615,0.9854158590014386,180994.50099389
2014-05-05 00:00:00+00:00,0.6901,-0.449,0.97599666030179,229639.82856095
2014-05-06 00:00:00+00:00,0.706,-0.4163,0.9857818458175646,395194.19756505
2014-05-07 00:00:00+00:00,0.7099,-0.4087,0.9920377430586503,474121.09419596
2014-05-08 00:00:00+00:00,0.7309,-0.3681,0.9929006809561121,811046.99505292
2014-05-09 00:00:00+00:00,0.721,-0.3869,0.9938316066753967,628770.52832828
2014-05-10 00:00:00+00:00,0.7072,-0.4139,0.9923736759846475,223619.70326957
2014-05-11 00:00:00+00:00,0.7076,-0.4132,0.9891667560773924,219370.75596236
2014-05-12 00:00:00+00:00,0.701,-0.4266,0.9855506059114043,171612.48294053
2014-05-13 00:00:00+00:00,0.6998,-0.4288,0.9895085968727116,173442.50625506
2014-05-14 00:00:00+00:00,0.7248,-0.3797,0.993891116953812,438925.73131207
2014-05-15 00:00:00+00:00,0.7193,-0.3903,0.9976615484167646,304225.16130155
2014-05-16 00:00:00+00:00,0.7436,-0.3447,0.9992513909602007,856533.92270345
2014-05-17 00:00:00+00:00,0.7499,-0.3335,0.9981181813157436,945515.62771463
2014-05-18 00:00:00+00:00,0.7239,-0.3814,0.9929545071256739,298759.87405264
2014-05-19 00:00:00+00:00,0.7332,-0.3638,0.9928549053963913,440515.75155497
2014-05-20 00:00:00+00:00,0.7288,-0.3721,0.9936626284717145,336269.73542083
2014-05-21 00:00:00+00:00,0.7439,-0.3441,0.9881734992023655,644058.07385309
2014-05-22 00:00:00+00:00,0.747,-0.3387,0.9976390899717795,579625.02021807
2014-05-23 00:00:00+00:00,0.749,-0.3351,0.9931727528258923,586146.48133542
2014-05-24 00:00:00+00:00,0.7551,-0.3243,0.9970616506972341,961382.42191074
2014-05-25 00:00:00+00:00,0.7495,-0.3342,0.993150799521581,573708.52532623
2014-05-26 00:00:00+00:00,0.7522,-0.3295,0.993672761662028,672586.38265867
2014-05-27 00:00:00+00:00,0.8224,-0.2159,1.003440276881354,1313860.69538499
2014-05-28 00:00:00+00:00,0.8299,-0.2049,1.0047720761073826,1353988.64557662
2014-05-29 00:00:00+00:00,0.8879,-0.1263,1.0107549514813712,1734742.60954129
2014-05-30 00:00:00+00:00,0.8785,-0.1383,1.0061347742042912,1607086.89829324
2014-05-31 00:00:00+00:00,0.8873,-0.127,1.0016325221126645,1732090.0685342
2014-06-01 00:00:00+00:00,0.9617,-0.0397,1.016804016281808,1988793.76978291
2014-06-02 00:00:00+00:00,0.9829,-0.0174,1.0091760543098829,2212002.40790974
2014-06-03 00:00:00+00:00,0.9621,-0.0394,1.0060801926600687,1922502.76833065
2014-06-04 00:00:00+00:00,0.9751,-0.0254,1.0057897266427607,2209801.98694716
2014-06-05 00:00:00+00:00,0.9629,-0.0385,1.0022371422764906,1933702.90044222
2014-06-06 00:00:00+00:00,1.0378,0.0364,1.0299888968570559,2534022.57335339
2014-06-07 00:00:00+00:00,1.0464,0.0443,1.0084604429277875,2617797.12725457
2014-06-08 00:00:00+00:00,1.0459,0.0439,1.0127213225815506,2580367.50290945
2014-06-09 00:00:00+00:00,1.1009,0.0916,1.0281372802327606,3324604.56587955
2014-06-10 00:00:00+00:00,1.1092,0.0984,1.0154137961516427,3429071.03115985
2014-06-11 00:00:00+00:00,1.0653,0.0612,1.00467549446008,3035504.9953747
2014-06-12 00:00:00+00:00,1.0977,0.089,1.0094790538984824,3275190.88595106
2014-06-13 00:00:00+00:00,1.0749,0.0696,1.0109212831666265,2885597.36784993
2014-06-14 00:00:00+00:00,1.0859,0.0791,1.0042326150247343,2990553.63497801
2014-06-15 00:00:00+00:00,1.0873,0.0802,1.0038348031186444,3007446.97261276
2014-06-16 00:00:00+00:00,1.0724,0.0675,1.0228204728321917,2827030.92222683
2014-06-17 00:00:00+00:00,1.0722,0.0673,1.0155643688059859,2724124.96980169
2014-06-18 00:00:00+00:00,1.0305,0.0295,1.0032853911486168,1963128.99471977
2014-06-19 00:00:00+00:00,0.9501,-0.0525,0.984095795397007,1392470.70540269
2014-06-20 00:00:00+00:00,0.9854,-0.0148,0.9967030167719093,1791513.39461218
2014-06-21 00:00:00+00:00,0.9482,-0.0545,0.9894378220426614,1315640.30163791
2014-06-22 00:00:00+00:00,0.9805,-0.0199,0.9973390491405688,1781945.96290339
2014-06-23 00:00:00+00:00,0.9889,-0.0112,1.0019902386140942,1789035.14393504
2014-06-24 00:00:00+00:00,1.0188,0.0184,1.0016725291616801,2157496.92596063
2014-06-25 00:00:00+00:00,1.021,0.0206,1.0041475346234985,2151690.88315181
2014-06-26 00:00:00+00:00,0.9961,-0.0039,1.0007394143844588,1777354.6431534
2014-06-27 00:00:00+00:00,0.9976,-0.0023,0.9992771025386317,1812829.03214048
2014-06-28 00:00:00+00:00,0.9966,-0.0033,0.9985571721801617,1812370.64121501
2014-06-29 00:00:00+00:00,1.011,0.0109,1.0017383233701063,1954417.51535407
2014-06-30 00:00:00+00:00,0.9927,-0.0073,1.0047912282956297,1758350.21025479
2014-07-01 00:00:00+00:00,0.9675,-0.0336,1.00336292235668,1323465.41430499
2014-07-02 00:00:00+00:00,0.9461,-0.0569,0.9939651408674627,1090872.64656381
2014-07-03 00:00:00+00:00,0.9773,-0.0231,0.9955282444525079,1596392.5289408
2014-07-04 00:00:00+00:00,1.016,0.0157,1.0023624821911075,2130039.02762724
2014-07-05 00:00:00+00:00,1.0013,0.0013,1.0048198250159692,1942846.17413668
2014-07-06 00:00:00+00:00,1.0176,0.0173,1.0015688117605697,2166277.89178904
2014-07-07 00:00:00+00:00,1.0778,0.0721,1.0097353294239735,3048171.43872222
2014-07-08 00:00:00+00:00,1.0894,0.0821,1.0134033949551644,3295145.03759527
2014-07-09 00:00:00+00:00,1.0955,0.0872,1.0153496535191011,3434169.31450972
2014-07-10 00:00:00+00:00,1.0909,0.0833,1.003460103149341,3372810.63633619
2014-07-11 00:00:00+00:00,1.0609,0.0574,1.0018171521286827,2561182.38174101
2014-07-12 00:00:00+00:00,1.0715,0.0667,1.0034750681872655,2594612.08071841
2014-07-13 00:00:00+00:00,1.0773,0.0717,1.002716403649492,2612443.05119517
2014-07-14 00:00:00+00:00,1.0644,0.0604,1.0037117609207522,2351555.12826836
2014-07-15 00:00:00+00:00,1.0661,0.0619,1.0010885723835385,2390096.26269433
2014-07-16 00:00:00+00:00,1.0598,0.0564,1.0025277606382326,2240242.42458093
2014-07-17 00:00:00+00:00,1.0532,0.0504,1.0004511826621751,2209583.62854399
2014-07-18 00:00:00+00:00,1.0824,0.0761,1.003171700034319,2818119.48681633
2014-07-19 00:00:00+00:00,1.0866,0.0797,1.0028946545548576,2875037.44840913
2014-07-20 00:00:00+00:00,1.0747,0.0695,1.0026536553376801,2609373.25382596
2014-07-21 00:00:00+00:00,1.0587,0.0554,1.0007311190075554,2208099.40434875
2014-07-22 00:00:00+00:00,1.0655,0.0614,1.0009377934541388,2402782.91386395
2014-07-23 00:00:00+00:00,1.0538,0.051,1.0009686833796287,2118957.19771842
2014-07-24 00:00:00+00:00,1.0692,0.0647,1.004612836917596,2542481.23023257
2014-07-25 00:00:00+00:00,1.0794,0.0735,1.002670352314332,2763273.29149277
2014-07-26 00:00:00+00:00,1.0746,0.0693,1.003109966745918,2687107.58314088
2014-07-27 00:00:00+00:00,1.0701,0.0655,1.0054529987603709,2540931.6813173
2014-07-28 00:00:00+00:00,1.0602,0.0567,1.0136446560406382,2281747.74832824
2014-07-29 00:00:00+00:00,1.0561,0.0531,1.0013563408898927,2070940.06200366
2014-07-30 00:00:00+00:00,1.0559,0.0529,1.0021459088329983,2072840.91656183
2014-07-31 00:00:00+00:00,1.0287,0.0278,0.9965037761505836,1716640.56573116
2014-08-01 00:00:00+00:00,1.0231,0.0225,0.9993867526647071,1687720.01626499
2014-08-02 00:00:00+00:00,1.0103,0.0102,0.9986435761517489,1511220.49742277
2014-08-03 00:00:00+00:00,1.0048,0.0047,0.9967934203659251,1434420.4944033
2014-08-04 00:00:00+00:00,1.0027,0.0027,0.990771797347748,1456984.59168706
2014-08-05 00:00:00+00:00,0.9932,-0.0068,0.998027265813024,1310856.05813522
2014-08-06 00:00:00+00:00,0.9561,-0.0459,0.9897225624408874,869993.89161951
2014-08-07 00:00:00+00:00,0.9907,-0.0094,0.998615892108437,1262885.48063416
2014-08-08 00:00:00+00:00,1.0203,0.0199,1.0198246242392452,1688464.27042314
2014-08-09 00:00:00+00:00,1.0088,0.0086,0.9973413288458983,1489705.42823841
2014-08-10 00:00:00+00:00,1.0005,0.0005,0.9971478464298144,1306193.62012658
2014-08-11 00:00:00+00:00,1.0071,0.007,1.0001207949230269,1514016.05027596
2014-08-12 00:00:00+00:00,0.9941,-0.0059,0.9970054262718987,1187793.47779317
2014-08-13 00:00:00+00:00,0.9977,-0.0023,0.9968153943742182,1330670.26582452
2014-08-14 00:00:00+00:00,1.0038,0.0037,1.000310785257631,1522477.97096206
2014-08-15 00:00:00+00:00,1.0092,0.0091,1.0013588145732706,1696667.18207606
2014-08-16 00:00:00+00:00,1.0113,0.0111,1.0004002467226916,1712450.49448003
2014-08-17 00:00:00+00:00,1.0137,0.0135,1.0022048058112791,1769068.5479844
2014-08-18 00:00:00+00:00,0.9855,-0.0146,0.9978928730726182,919026.74882372
2014-08-19 00:00:00+00:00,0.981,-0.0193,0.9973841693052478,873272.90139543
2014-08-20 00:00:00+00:00,0.9513,-0.0511,0.9907897934652926,813445.54955068
2014-08-21 00:00:00+00:00,0.8791,-0.1375,0.9760047617729709,622194.75977376
2014-08-22 00:00:00+00:00,0.8744,-0.1436,0.9889956742131205,663089.67191669
2014-08-23 00:00:00+00:00,0.9155,-0.0923,0.994142364518312,925722.12530178
2014-08-24 00:00:00+00:00,0.8728,-0.1457,0.9930970853509031,683321.13823258
2014-08-25 00:00:00+00:00,0.8347,-0.1979,0.9746600040758202,508156.65706108
2014-08-26 00:00:00+00:00,0.8643,-0.157,0.9921618675139547,675678.61105472
2014-08-27 00:00:00+00:00,0.9129,-0.0954,0.9969976095427218,1076463.4199842
2014-08-28 00:00:00+00:00,0.9185,-0.0886,0.999948551459968,1050755.1286762
2014-08-29 00:00:00+00:00,0.9126,-0.0957,0.9990890108078601,1025242.02620501
2014-08-30 00:00:00+00:00,0.8822,-0.1335,0.9805777124116564,802143.9006916
2014-08-31 00:00:00+00:00,0.9024,-0.1081,0.9978461035740038,999433.59609519
2014-09-01 00:00:00+00:00,0.8942,-0.1182,0.9947558583425801,922720.53475421
2014-09-02 00:00:00+00:00,0.9112,-0.0974,0.9993730814855223,1138081.62895607
2014-09-03 00:00:00+00:00,0.9083,-0.101,0.9997615191883358,1002155.66403053
2014-09-04 00:00:00+00:00,0.9087,-0.1005,0.9475277546257956,839367.69780724
2014-09-05 00:00:00+00:00,0.9135,-0.0946,0.9988595736402162,939711.01232009
2014-09-06 00:00:00+00:00,0.8996,-0.1116,0.9978232962678752,670118.61490914
2014-09-07 00:00:00+00:00,0.8597,-0.1631,0.9922521206087209,394546.45901502
2014-09-08 00:00:00+00:00,0.8554,-0.1691,0.9916274764116986,390535.14883091
2014-09-09 00:00:00+00:00,0.855,-0.1696,0.9887751698869447,364643.48427015
2014-09-10 00:00:00+00:00,0.858,-0.1655,0.9913909885840847,396720.21068163
2014-09-11 00:00:00+00:00,0.8816,-0.1343,0.9942326163817246,654103.72703821
2014-09-12 00:00:00+00:00,0.863,-0.1587,0.9926677117327254,447057.02223869
2014-09-13 00:00:00+00:00,0.8675,-0.1527,0.984571946944267,505396.31708814
2014-09-14 00:00:00+00:00,0.8617,-0.1604,0.991004068006346,362383.11851229
2014-09-15 00:00:00+00:00,0.846,-0.182,0.989654646767426,274336.33445391
2014-09-16 00:00:00+00:00,0.8592,-0.1639,0.9875450282166708,449739.65514419
2014-09-17 00:00:00+00:00,0.8659,-0.1548,0.9914713688974437,492865.01828461
2014-09-18 00:00:00+00:00,0.8676,-0.1526,0.9917810789798566,571566.04010405
2014-09-19 00:00:00+00:00,0.8614,-0.1608,0.9912689814175667,453684.97929075
2014-09-20 00:00:00+00:00,0.8683,-0.1516,0.996165179035443,618804.59409005
2014-09-21 00:00:00+00:00,0.8644,-0.1568,0.996909842139016,506376.52998902
2014-09-22 00:00:00+00:00,0.856,-0.1681,0.9943669927242655,311646.61137209
2014-09-23 00:00:00+00:00,0.8442,-0.1845,0.9916179118522691,218619.19971052
2014-09-24 00:00:00+00:00,0.826,-0.2106,0.9884495062145429,205112.07528713
2014-09-25 00:00:00+00:00,0.782,-0.2787,0.9696855500721934,42872.35343714
2014-09-26 00:00:00+00:00,0.7293,-0.371,0.9625357729119356,19813.76404969
2014-09-27 00:00:00+00:00,0.7642,-0.3085,0.9900223310284406,129632.78085609
2014-09-28 00:00:00+00:00,0.7437,-0.3447,0.9901886197304364,68077.26573438
2014-09-29 00:00:00+00:00,0.7446,-0.343,0.9851502615040717,54681.20127551
2014-09-30 00:00:00+00:00,0.8203,-0.219,0.9888296173917422,485999.28875017
2014-10-01 00:00:00+00:00,0.7913,-0.2636,0.996624653422376,342694.78690736
2014-10-02 00:00:00+00:00,0.7655,-0.3062,0.9903988366869864,216934.65200329
2014-10-03 00:00:00+00:00,0.7595,-0.3166,0.9822925636077882,223335.6516159
2014-10-04 00:00:00+00:00,0.7526,-0.3287,0.9928576941968755,120831.6997614
2014-10-05 00:00:00+00:00,0.7061,-0.4162,0.9835447627923769,8762.69198561
2014-10-06 00:00:00+00:00,0.7049,-0.4185,0.9740763664653613,23505.32015781
2014-10-07 00:00:00+00:00,0.7408,-0.3498,0.9802476445621984,256393.92254815
2014-10-08 00:00:00+00:00,0.729,-0.3716,0.9915304383413984,207665.29942865
2014-10-09 00:00:00+00:00,0.7161,-0.3965,0.9900658234732352,80865.09093246
2014-10-10 00:00:00+00:00,0.6878,-0.4538,0.9554263150787619,26605.54339232
2014-10-11 00:00:00+00:00,0.6352,-0.5743,0.9663897925182525,31970.86413606
2014-10-12 00:00:00+00:00,0.633,-0.5796,0.9569672518731176,188941.35643174
2014-10-13 00:00:00+00:00,0.6548,-0.5271,0.914035972798814,372311.57690699
2014-10-14 00:00:00+00:00,0.6665,-0.5002,0.9859822533969943,519517.44166946
2014-10-15 00:00:00+00:00,0.7124,-0.4037,1.0052348540291218,645572.39453185
2014-10-16 00:00:00+00:00,0.7238,-0.3816,0.9894055153545726,606084.1394107
2014-10-17 00:00:00+00:00,0.7263,-0.3769,0.9933793211070016,649136.06454168
2014-10-18 00:00:00+00:00,0.7309,-0.3681,0.9967066805320988,681751.02898937
2014-10-19 00:00:00+00:00,0.7641,-0.3086,0.9982704202710352,1000695.4299758
2014-10-20 00:00:00+00:00,0.7873,-0.2701,1.0203195665659628,1099557.06317132
2014-10-21 00:00:00+00:00,0.811,-0.233,1.0117090556243662,1148383.20550316
2014-10-22 00:00:00+00:00,0.7995,-0.2508,0.9784424452458361,1046020.27302874
2014-10-23 00:00:00+00:00,0.777,-0.287,0.9984752769115083,908992.80269091
2014-10-24 00:00:00+00:00,0.7776,-0.2859,0.9912322873238933,963611.33619234
2014-10-25 00:00:00+00:00,0.7945,-0.2586,1.0004986810974932,1086930.48669823
2014-10-26 00:00:00+00:00,0.7888,-0.2677,0.9991237073720276,995370.16428487
2014-10-27 00:00:00+00:00,0.7757,-0.2891,0.9971150725485589,814907.63124071
2014-10-28 00:00:00+00:00,0.7841,-0.2754,0.9965935984738117,978960.4571482
2014-10-29 00:00:00+00:00,0.7797,-0.2825,0.9950378850504966,854923.19773899
2014-10-30 00:00:00+00:00,0.7302,-0.3694,0.9908882722340959,271717.64570509
2014-10-31 00:00:00+00:00,0.7381,-0.3547,0.9824623283176451,350219.18079824
2014-11-01 00:00:00+00:00,0.7167,-0.3953,0.9879822581630763,250992.40141418
2014-11-02 00:00:00+00:00,0.7319,-0.3663,0.9947818338919062,340351.29890399
2014-11-03 00:00:00+00:00,0.73,-0.3697,0.9903007513685819,282858.87097127
2014-11-04 00:00:00+00:00,0.741,-0.3495,0.9939824278767584,459658.31250143
2014-11-05 00:00:00+00:00,0.6997,-0.4292,0.9820857388977963,158396.79058736
2014-11-06 00:00:00+00:00,0.7263,-0.3769,0.9919617816901828,363249.86494384
2014-11-07 00:00:00+00:00,0.7131,-0.4022,0.9848636040526798,217888.28832762
2014-11-08 00:00:00+00:00,0.6877,-0.454,0.9840482064255086,113134.06007315
2014-11-09 00:00:00+00:00,0.6918,-0.4454,0.9870195794724751,150679.76000507
2014-11-10 00:00:00+00:00,0.6959,-0.437,0.9909345647102121,145993.04939546
2014-11-11 00:00:00+00:00,0.7048,-0.4188,0.9840119533762456,291479.00625848
2014-11-12 00:00:00+00:00,0.7294,-0.371,0.9947063945150121,504897.70678007
2014-11-13 00:00:00+00:00,0.757,-0.3209,0.9975958189871811,881168.50489559
2014-11-14 00:00:00+00:00,0.7496,-0.3341,0.9909778465542733,717606.39276974
2014-11-15 00:00:00+00:00,0.7658,-0.3058,0.997322476500182,837033.40059819
2014-11-16 00:00:00+00:00,0.8312,-0.203,1.0011058769326846,1267547.30937771
2014-11-17 00:00:00+00:00,0.8336,-0.1996,1.0044534557915374,1243554.2106412
2014-11-18 00:00:00+00:00,0.8382,-0.1929,0.9976141968003374,1271509.18989611
2014-11-19 00:00:00+00:00,0.9572,-0.0446,1.0154494040858875,1962020.0768437
2014-11-20 00:00:00+00:00,0.9359,-0.0685,1.0274653178571873,1795960.98640049
2014-11-21 00:00:00+00:00,0.8947,-0.1176,0.9943527984472809,1481421.39510637
2014-11-22 00:00:00+00:00,0.8488,-0.1781,0.9978142259232897,1054844.71843232
2014-11-23 00:00:00+00:00,0.8788,-0.1378,0.998717761059351,1364856.98114499
2014-11-24 00:00:00+00:00,0.8765,-0.1409,0.9950745317042116,1288026.24510209
2014-11-25 00:00:00+00:00,0.8486,-0.1783,0.9933061158897358,911658.08104111
2014-11-26 00:00:00+00:00,0.8586,-0.1647,0.9975577850760471,1061763.50084664
2014-11-27 00:00:00+00:00,0.813,-0.2299,0.9881456839854801,582538.12107583
2014-11-28 00:00:00+00:00,0.8059,-0.2408,0.9929801303738615,508058.09363932
2014-11-29 00:00:00+00:00,0.8136,-0.2291,0.997286719235941,561668.65826613
2014-11-30 00:00:00+00:00,0.8466,-0.1811,0.9971579524342477,1027768.65039891
2014-12-01 00:00:00+00:00,0.8718,-0.147,1.0036781256218605,1204836.92077447
2014-12-02 00:00:00+00:00,0.8673,-0.153,1.001817333662829,1060431.63328419
2014-12-03 00:00:00+00:00,0.8479,-0.1794,0.9945136880996901,880121.3198978
2014-12-04 00:00:00+00:00,0.8585,-0.1647,0.997866990337337,952585.56530874
2014-12-05 00:00:00+00:00,0.886,-0.1286,0.9931052706031638,1443499.27636345
2014-12-06 00:00:00+00:00,0.887,-0.1273,0.9995295348597675,1421094.20138475
2014-12-07 00:00:00+00:00,0.8918,-0.1212,0.9999706882145035,1476687.2183308
2014-12-08 00:00:00+00:00,0.8948,-0.1176,0.9989778143245263,1432060.50425859
2014-12-09 00:00:00+00:00,0.9019,-0.1087,0.9933819811128157,1457899.06050829
2014-12-10 00:00:00+00:00,0.8934,-0.1193,0.9990453808418325,1077207.41904441
2014-12-11 00:00:00+00:00,0.8787,-0.138,0.9942308462103436,700715.83887403
2014-12-12 00:00:00+00:00,0.8983,-0.1132,0.9981214489658243,1282157.3027432
2014-12-13 00:00:00+00:00,0.9003,-0.1107,0.9992831363336597,1305277.0558207
2014-12-14 00:00:00+00:00,0.9048,-0.1051,0.9989041958766661,1444041.91305617
2014-12-15 00:00:00+00:00,0.8782,-0.1387,0.9973062259574772,592714.13989788
2014-12-16 00:00:00+00:00,0.8556,-0.1687,0.98760356822172,415337.03630856
2014-12-17 00:00:00+00:00,0.851,-0.175,0.9794490442038991,304987.18419093
2014-12-18 00:00:00+00:00,0.8575,-0.1661,0.9946972370675929,353850.70915381
2014-12-19 00:00:00+00:00,0.8668,-0.1536,0.9972233196967467,488293.79247253
2014-12-20 00:00:00+00:00,0.8659,-0.1549,0.9946996094269029,509427.32389243
2014-12-21 00:00:00+00:00,0.8842,-0.131,0.9988773453105523,1041088.0729531
2014-12-22 00:00:00+00:00,0.8595,-0.1634,0.9958576358109406,309989.1944114
2014-12-23 00:00:00+00:00,0.8228,-0.2153,0.9916143068678542,116017.81778644
2014-12-24 00:00:00+00:00,0.8026,-0.2459,0.9878820614328101,90184.10761348
2014-12-25 00:00:00+00:00,0.785,-0.2738,0.9856034943678885,80727.30048394
2014-12-26 00:00:00+00:00,0.8067,-0.2396,0.9839646517804373,308102.17352074
2014-12-27 00:00:00+00:00,0.8413,-0.1886,0.9978948778553072,494940.05536466
2014-12-28 00:00:00+00:00,0.8224,-0.2159,0.9719193425613051,253932.45884157
2014-12-29 00:00:00+00:00,0.8506,-0.1756,0.9968910915906383,760693.32616853
2014-12-30 00:00:00+00:00,0.8638,-0.1576,1.0007953740141136,865678.83726541
2014-12-31 00:00:00+00:00,0.832,-0.2019,0.9966096738435407,289108.96160865
2015-01-01 00:00:00+00:00,0.825,-0.2121,0.9955439222392278,190645.07902443
2015-01-02 00:00:00+00:00,0.8546,-0.17,0.9988593111855144,584170.76424628
2015-01-03 00:00:00+00:00,0.8212,-0.2176,0.9938681256259145,169214.6969585
2015-01-04 00:00:00+00:00,0.8252,-0.2118,0.9970000966798157,215580.63957026
2015-01-05 00:00:00+00:00,0.8185,-0.2217,0.9828239525290298,83815.3823894
2015-01-06 00:00:00+00:00,0.8242,-0.2132,0.9683658915095955,105655.42488759
2015-01-07 00:00:00+00:00,0.8508,-0.1753,0.9940350072407308,716366.77221092
2015-01-08 00:00:00+00:00,0.8359,-0.1962,0.9974772034548292,467079.03708474
2015-01-09 00:00:00+00:00,0.8514,-0.1745,0.9971308609026416,605703.54382545
2015-01-10 00:00:00+00:00,0.7838,-0.2759,0.9719871239035867,26766.7638351
2015-01-11 00:00:00+00:00,0.7227,-0.3836,0.9771822095933883,28968.29781237
2015-01-12 00:00:00+00:00,0.763,-0.3106,0.9771957954329135,249215.29264183
2015-01-13 00:00:00+00:00,0.7779,-0.2854,0.9908087906641423,363700.60888079
2015-01-14 00:00:00+00:00,0.8325,-0.2012,0.9988737428701445,488544.50228049
2015-01-15 00:00:00+00:00,0.8074,-0.2385,0.9854249126040582,289026.22849884
2015-01-16 00:00:00+00:00,0.8144,-0.2279,0.9752946699388575,553353.07700364
2015-01-17 00:00:00+00:00,0.8179,-0.2226,0.9921893651641965,627651.98434742
2015-01-18 00:00:00+00:00,0.8206,-0.2186,0.9970323593803135,669020.60372036
2015-01-19 00:00:00+00:00,0.823,-0.215,0.9962648314605917,725365.91671162
2015-01-20 00:00:00+00:00,0.7477,-0.3374,0.9793467224715025,259075.60986009
2015-01-21 00:00:00+00:00,0.3572,-1.7998,0.9168993831274462,103601.09124726
2015-01-22 00:00:00+00:00,0.6386,-0.566,0.9738040366599742,384724.82558331
2015-01-23 00:00:00+00:00,0.6037,-0.6565,0.9942199430893359,407986.16354368
2015-01-24 00:00:00+00:00,0.5581,-0.7919,0.9987397608794996,213099.93817659
2015-01-25 00:00:00+00:00,0.5621,-0.779,0.9847471074033841,292920.85340305
2015-01-26 00:00:00+00:00,0.6892,-0.4508,1.0088515898990296,568931.17653221
2015-01-27 00:00:00+00:00,0.6377,-0.5681,0.9955481707580619,359132.67377547
2015-01-28 00:00:00+00:00,0.7036,-0.4212,0.9437502864695487,870860.42155301
2015-01-29 00:00:00+00:00,0.7235,-0.3821,1.0012124380229295,759588.54010283
2015-01-30 00:00:00+00:00,0.7331,-0.364,0.9971208310223979,878648.4241824
2015-01-31 00:00:00+00:00,0.7757,-0.2892,1.003615310770874,933170.31086005
2015-02-01 00:00:00+00:00,0.7933,-0.2605,1.0027757054509605,971022.0055651
2015-02-02 00:00:00+00:00,0.854,-0.171,1.008218851776697,997422.72636521
2015-02-03 00:00:00+00:00,0.8279,-0.2078,0.9964940848347349,923561.48494652
2015-02-04 00:00:00+00:00,0.7395,-0.3523,1.013936691686659,510589.82762884
2015-02-05 00:00:00+00:00,0.7459,-0.3405,0.9775380037680704,596775.94083411
2015-02-06 00:00:00+00:00,0.7347,-0.361,0.981793660805438,444248.91637689
2015-02-07 00:00:00+00:00,0.7308,-0.3682,0.9713709112727335,395056.98916912
2015-02-08 00:00:00+00:00,0.7306,-0.3687,0.9974513216859257,400691.3251373
2015-02-09 00:00:00+00:00,0.731,-0.3679,0.9894292713430616,469620.6572137
2015-02-10 00:00:00+00:00,0.7397,-0.3518,0.9989444751989544,460548.98509239
2015-02-11 00:00:00+00:00,0.7354,-0.3598,0.9893809342751283,465111.84793481
2015-02-12 00:00:00+00:00,0.7102,-0.408,0.9919602897221962,242003.09694175
2015-02-13 00:00:00+00:00,0.7311,-0.3678,0.9927272030547779,387973.6006348
2015-02-14 00:00:00+00:00,0.7509,-0.3318,0.9984442446723478,710996.97542622
2015-02-15 00:00:00+00:00,0.7354,-0.3598,0.9933861688014759,396195.65883429
2015-02-16 00:00:00+00:00,0.7302,-0.3693,0.9850770228911051,371331.38279547
2015-02-17 00:00:00+00:00,0.7312,-0.3676,0.9996447972975785,408786.79982914
2015-02-18 00:00:00+00:00,0.7294,-0.371,0.9795054247092643,333496.4714456
2015-02-19 00:00:00+00:00,0.7391,-0.353,0.9924876918923726,552611.57090368
2015-02-20 00:00:00+00:00,0.7909,-0.2643,1.0048837469106584,964997.71718256
2015-02-21 00:00:00+00:00,0.858,-0.1654,1.0069561229325013,1283554.94194251
2015-02-22 00:00:00+00:00,0.7806,-0.2811,1.0034015730995562,807037.16953432
2015-02-23 00:00:00+00:00,0.7955,-0.257,0.9930292535844998,959774.33551798
2015-02-24 00:00:00+00:00,0.8161,-0.2252,1.0002953146517504,1088027.42784299
2015-02-25 00:00:00+00:00,0.7912,-0.2638,0.9977936280897672,802644.97790401
2015-02-26 00:00:00+00:00,0.818,-0.2225,0.9999711305811333,1114742.18391467
2015-02-27 00:00:00+00:00,0.8305,-0.2041,1.0009317611550834,1169360.0881013
2015-02-28 00:00:00+00:00,0.8321,-0.2017,1.001099745714753,1176053.24923773
2015-03-01 00:00:00+00:00,0.801,-0.2484,0.9948288034606789,775922.70579169
2015-03-02 00:00:00+00:00,0.8147,-0.2274,0.9948774084026072,1050197.53860072
2015-03-03 00:00:00+00:00,0.8171,-0.2238,0.9974524212951577,1123109.5684741
2015-03-04 00:00:00+00:00,0.8142,-0.2281,0.997353377958556,1000490.66115165
2015-03-05 00:00:00+00:00,0.8115,-0.2323,0.9979979390530848,863674.73069607
2015-03-06 00:00:00+00:00,0.8681,-0.1519,1.005461415659119,1518930.44772968
2015-03-07 00:00:00+00:00,0.8626,-0.1592,1.0014134769208924,1514849.35028498
2015-03-08 00:00:00+00:00,0.8815,-0.1344,1.0009014281789097,1556857.62584466
2015-03-09 00:00:00+00:00,0.9335,-0.0711,1.003878624806211,1836204.9068192
2015-03-10 00:00:00+00:00,0.9552,-0.0469,1.0112835300065615,1856874.3291564
2015-03-11 00:00:00+00:00,0.9216,-0.085,1.006360217306932,1595182.83120174
2015-03-12 00:00:00+00:00,0.9495,-0.0531,0.9959867434583488,1841085.38561412
2015-03-13 00:00:00+00:00,0.9319,-0.0731,1.0022397405756513,1711105.18294448
2015-03-14 00:00:00+00:00,0.9462,-0.0568,0.9983571220968006,1929631.86733911
2015-03-15 00:00:00+00:00,0.947,-0.0559,0.9972277844941546,1935378.91390786
2015-03-16 00:00:00+00:00,0.9907,-0.0093,0.9825147385138694,2259707.62135186
2015-03-17 00:00:00+00:00,1.0072,0.0071,1.0075234408020466,2443018.9145714
2015-03-18 00:00:00+00:00,1.016,0.0157,1.015375782881866,2628759.16340708
2015-03-19 00:00:00+00:00,1.0106,0.0105,1.0250659049157649,2585273.768708
2015-03-20 00:00:00+00:00,0.9849,-0.0153,1.0018840106424756,1793580.42130113
2015-03-21 00:00:00+00:00,0.9765,-0.024,0.9993374553111806,1657117.37726426
2015-03-22 00:00:00+00:00,0.9846,-0.0156,1.0014259933558016,1895738.98552143
2015-03-23 00:00:00+00:00,0.9962,-0.0037,0.9963864604756495,2128331.17919373
2015-03-24 00:00:00+00:00,0.9834,-0.0168,1.0028444912141323,1760815.29479322
2015-03-25 00:00:00+00:00,0.8856,-0.1292,0.994474473231492,1050979.23863887
2015-03-26 00:00:00+00:00,0.9089,-0.1002,0.99115294290566,1198310.11153624
2015-03-27 00:00:00+00:00,0.9119,-0.0966,0.9959356012500855,1257242.9591788
2015-03-28 00:00:00+00:00,0.9053,-0.1046,0.9951968549068808,1187996.8603784
2015-03-29 00:00:00+00:00,0.932,-0.0729,0.9971574542303606,1410604.76678482
2015-03-30 00:00:00+00:00,0.9253,-0.0807,0.9977785564136363,1310889.57935274
2015-03-31 00:00:00+00:00,0.8668,-0.1536,0.991327625239777,882970.36355844
2015-04-01 00:00:00+00:00,0.8583,-0.165,0.9928402759352688,814015.45821422
2015-04-02 00:00:00+00:00,0.8797,-0.1367,0.9924459708540015,1042175.12002428
2015-04-03 00:00:00+00:00,0.8726,-0.146,0.9968224279864166,922218.9099507
2015-04-04 00:00:00+00:00,0.8831,-0.1323,0.9965046152732391,1211506.23913159
2015-04-05 00:00:00+00:00,0.8544,-0.1704,0.9951156522073277,710405.07404428
2015-04-06 00:00:00+00:00,0.8762,-0.1413,0.9892905013391774,1022709.4383057
2015-04-07 00:00:00+00:00,0.8624,-0.1595,0.9944657795330388,842632.273347
2015-04-08 00:00:00+00:00,0.8707,-0.1485,0.9940538277228816,1023611.1979818
2015-04-09 00:00:00+00:00,0.8911,-0.1222,0.9988621834437524,1423490.4188529
2015-04-10 00:00:00+00:00,0.8997,-0.1115,1.0018334248107084,1492669.91146505
2015-04-11 00:00:00+00:00,0.9,-0.1111,0.9996910819838596,1498844.85987996
2015-04-12 00:00:00+00:00,0.9193,-0.0878,1.0028332220120297,1621588.83863329
2015-04-13 00:00:00+00:00,0.9122,-0.0962,1.0024408834179626,1505684.03714557
2015-04-14 00:00:00+00:00,0.9032,-0.1071,0.999040485422772,1465836.36903607
2015-04-15 00:00:00+00:00,0.8758,-0.1418,0.9953635728532815,928443.4132026
2015-04-16 00:00:00+00:00,0.8679,-0.1522,0.993085254767071,725221.60319911
2015-04-17 00:00:00+00:00,0.8438,-0.185,0.9913526325995792,483135.23882381
2015-04-18 00:00:00+00:00,0.8534,-0.1717,0.9935737788671006,698685.53105988
2015-04-19 00:00:00+00:00,0.8549,-0.1696,0.9961030396960009,705295.77670667
2015-04-20 00:00:00+00:00,0.8117,-0.2319,0.9876969724521976,297789.38161572
2015-04-21 00:00:00+00:00,0.7864,-0.2715,0.9861020619462948,137737.69051142
2015-04-22 00:00:00+00:00,0.8074,-0.2385,0.9893520285185468,396084.00130244
2015-04-23 00:00:00+00:00,0.8363,-0.1957,0.9976957440827802,644473.62661131
2015-04-24 00:00:00+00:00,0.8193,-0.2204,0.9939380630873929,470619.77501865
2015-04-25 00:00:00+00:00,0.8218,-0.2168,0.9967658794225599,513119.4729554
2015-04-26 00:00:00+00:00,0.8232,-0.2147,0.9989622994382279,461823.11891348
2015-04-27 00:00:00+00:00,0.826,-0.2106,0.9960381292318486,499832.24517001
2015-04-28 00:00:00+00:00,0.8646,-0.1565,0.9974659854914653,941063.48653189
2015-04-29 00:00:00+00:00,0.8631,-0.1586,1.000797772441942,830943.24535998
2015-04-30 00:00:00+00:00,0.8697,-0.1497,1.0009594464356955,1038659.38615952
2015-05-01 00:00:00+00:00,0.8594,-0.1636,0.9983887994530034,755267.72232907
2015-05-02 00:00:00+00:00,0.8433,-0.1858,0.9984918684172445,582379.23865825
2015-05-03 00:00:00+00:00,0.8172,-0.2236,0.9937355793074759,258653.79907651
2015-05-04 00:00:00+00:00,0.8541,-0.1708,0.9951036165093554,782489.40907375
2015-05-05 00:00:00+00:00,0.8458,-0.1823,0.9996815425092694,639451.16166529
2015-05-06 00:00:00+00:00,0.8554,-0.1689,0.9975818816946459,852887.45298167
2015-05-07 00:00:00+00:00,0.8953,-0.1169,1.001853425539649,1399862.54042997
2015-05-08 00:00:00+00:00,0.8848,-0.1302,1.0008666779068212,985458.36881467
2015-05-09 00:00:00+00:00,0.8892,-0.1245,0.9996137452100157,1235428.92388718
2015-05-10 00:00:00+00:00,0.9143,-0.0937,1.0033471675400973,1491977.48024482
2015-05-11 00:00:00+00:00,0.9087,-0.1004,1.0017651686502713,1319011.33902197
2015-05-12 00:00:00+00:00,0.9023,-0.1083,0.9991095080635347,1149069.97062509
2015-05-13 00:00:00+00:00,0.8825,-0.1331,0.9991268614644455,673078.1664208
2015-05-14 00:00:00+00:00,0.9191,-0.088,0.9979090494921133,1450463.11096814
2015-05-15 00:00:00+00:00,0.9494,-0.0533,1.0018965291143267,1718737.22591034
2015-05-16 00:00:00+00:00,0.9432,-0.0602,1.0020199451896468,1638210.59395614
2015-05-17 00:00:00+00:00,0.9335,-0.0712,1.0009738235887764,1478763.95360607
2015-05-18 00:00:00+00:00,0.9404,-0.0633,1.000428279391821,1560114.73940339
2015-05-19 00:00:00+00:00,0.9427,-0.0608,0.9998429024711506,1599478.05662061
2015-05-20 00:00:00+00:00,0.9245,-0.0816,1.0007243192593085,1155249.09076205
2015-05-21 00:00:00+00:00,0.9266,-0.0791,0.9967013008739254,1267793.87738523
2015-05-22 00:00:00+00:00,0.9285,-0.077,0.9987665475303551,1366011.67642399
2015-05-23 00:00:00+00:00,0.9275,-0.0781,0.9997379707590727,1086065.21234505
2015-05-24 00:00:00+00:00,0.9286,-0.0768,0.9994285453788383,1120656.15119003
2015-05-25 00:00:00+00:00,0.9188,-0.0884,0.9988186364795864,741184.45529742
2015-05-26 00:00:00+00:00,0.9135,-0.0946,0.9964523415533035,713965.56783495
2015-05-27 00:00:00+00:00,0.9227,-0.0838,0.9992828474267889,876822.60841802
2015-05-28 00:00:00+00:00,0.9269,-0.0788,0.9997895379556345,1150823.28348213
2015-05-29 00:00:00+00:00,0.9453,-0.0578,0.9996617882497468,1623008.25623595
2015-05-30 00:00:00+00:00,0.9472,-0.0557,1.000325872947492,1489626.02758336
2015-05-31 00:00:00+00:00,0.9545,-0.0476,1.0006567330859217,1766327.35649999
2015-06-01 00:00:00+00:00,0.9389,-0.065,1.000051317410946,1043407.7270279
2015-06-02 00:00:00+00:00,0.9426,-0.0608,0.998436017846124,1129016.21845372
2015-06-03 00:00:00+00:00,0.9357,-0.0687,0.9980302825930917,935491.55719122
2015-06-04 00:00:00+00:00,0.9472,-0.0557,0.9981598875753883,1566453.8678241
2015-06-05 00:00:00+00:00,0.9481,-0.0547,0.9989958036362806,1233792.19593508
2015-06-06 00:00:00+00:00,0.9317,-0.0732,0.9984172836909123,661792.12938849
2015-06-07 00:00:00+00:00,0.9224,-0.0841,0.9977378350358991,532243.52008351
2015-06-08 00:00:00+00:00,0.8978,-0.1138,0.9940411694129947,317405.90474564
2015-06-09 00:00:00+00:00,0.9123,-0.096,0.9948920387217192,641215.71806418
2015-06-10 00:00:00+00:00,0.917,-0.0905,0.9960665820335869,696229.31169631
2015-06-11 00:00:00+00:00,0.9077,-0.1016,0.9983084895680459,414931.89338662
2015-06-12 00:00:00+00:00,0.9098,-0.0991,0.9986365195932736,522938.88236297
2015-06-13 00:00:00+00:00,0.9115,-0.0971,0.9993118196294449,567484.62505896
2015-06-14 00:00:00+00:00,0.9171,-0.0904,0.9985930585388704,361761.47213951
2015-06-15 00:00:00+00:00,0.9391,-0.0648,0.998806751012866,1036256.90022316
2015-06-16 00:00:00+00:00,0.9415,-0.0621,1.0010789179238766,956340.87335632
2015-06-17 00:00:00+00:00,0.9412,-0.0625,0.9988883263092609,956583.65485949
2015-06-18 00:00:00+00:00,0.9432,-0.0602,0.9998460144761656,1004036.12624733
2015-06-19 00:00:00+00:00,0.9446,-0.0586,0.9996424168229587,1089556.0590898
2015-06-20 00:00:00+00:00,0.9518,-0.0506,1.0002000885237317,1284305.57044148
2015-06-21 00:00:00+00:00,0.9491,-0.0536,1.0008131442250165,1247599.711269
2015-06-22 00:00:00+00:00,0.9668,-0.0342,1.0017418587697857,1707302.96312764
2015-06-23 00:00:00+00:00,1.0053,0.0052,1.0043437692511612,2394737.1535102
2015-06-24 00:00:00+00:00,1.0041,0.0041,1.0049307755705257,2179577.57564484
2015-06-25 00:00:00+00:00,1.0088,0.0087,1.0029088279606002,2289395.49780703
2015-06-26 00:00:00+00:00,0.9954,-0.0045,1.003744331536577,1951535.82468621
2015-06-27 00:00:00+00:00,0.9907,-0.0093,0.9989470739536305,1918470.91259752
2015-06-28 00:00:00+00:00,0.9815,-0.0188,1.0002147754147241,1752422.99823264
2015-06-29 00:00:00+00:00,1.0029,0.0028,1.0021137706227434,2269974.13320527
2015-06-30 00:00:00+00:00,0.9884,-0.0117,1.0006843451398484,1827822.07909166
2015-07-01 00:00:00+00:00,0.9696,-0.0313,0.9993403258320563,1495163.8943716
2015-07-02 00:00:00+00:00,0.9791,-0.0213,0.9988125187572399,1643622.9373081
2015-07-03 00:00:00+00:00,0.9809,-0.0195,0.9996536162916889,1811777.42735709
2015-07-04 00:00:00+00:00,1.0143,0.014,1.001673476800676,2548188.52110161
2015-07-05 00:00:00+00:00,1.0046,0.0046,1.0031834952111578,2327824.10902058
2015-07-06 00:00:00+00:00,1.0301,0.0292,1.0046413445645486,2712307.00101747
2015-07-07 00:00:00+00:00,1.0547,0.0518,1.0078540354426921,2598775.22939046
2015-07-08 00:00:00+00:00,1.0331,0.032,1.0017776950864816,2497363.98916345
2015-07-09 00:00:00+00:00,1.0188,0.0184,1.0004875624554639,2382320.61132472
2015-07-10 00:00:00+00:00,1.027,0.0262,1.000043889013494,2505898.95173145
2015-07-11 00:00:00+00:00,1.0392,0.0377,1.0013949835268896,2613095.14001144
2015-07-12 00:00:00+00:00,1.0767,0.0712,1.0064309226404515,2744281.14834392
2015-07-13 00:00:00+00:00,1.0803,0.0743,1.0086527885199028,2648887.94754134
2015-07-14 00:00:00+00:00,1.0536,0.0508,1.0021826162185847,2420894.46016378
2015-07-15 00:00:00+00:00,1.064,0.0601,1.0028877536437173,2577299.38731299
2015-07-16 00:00:00+00:00,1.0641,0.0602,1.002957925759646,2613048.11143819
2015-07-17 00:00:00+00:00,1.1208,0.1078,1.0080246593899895,2999165.70768845
2015-07-18 00:00:00+00:00,1.1442,0.126,1.0094103364085618,3178705.79149195
2015-07-19 00:00:00+00:00,1.2009,0.1672,1.0127549063391328,3372360.33126586
2015-07-20 00:00:00+00:00,1.1315,0.1162,1.0003472933055813,3032243.9814548
2015-07-21 00:00:00+00:00,1.1183,0.1057,1.0052765378680877,2803015.59716275
2015-07-22 00:00:00+00:00,1.1217,0.1084,1.0044151359192357,2819264.56903215
2015-07-23 00:00:00+00:00,1.0694,0.0648,0.9995468220518586,2494422.63183921
2015-07-24 00:00:00+00:00,1.0752,0.0699,0.9995471931432754,2618610.68236493
2015-07-25 00:00:00+00:00,1.0712,0.0664,0.9999814362843829,2464642.09573268
2015-07-26 00:00:00+00:00,1.0629,0.0591,0.999050390513428,2398346.70264733
2015-07-27 00:00:00+00:00,1.0725,0.0675,1.0008032739629127,2630788.83331206
2015-07-28 00:00:00+00:00,1.0716,0.0667,1.002013798187243,2537755.72243261
2015-07-29 00:00:00+00:00,1.0632,0.0594,1.0004908155151293,2421608.29460474
2015-07-30 00:00:00+00:00,1.0606,0.0571,1.0024484773022184,2302180.05967893
2015-07-31 00:00:00+00:00,1.1051,0.0951,1.0043913147471317,2920827.92316837
2015-08-01 00:00:00+00:00,1.1021,0.0926,1.0067999463216377,2854899.45614907
2015-08-02 00:00:00+00:00,1.114,0.1023,1.0063437381331324,3069524.3493356
2015-08-03 00:00:00+00:00,1.1239,0.1102,1.0047881825740914,3341094.82701759
2015-08-04 00:00:00+00:00,1.1214,0.1082,1.0051521721849348,3328132.81664527
2015-08-05 00:00:00+00:00,1.1058,0.0956,1.0020780971214436,2854880.41438803
2015-08-06 00:00:00+00:00,1.092,0.0842,1.0003483726912474,2520553.80611223
2015-08-07 00:00:00+00:00,1.0821,0.0758,1.0005759916888863,2454008.89648561
2015-08-08 00:00:00+00:00,1.0703,0.0657,0.9982600791553332,2310438.44824357
2015-08-09 00:00:00+00:00,1.0707,0.0659,0.9990212649065789,2330248.36872864
2015-08-10 00:00:00+00:00,1.0784,0.0726,1.0007486225275783,2343746.34374421
2015-08-11 00:00:00+00:00,1.0819,0.0756,1.0008603686770055,2595727.66046751
2015-08-12 00:00:00+00:00,1.0716,0.0668,0.9999491919587571,2161615.04186084
2015-08-13 00:00:00+00:00,1.0597,0.0563,0.9989784539523244,1909177.45621248
2015-08-14 00:00:00+00:00,1.063,0.0592,0.9995379653287245,2122024.13126788
2015-08-15 00:00:00+00:00,1.0228,0.0222,1.0062812373385523,1554927.49500198
2015-08-16 00:00:00+00:00,1.0167,0.0164,0.9951303362835717,1563077.31736907
2015-08-17 00:00:00+00:00,1.0133,0.013,0.9958576556104918,1527223.98635177
2015-08-18 00:00:00+00:00,1.0309,0.03,0.9975438543078473,2002381.07161282
2015-08-19 00:00:00+00:00,1.0359,0.0346,1.0002197771878565,2075703.4309462
2015-08-20 00:00:00+00:00,1.023,0.0224,0.9981726160312351,1581487.72872337
2015-08-21 00:00:00+00:00,1.0274,0.0266,0.9965913528927614,1946458.74943547
2015-08-22 00:00:00+00:00,1.0172,0.0169,0.9985396623004007,1421546.05409045
2015-08-23 00:00:00+00:00,0.9956,-0.0043,0.9956690562644256,1365501.19180681
2015-08-24 00:00:00+00:00,0.9964,-0.0036,0.9977552438445279,1409292.4237628
2015-08-25 00:00:00+00:00,0.9757,-0.0248,0.9959256988254899,1201458.46181738
2015-08-26 00:00:00+00:00,0.8857,-0.129,0.9845406261487911,210963.59546203
2015-08-27 00:00:00+00:00,0.9252,-0.0808,0.9906912979524056,903539.74808124
2015-08-28 00:00:00+00:00,0.9243,-0.0819,0.9941347262352712,738431.65990843
2015-08-29 00:00:00+00:00,0.9165,-0.0911,0.9921116916841295,457998.46449345
2015-08-30 00:00:00+00:00,0.9072,-0.1023,0.9957333487834863,341383.51033978
2015-08-31 00:00:00+00:00,0.996,-0.0039,1.0015887864408783,1712637.88158887
2015-09-01 00:00:00+00:00,0.8845,-0.1305,0.9962044668425943,158091.72110516
2015-09-02 00:00:00+00:00,0.9068,-0.1027,0.9925068674269972,468250.95801675
2015-09-03 00:00:00+00:00,0.9072,-0.1022,0.9988436920970754,506378.81105024
2015-09-04 00:00:00+00:00,0.9364,-0.0679,0.9960201814141959,923979.67583961
2015-09-05 00:00:00+00:00,0.921,-0.0857,0.9951906753851185,772524.0939884
2015-09-06 00:00:00+00:00,0.9191,-0.0879,0.995840268502744,645339.65398071
2015-09-07 00:00:00+00:00,0.9254,-0.0806,0.997176225867541,897188.84994712
2015-09-08 00:00:00+00:00,0.9198,-0.0872,0.9969790947926632,575806.85093407
2015-09-09 00:00:00+00:00,0.9254,-0.0806,0.9978852118906547,852183.16909543
2015-09-10 00:00:00+00:00,0.9174,-0.09,0.9966540460386938,394596.15543227
2015-09-11 00:00:00+00:00,0.9365,-0.0678,0.9996100075529442,1206660.8366641
2015-09-12 00:00:00+00:00,1.0165,0.0162,1.0023063271038315,2149953.86020071
2015-09-13 00:00:00+00:00,0.9721,-0.0287,1.003894236799773,1799752.07633418
2015-09-14 00:00:00+00:00,0.9693,-0.0316,1.0027636290494917,1694909.60409664
2015-09-15 00:00:00+00:00,0.9799,-0.0205,1.0044689439119487,1842042.79928307
2015-09-16 00:00:00+00:00,0.9608,-0.0407,0.9998381868811583,1321608.09506568
2015-09-17 00:00:00+00:00,0.9662,-0.035,0.998982169670947,1464050.36298344
2015-09-18 00:00:00+00:00,0.9678,-0.0333,0.9996010076696881,1745150.7129484
2015-09-19 00:00:00+00:00,0.9492,-0.0535,0.9980395473398788,1097093.50868864
2015-09-20 00:00:00+00:00,0.9241,-0.0821,0.9944265872142265,541691.39160198
2015-09-21 00:00:00+00:00,0.9321,-0.0728,0.9950915634621202,784676.31992308
2015-09-22 00:00:00+00:00,0.9274,-0.0783,0.9967058134482834,626770.81461982
2015-09-23 00:00:00+00:00,0.9237,-0.0825,0.9976307738140004,429199.36374907
2015-09-24 00:00:00+00:00,0.9401,-0.0636,0.9992689998847766,1072543.50456681
2015-09-25 00:00:00+00:00,0.9461,-0.0569,1.0000281471358707,1147194.43526191
2015-09-26 00:00:00+00:00,0.9374,-0.0667,0.998730512141736,863478.3799263
2015-09-27 00:00:00+00:00,0.93,-0.0752,0.9983804719120842,732250.96085514
2015-09-28 00:00:00+00:00,0.9204,-0.0865,0.9967920471339049,323627.53223191
2015-09-29 00:00:00+00:00,0.9312,-0.0739,0.9979654515145964,840000.67434816
2015-09-30 00:00:00+00:00,0.9309,-0.0742,0.9993267068099886,670825.68716023
2015-10-01 00:00:00+00:00,0.9507,-0.0518,1.0005546040618523,1356232.12277798
2015-10-02 00:00:00+00:00,0.9516,-0.0508,1.001500133752248,1345890.34567179
2015-10-03 00:00:00+00:00,0.9514,-0.0511,0.9994148557322947,1315659.18287099
2015-10-04 00:00:00+00:00,0.9428,-0.0607,0.9985339385977752,1059883.21263906
2015-10-05 00:00:00+00:00,0.9693,-0.0317,1.0017816600998792,1751553.43419978
2015-10-06 00:00:00+00:00,0.9619,-0.0395,1.0008832460024093,1448102.24330604
2015-10-07 00:00:00+00:00,0.9616,-0.0398,1.0002064592190432,1431386.48092214
2015-10-08 00:00:00+00:00,0.9636,-0.0377,0.998921242205853,1623602.77415771
2015-10-09 00:00:00+00:00,0.9628,-0.0386,1.0001655348819372,1559371.81431542
2015-10-10 00:00:00+00:00,0.9716,-0.0292,1.0018815365731595,1779942.35222598
2015-10-11 00:00:00+00:00,0.969,-0.0319,1.0007124661656341,1595427.03992822
2015-10-12 00:00:00+00:00,0.9722,-0.0286,1.0002832426940156,1906942.36043446
2015-10-13 00:00:00+00:00,0.9972,-0.0028,1.0035161623836883,2152858.45913006
2015-10-14 00:00:00+00:00,0.9855,-0.0147,1.0019511016517282,1813759.5154936
2015-10-15 00:00:00+00:00,0.9825,-0.0177,1.0003957359273712,1709221.89347128
2015-10-16 00:00:00+00:00,0.9901,-0.0099,1.0009372503553182,2009104.04395696
2015-10-17 00:00:00+00:00,0.992,-0.008,1.0011410119933384,2128772.2719029
2015-10-18 00:00:00+00:00,1.0027,0.0026,1.0018043044101268,2214827.7677957
2015-10-19 00:00:00+00:00,0.9915,-0.0085,1.0008591049072018,1982366.78747741
2015-10-20 00:00:00+00:00,1.0027,0.0026,1.0024441620695264,2166362.4746531
2015-10-21 00:00:00+00:00,1.0187,0.0183,1.003290804368243,2336577.86807513
2015-10-22 00:00:00+00:00,1.0198,0.0193,1.0027528647587,2299157.94900013
2015-10-23 00:00:00+00:00,1.0489,0.0466,1.0059555687534685,2382713.07650345
2015-10-24 00:00:00+00:00,1.0735,0.0685,1.0072173280726064,2745403.25983715
2015-10-25 00:00:00+00:00,1.045,0.043,1.0026631258354703,2207453.73790117
2015-10-26 00:00:00+00:00,1.0454,0.0434,1.003341974828078,2280215.64914357
2015-10-27 00:00:00+00:00,1.0659,0.0618,1.0062081144467911,2742034.9352367
2015-10-28 00:00:00+00:00,1.0617,0.0581,1.004036768169161,2629857.09094353
2015-10-29 00:00:00+00:00,1.0831,0.0767,1.0058690699107757,2814639.68383063
2015-10-30 00:00:00+00:00,1.0919,0.0841,1.007195011118115,2912684.81523167
2015-10-31 00:00:00+00:00,1.0922,0.0843,1.0047022899144267,2912357.84124395
2015-11-01 00:00:00+00:00,1.1194,0.1066,1.0109638621557697,2927202.28585808
2015-11-02 00:00:00+00:00,1.1081,0.0975,1.0032731224481468,2972709.66415631
2015-11-03 00:00:00+00:00,1.1379,0.1211,1.0085611065019144,3204525.48436702
2015-11-04 00:00:00+00:00,1.1482,0.129,1.0094782043381287,3230744.51347302
2015-11-05 00:00:00+00:00,1.1784,0.1514,1.0115926830091608,3444521.9558658
2015-11-06 00:00:00+00:00,1.2081,0.1722,1.0156345826194622,3336660.52238145
2015-11-07 00:00:00+00:00,1.1454,0.1269,1.006300281629566,2902942.19798055
2015-11-08 00:00:00+00:00,1.1997,0.1664,1.0037145572358483,3434957.95875769
2015-11-09 00:00:00+00:00,1.3127,0.2381,1.014901611908136,3501376.67172186
2015-11-10 00:00:00+00:00,1.3905,0.2808,1.0221606606644444,3499275.57664072
2015-11-11 00:00:00+00:00,1.3691,0.2695,1.0117957528618027,3104071.44746606
2015-11-12 00:00:00+00:00,1.3222,0.2436,1.004884889937889,3256094.22821332
2015-11-13 00:00:00+00:00,1.2141,0.1763,0.9958033032822095,2726439.69760732
2015-11-14 00:00:00+00:00,1.248,0.1987,1.0038654125151454,2964804.48892581
2015-11-15 00:00:00+00:00,1.2399,0.1934,1.0017306716065328,2877388.67946335
2015-11-16 00:00:00+00:00,1.2238,0.1828,0.9994198741161797,2946030.07802787
2015-11-17 00:00:00+00:00,1.0837,0.0772,0.9935894049314049,2334781.32175392
2015-11-18 00:00:00+00:00,1.02,0.0196,0.9872985422183158,2172156.87422193
2015-11-19 00:00:00+00:00,1.0734,0.0683,0.9966232034109253,2567093.8968785
2015-11-20 00:00:00+00:00,1.0956,0.0872,0.9994701409823086,2706587.52443631
2015-11-21 00:00:00+00:00,1.0885,0.0812,0.9998034533676389,2620637.17875479
2015-11-22 00:00:00+00:00,1.0556,0.0526,0.9984947612367121,2253840.98760862
2015-11-23 00:00:00+00:00,1.0851,0.0784,0.99589644552587,2672695.490159
2015-11-24 00:00:00+00:00,1.0915,0.0838,1.01068826877065,2835811.25970094
2015-11-25 00:00:00+00:00,1.0896,0.0822,1.0019741260988713,2874561.5522971
2015-11-26 00:00:00+00:00,1.0641,0.0602,0.9996111684341711,2192671.27154194
2015-11-27 00:00:00+00:00,1.0431,0.0412,0.9970855296749616,2137953.4846668
2015-11-28 00:00:00+00:00,1.0543,0.0515,0.9992202807779184,2261089.40194008
2015-11-29 00:00:00+00:00,1.0521,0.0495,0.9992319195758165,2211165.61700408
2015-11-30 00:00:00+00:00,1.0516,0.049,0.9992081462620772,2276779.29109411
2015-12-01 00:00:00+00:00,1.0408,0.0391,0.9984932281290698,1990352.32191827
2015-12-02 00:00:00+00:00,1.0633,0.0594,0.999493397637671,2559254.89321204
2015-12-03 00:00:00+00:00,1.1346,0.1186,1.0069127796786752,3030925.3431793
2015-12-04 00:00:00+00:00,1.1518,0.1318,1.00799179602519,3084241.8521127
2015-12-05 00:00:00+00:00,1.14,0.1227,1.0021900464811404,2927142.66474154
2015-12-06 00:00:00+00:00,1.162,0.1393,1.0049712692548685,3214973.42341812
2015-12-07 00:00:00+00:00,1.1904,0.1599,1.0112967581602978,3269723.3451497
2015-12-08 00:00:00+00:00,1.1444,0.1262,1.0026842142600825,2872706.99068798
2015-12-09 00:00:00+00:00,1.1317,0.1163,1.0008773487039906,2722772.29825599
2015-12-10 00:00:00+00:00,1.1388,0.1219,1.001716964935289,2848283.29404702
2015-12-11 00:00:00+00:00,1.1401,0.1228,1.0004009997897036,3040870.53509424
2015-12-12 00:00:00+00:00,1.201,0.1673,1.0027943913889785,3504776.42081234
2015-12-13 00:00:00+00:00,1.2186,0.1793,1.0034457187139143,3469904.37648213
2015-12-14 00:00:00+00:00,1.214,0.1762,1.0053745120209086,3411491.01403147
2015-12-15 00:00:00+00:00,1.2178,0.1788,1.004178537621891,3677141.13391666
2015-12-16 00:00:00+00:00,1.2596,0.206,1.0083339542390264,3608445.31386395
2015-12-17 00:00:00+00:00,1.2526,0.2016,1.0042242295908137,3499827.42764516
2015-12-18 00:00:00+00:00,1.3408,0.2541,1.006796207481073,3825286.88165865
2015-12-19 00:00:00+00:00,1.2669,0.2106,1.0033310670002362,3613346.52657737
2015-12-20 00:00:00+00:00,1.2881,0.2236,1.001951305901436,3719522.02818093
2015-12-21 00:00:00+00:00,1.2913,0.2255,1.0039906684234357,3668296.48179346
2015-12-22 00:00:00+00:00,1.3358,0.2513,1.0061326292473831,3875399.63108716
2015-12-23 00:00:00+00:00,1.3123,0.2379,1.0029092141365223,3559921.31019134
2015-12-24 00:00:00+00:00,1.3065,0.2345,1.0030075261806153,3639326.00646719
2015-12-25 00:00:00+00:00,1.3161,0.2402,1.0021255869224528,3887075.96311385
2015-12-26 00:00:00+00:00,1.3091,0.2361,1.0020772365940709,3831752.41737659
2015-12-27 00:00:00+00:00,1.2467,0.1978,1.0012872638505346,3116379.69244041
2015-12-28 00:00:00+00:00,1.2329,0.1888,0.9994216496462441,3094650.62948756
2015-12-29 00:00:00+00:00,1.2311,0.1876,1.0005772121791163,3048181.73037243
2015-12-30 00:00:00+00:00,1.2408,0.194,1.0015748253574805,3481898.12101458
2015-12-31 00:00:00+00:00,1.2711,0.2132,1.0032323516654313,3432718.17448664
2016-01-01 00:00:00+00:00,1.2684,0.2115,1.0012989538956034,3582300.67751235
2016-01-02 00:00:00+00:00,1.1594,0.1374,0.9995078527825149,2682897.82076791
2016-01-03 00:00:00+00:00,1.1743,0.1484,0.9943553739491645,2872638.55340143
2016-01-04 00:00:00+00:00,1.1704,0.1456,0.999328169778698,2763955.14229076
2016-01-05 00:00:00+00:00,1.195,0.1631,1.0001392439591252,3058110.38418174
2016-01-06 00:00:00+00:00,1.1854,0.1564,1.0006684581689032,2961776.32876525
2016-01-07 00:00:00+00:00,1.1939,0.1624,1.0062573262041863,3103035.30089371
2016-01-08 00:00:00+00:00,1.1979,0.1652,1.0037626470358207,3166136.38681775
2016-01-09 00:00:00+00:00,1.1951,0.1632,1.00070661583824,3151176.80529618
2016-01-10 00:00:00+00:00,1.1813,0.1534,1.0060902494169472,2913718.58145087
2016-01-11 00:00:00+00:00,1.1918,0.1609,1.0042472131139408,3212798.77038535
2016-01-12 00:00:00+00:00,1.1857,0.1566,1.0024044345673084,3161363.1154433
2016-01-13 00:00:00+00:00,1.1749,0.1488,1.0023651169674763,2928733.52997018
2016-01-14 00:00:00+00:00,1.2317,0.188,1.0075629650685816,3674423.16382177
2016-01-15 00:00:00+00:00,1.215,0.1769,1.0055340250655713,3315441.08304831
2016-01-16 00:00:00+00:00,1.2117,0.1747,1.0044773947863956,3295721.22277812
2016-01-17 00:00:00+00:00,1.1941,0.1625,1.0070909859750132,3227711.68746311
2016-01-18 00:00:00+00:00,1.1902,0.1597,1.00558804361825,3315710.28897402
2016-01-19 00:00:00+00:00,1.185,0.156,1.0060353318706567,3138793.50157183
2016-01-20 00:00:00+00:00,1.143,0.1251,0.9963280036890573,2449773.77192791
2016-01-21 00:00:00+00:00,1.1439,0.1257,0.9991466176186884,2579363.86050535
2016-01-22 00:00:00+00:00,1.0321,0.0311,0.9893058242993462,1727991.62586553
2016-01-23 00:00:00+00:00,1.0263,0.0255,0.9854263598620904,1871526.1705897
2016-01-24 00:00:00+00:00,1.0256,0.0249,0.9999155867444741,1808783.11794467
2016-01-25 00:00:00+00:00,1.0282,0.0273,0.9988851985160287,2017189.39422275
2016-01-26 00:00:00+00:00,1.018,0.0176,0.9995239383286739,1738361.03435176
2016-01-27 00:00:00+00:00,1.0868,0.0798,1.0012137814257625,2349257.81179058
2016-01-28 00:00:00+00:00,1.0825,0.0762,1.0009812326381375,2222411.88784821
2016-01-29 00:00:00+00:00,1.0101,0.01,0.9987578316880794,1675153.41447511
2016-01-30 00:00:00+00:00,1.0318,0.0308,0.9998842060917273,2067528.01645669
2016-01-31 00:00:00+00:00,1.0643,0.0603,1.0001042042589996,2356070.48303792
2016-02-01 00:00:00+00:00,1.037,0.0356,1.0001898925520099,1979048.66678397
2016-02-02 00:00:00+00:00,1.0359,0.0346,1.0000747504878058,1833183.11585276
2016-02-03 00:00:00+00:00,1.039,0.0375,0.9999733896917151,2175956.49822631
2016-02-04 00:00:00+00:00,1.0064,0.0063,0.9984556123547998,1417989.29065098
2016-02-05 00:00:00+00:00,0.9971,-0.0029,0.9971852246108371,1434728.15393558
2016-02-06 00:00:00+00:00,0.9961,-0.0039,0.9994958999317018,1347298.34367167
2016-02-07 00:00:00+00:00,0.9994,-0.0005,0.9973016233883162,1464669.70190192
2016-02-08 00:00:00+00:00,0.9866,-0.0135,0.9964694115518646,1130844.16417178
2016-02-09 00:00:00+00:00,0.9928,-0.0072,0.9983325266938794,1212335.24872529
2016-02-10 00:00:00+00:00,0.9824,-0.0179,0.9951754502596785,977516.85380369
2016-02-11 00:00:00+00:00,1.0287,0.0279,1.0008942565772794,2460659.34360758
2016-02-12 00:00:00+00:00,1.0223,0.0218,1.001049250236998,2179641.75945365
2016-02-13 00:00:00+00:00,0.9964,-0.0036,0.9980994078778391,1512472.80800117
2016-02-14 00:00:00+00:00,0.996,-0.004,0.9991222358560351,1645326.92566239
2016-02-15 00:00:00+00:00,0.9877,-0.0124,0.998271318777327,1096834.31371514
2016-02-16 00:00:00+00:00,0.9911,-0.0089,0.9980637422122168,1272869.47964774
2016-02-17 00:00:00+00:00,1.0074,0.0073,1.000449293140381,2205030.23665445
2016-02-18 00:00:00+00:00,1.0001,0.0,0.999526312193215,1799411.22788717
2016-02-19 00:00:00+00:00,1.0136,0.0134,1.000643286685084,2409258.85847115
2016-02-20 00:00:00+00:00,1.0275,0.0267,1.0013628018425664,2690441.34204967
2016-02-21 00:00:00+00:00,1.0584,0.0551,1.0031082734025838,3182482.3592204
2016-02-22 00:00:00+00:00,1.0518,0.0492,1.0025176060767131,2873203.34978224
2016-02-23 00:00:00+00:00,1.0635,0.0597,1.003150126827703,3238384.01509433
2016-02-24 00:00:00+00:00,1.087,0.08,1.0030316075569667,3335040.88777851
2016-02-25 00:00:00+00:00,1.0924,0.0846,1.0019179578254993,3427334.9500777
2016-02-26 00:00:00+00:00,1.0849,0.0782,1.0020399905704527,3243817.28203132
2016-02-27 00:00:00+00:00,1.1343,0.1183,1.002876286805712,3803918.40399283
2016-02-28 00:00:00+00:00,1.1231,0.1096,1.0020478317970514,3650953.4098952
2016-02-29 00:00:00+00:00,1.1201,0.1072,1.001854645834497,3696785.21224851
2016-03-01 00:00:00+00:00,1.0769,0.0714,0.9998834636870972,2998813.58846637
2016-03-02 00:00:00+00:00,1.0815,0.0753,1.0003289392424264,3176026.09362125
2016-03-03 00:00:00+00:00,1.0785,0.0727,1.0008373621719717,2959327.84141255
2016-03-04 00:00:00+00:00,1.0849,0.0782,1.0004629358306991,3402920.87081111
2016-03-05 00:00:00+00:00,1.0991,0.0901,1.0022655958187898,3498365.51775882
2016-03-06 00:00:00+00:00,1.0923,0.0845,1.00045999339868,3358945.82761024
2016-03-07 00:00:00+00:00,1.1011,0.0917,1.001437675509889,3461935.54889872
2016-03-08 00:00:00+00:00,1.0899,0.0824,1.0006837903821695,3382163.78694935
2016-03-09 00:00:00+00:00,1.0744,0.0692,1.0003262152348678,2828224.15683429
2016-03-10 00:00:00+00:00,1.058,0.0548,1.000238759468892,2564926.65571595
2016-03-11 00:00:00+00:00,1.0334,0.0323,1.0000617889869994,2087621.37546584
2016-03-12 00:00:00+00:00,1.0045,0.0045,0.9996693573499155,1927868.57075257
2016-03-13 00:00:00+00:00,1.0195,0.0191,0.9973250356950681,2174963.67326879
2016-03-14 00:00:00+00:00,1.0332,0.0321,0.9985490135041066,2599487.25614611
2016-03-15 00:00:00+00:00,1.0332,0.0321,1.0000735020393297,2605677.42166562
2016-03-16 00:00:00+00:00,1.0331,0.032,0.9997886352152228,2624524.72109207
2016-03-17 00:00:00+00:00,1.0414,0.0397,1.001268865304976,2910650.8761984
2016-03-18 00:00:00+00:00,1.0443,0.0424,1.001484546356578,2800544.87411733
2016-03-19 00:00:00+00:00,1.0265,0.0258,0.9995048728190998,2192840.10202836
2016-03-20 00:00:00+00:00,1.028,0.0271,0.999964427280897,2411923.88227749
2016-03-21 00:00:00+00:00,1.0296,0.0287,1.000224978661162,2520358.07574709
2016-03-22 00:00:00+00:00,1.036,0.0347,1.0006624865856335,2853780.69470178
2016-03-23 00:00:00+00:00,1.0355,0.0342,1.0000555798275668,2950737.15124081
2016-03-24 00:00:00+00:00,1.0385,0.037,1.0002500502345733,3170029.32410836
2016-03-25 00:00:00+00:00,1.0099,0.0098,0.9996886835278117,1887604.11006749
2016-03-26 00:00:00+00:00,1.0099,0.0097,0.9992004957262892,1884030.67944218
2016-03-27 00:00:00+00:00,1.0211,0.0206,1.0004536082146318,2297610.09241644
2016-03-28 00:00:00+00:00,1.0199,0.0195,0.9999881561706763,2318155.14427071
2016-03-29 00:00:00+00:00,1.0308,0.0298,1.0011776411110256,3021331.98297256
2016-03-30 00:00:00+00:00,1.0313,0.0303,1.0008442713473633,3122478.21474397
2016-03-31 00:00:00+00:00,1.028,0.0272,1.0007837523810257,2585192.88971934
2016-04-01 00:00:00+00:00,1.0273,0.0265,1.00015335779203,2938189.96841021
2016-04-02 00:00:00+00:00,1.0264,0.0257,1.0016015061911934,2919868.71949847
2016-04-03 00:00:00+00:00,1.047,0.0448,1.002211467130993,3624560.94282923
2016-04-04 00:00:00+00:00,1.035,0.0338,1.001940873269205,3414825.14215574
2016-04-05 00:00:00+00:00,1.0199,0.0195,0.9990620068730582,2311932.8755937
2016-04-06 00:00:00+00:00,1.0116,0.0114,0.9989665990132303,2119504.42689977
2016-04-07 00:00:00+00:00,1.0201,0.0196,1.0008899588423437,2626340.57768295
2016-04-08 00:00:00+00:00,1.02,0.0195,1.0000836900805983,2679931.05743503
2016-04-09 00:00:00+00:00,1.0239,0.0233,1.0001381657384916,3213941.57788924
2016-04-10 00:00:00+00:00,1.0211,0.0206,0.9998533331936581,2902011.04768537
2016-04-11 00:00:00+00:00,1.021,0.0206,1.0003252192768113,2974422.49770491
2016-04-12 00:00:00+00:00,1.0296,0.0287,1.0011910521622243,3390808.93056083
2016-04-13 00:00:00+00:00,1.0288,0.028,1.0014467085625773,3354658.88810985
2016-04-14 00:00:00+00:00,1.0267,0.0259,1.000572213100187,3075903.28221458
2016-04-15 00:00:00+00:00,1.0187,0.0184,1.0003313778376621,2594132.12866446
2016-04-16 00:00:00+00:00,1.0157,0.0155,0.9996433320168794,2346417.08293492
2016-04-17 00:00:00+00:00,1.0252,0.0245,1.0005271514626535,3315791.38516077
2016-04-18 00:00:00+00:00,1.0246,0.0239,1.000451899109729,3485585.39171823
2016-04-19 00:00:00+00:00,1.0342,0.033,1.0015342369993905,3726640.29824756
2016-04-20 00:00:00+00:00,1.03,0.029,1.0005951917931322,3445209.23475051
2016-04-21 00:00:00+00:00,1.0311,0.0301,1.0005978437679874,3622881.05441815
2016-04-22 00:00:00+00:00,1.0363,0.0349,1.0008250369894531,3773709.27161163
2016-04-23 00:00:00+00:00,1.0414,0.0397,1.0013366784961253,3868601.30976107
2016-04-24 00:00:00+00:00,1.0297,0.0288,1.0001213728774776,3464513.73620443
2016-04-25 00:00:00+00:00,1.0287,0.0279,1.0002258955117824,3487103.50825436
2016-04-26 00:00:00+00:00,1.0398,0.0382,1.0006849152653514,3897294.94329845
2016-04-27 00:00:00+00:00,1.061,0.0574,1.001856385498681,4142254.10251243
2016-04-28 00:00:00+00:00,1.0818,0.0756,1.0017648939223696,4238665.47843651
2016-04-29 00:00:00+00:00,1.0685,0.0641,1.000930736791049,4079548.03533059
2016-04-30 00:00:00+00:00,1.0767,0.0712,1.0007198478295594,4219292.48457567
2016-05-01 00:00:00+00:00,1.0938,0.0857,1.0027873217751895,4326199.64881763
2016-05-02 00:00:00+00:00,1.1063,0.0961,1.005975020537687,4376758.35997509
2016-05-03 00:00:00+00:00,1.1051,0.0951,1.0049840197258324,4355892.45161911
2016-05-04 00:00:00+00:00,1.0665,0.0623,1.0016129737802253,3616487.62079818
2016-05-05 00:00:00+00:00,1.0576,0.0544,0.9979716426211991,3811399.38751084
2016-05-06 00:00:00+00:00,1.0717,0.0669,1.0013205035436803,3930674.83048277
2016-05-07 00:00:00+00:00,1.0568,0.0537,1.0009226991530673,3483172.60834366
2016-05-08 00:00:00+00:00,1.0626,0.0589,1.0002656697083516,3844539.54655504
2016-05-09 00:00:00+00:00,1.0442,0.0423,0.9994876802455543,3286073.43737538
2016-05-10 00:00:00+00:00,1.0605,0.057,1.0005420447533282,3775191.1582566
2016-05-11 00:00:00+00:00,1.048,0.0457,1.001052850138526,3297472.39403596
2016-05-12 00:00:00+00:00,1.0494,0.047,1.0004475403762376,3683104.2670842
2016-05-13 00:00:00+00:00,1.076,0.0706,1.0030331465331337,4209935.19537231
2016-05-14 00:00:00+00:00,1.0691,0.0646,1.002350880336623,4035174.92980534
2016-05-15 00:00:00+00:00,1.0675,0.0632,1.0012559824270426,3927998.38445606
2016-05-16 00:00:00+00:00,1.0769,0.0713,1.0018938891870734,4135054.6536674
2016-05-17 00:00:00+00:00,1.0541,0.0513,1.00078921615667,3422968.09943027
2016-05-18 00:00:00+00:00,1.054,0.0512,1.00001263047883,3465880.29308227
2016-05-19 00:00:00+00:00,1.054,0.0512,1.000318523623953,3669416.11562713
2016-05-20 00:00:00+00:00,1.0637,0.0598,1.001027699337369,3926205.10093469
2016-05-21 00:00:00+00:00,1.0634,0.0596,1.0011441816080635,3966810.36455887
2016-05-22 00:00:00+00:00,1.0638,0.06,1.0008038874150154,4072810.63540391
2016-05-23 00:00:00+00:00,1.061,0.0574,1.000615910389482,3580714.96131668
2016-05-24 00:00:00+00:00,1.0517,0.0491,0.9998164452353878,3383695.29405576
2016-05-25 00:00:00+00:00,1.0516,0.049,1.0014726829521876,3578166.57423028
2016-05-26 00:00:00+00:00,1.0271,0.0264,0.999644211560329,2525183.23514436
2016-05-27 00:00:00+00:00,1.0258,0.0251,0.9987341571883365,2766722.83019848
2016-05-28 00:00:00+00:00,1.0269,0.0261,0.9997648851863009,2862065.5936452
2016-05-29 00:00:00+00:00,1.0172,0.0169,0.9992826354047794,2343355.00994291
2016-05-30 00:00:00+00:00,1.0267,0.0259,0.9998307345206561,2912274.27199467
2016-05-31 00:00:00+00:00,1.037,0.0356,1.000683971719444,3098299.44254032
2016-06-01 00:00:00+00:00,1.0377,0.0363,1.00051964918744,3249507.17023937
2016-06-02 00:00:00+00:00,1.0497,0.0473,1.000998269132391,3783976.43744731
2016-06-03 00:00:00+00:00,1.0878,0.0806,1.0048907702582695,4224435.1500544
2016-06-04 00:00:00+00:00,1.197,0.1645,1.0074361427880953,4497844.17031582
2016-06-05 00:00:00+00:00,1.1891,0.159,1.011147894191087,4472039.78116372
2016-06-06 00:00:00+00:00,1.1849,0.156,1.0122636350026064,4278938.86988859
2016-06-07 00:00:00+00:00,1.1803,0.1527,1.008849328181527,4165339.90188237
2016-06-08 00:00:00+00:00,1.1946,0.1629,1.0071476376279869,4418126.72757165
2016-06-09 00:00:00+00:00,1.1873,0.1577,1.0077470800653938,4270475.71217794
2016-06-10 00:00:00+00:00,1.2534,0.2021,1.0092254725417025,4516247.72384667
2016-06-11 00:00:00+00:00,1.2544,0.2027,1.0122092403497547,4438323.53263488
2016-06-12 00:00:00+00:00,1.2511,0.2006,1.0073238365489745,4392665.75486209
2016-06-13 00:00:00+00:00,1.261,0.2069,1.0107221829553048,4477487.69845973
2016-06-14 00:00:00+00:00,1.2406,0.1939,1.0050659870517311,4264281.17169404
2016-06-15 00:00:00+00:00,1.2479,0.1986,1.0061692542724163,4430275.68874043
2016-06-16 00:00:00+00:00,1.2303,0.1871,1.0054453453341348,4009479.47795497
2016-06-17 00:00:00+00:00,1.2292,0.1864,1.0034883115825735,4309328.39587001
2016-06-18 00:00:00+00:00,1.2424,0.195,1.0044726062725369,4519330.51055944
2016-06-19 00:00:00+00:00,1.4015,0.2864,1.0147648277135999,4553220.21167137
2016-06-20 00:00:00+00:00,1.421,0.2962,1.031167564942755,4552652.7377601
2016-06-21 00:00:00+00:00,1.3791,0.2748,1.0117507023762347,4180048.42313759
2016-06-22 00:00:00+00:00,1.3751,0.2727,1.012561341291011,4407533.70358686
2016-06-23 00:00:00+00:00,1.4819,0.3251,1.0310503012676935,4650972.31058396
2016-06-24 00:00:00+00:00,1.4242,0.2978,1.0122194139056528,4380516.98768604
2016-06-25 00:00:00+00:00,1.4228,0.2971,1.0090538029186125,4463796.22903517
2016-06-26 00:00:00+00:00,1.4339,0.3026,1.0062823264439134,4530328.52069428
2016-06-27 00:00:00+00:00,1.3755,0.2729,1.005161511386478,3886743.73212996
2016-06-28 00:00:00+00:00,1.2422,0.195,0.9985474749386124,3349598.64353805
2016-06-29 00:00:00+00:00,1.1649,0.1415,0.9940341864261384,3226935.51069337
2016-06-30 00:00:00+00:00,1.1682,0.1439,0.9937971511127043,3377081.62086371
2016-07-01 00:00:00+00:00,1.2263,0.1845,1.0060826786119277,3553042.11709034
2016-07-02 00:00:00+00:00,1.2276,0.1853,1.003278548287991,3454255.6893998
2016-07-03 00:00:00+00:00,1.1618,0.1392,0.9940651445229722,3229538.46899367
2016-07-04 00:00:00+00:00,1.1992,0.166,1.0023746718857087,3478177.03460541
2016-07-05 00:00:00+00:00,1.1958,0.1637,1.0029931332636468,3357950.98936785
2016-07-06 00:00:00+00:00,1.1728,0.1473,0.9974506128026003,3288228.04549514
2016-07-07 00:00:00+00:00,1.2314,0.1878,1.0049319453740635,3939803.74481837
2016-07-08 00:00:00+00:00,1.2394,0.1931,1.007011936692616,4114043.33749236
2016-07-09 00:00:00+00:00,1.2777,0.2173,1.0052089275307237,4298552.93055831
2016-07-10 00:00:00+00:00,1.2081,0.1722,1.0006053572350084,3384510.6852012
2016-07-11 00:00:00+00:00,1.227,0.1849,1.0022669626440668,3925558.56213998
2016-07-12 00:00:00+00:00,1.2121,0.175,1.0031541782506193,3436507.4724231
2016-07-13 00:00:00+00:00,1.2212,0.1811,1.0025451270893373,3993153.54360712
2016-07-14 00:00:00+00:00,1.1551,0.1342,0.9970882406839322,2895126.23500329
2016-07-15 00:00:00+00:00,1.1947,0.1629,1.0012585735549326,3430467.23971194
2016-07-16 00:00:00+00:00,1.1761,0.1497,1.0020836689645543,3220897.43541113
2016-07-17 00:00:00+00:00,1.164,0.1408,0.9991775655704704,3159444.57439675
2016-07-18 00:00:00+00:00,1.1632,0.1403,1.0007243709893017,3246644.68991507
2016-07-19 00:00:00+00:00,1.1995,0.1663,1.003075784736965,3810562.90993108
2016-07-20 00:00:00+00:00,1.1841,0.1554,1.003250843098225,3472953.25933598
2016-07-21 00:00:00+00:00,1.1817,0.1537,1.0008317719902713,3395310.91939992
2016-07-22 00:00:00+00:00,1.1905,0.16,1.0011353226335957,3728907.61219365
2016-07-23 00:00:00+00:00,1.1786,0.1515,1.0019012182459919,3367071.6549141
2016-07-24 00:00:00+00:00,1.1972,0.1647,1.0055763120078258,4106872.10827962
2016-07-25 00:00:00+00:00,1.1915,0.1607,1.0024928931408648,3813781.75429425
2016-07-26 00:00:00+00:00,1.1809,0.1531,1.0035525536934302,3663596.25320655
2016-07-27 00:00:00+00:00,1.1752,0.149,1.0010024322302593,3342414.54522721
2016-07-28 00:00:00+00:00,1.1708,0.1458,1.00058248890283,3263371.98908004
2016-07-29 00:00:00+00:00,1.147,0.1281,0.9997906989147921,2695452.29898905
2016-07-30 00:00:00+00:00,1.1471,0.1282,0.9989912160328304,2876787.78493701
2016-07-31 00:00:00+00:00,1.1582,0.1365,1.0038450136324615,3140848.88106435
2016-08-01 00:00:00+00:00,1.1429,0.1249,1.0004921657985095,2923290.33197353
2016-08-02 00:00:00+00:00,1.1414,0.1239,0.9999237576595936,2903992.81127323
2016-08-03 00:00:00+00:00,1.1401,0.1228,1.0017951335887731,3024822.56964324
2016-08-04 00:00:00+00:00,1.138,0.1212,1.0007496501469249,2902275.19515348
2016-08-05 00:00:00+00:00,1.1377,0.121,1.0004548525330546,3237405.89273683
2016-08-06 00:00:00+00:00,1.1318,0.1164,1.000246518945705,2718732.63469419
2016-08-07 00:00:00+00:00,1.092,0.0842,0.9967874092014799,2004750.76597777
2016-08-08 00:00:00+00:00,1.0656,0.0615,0.9938498211019892,1936364.98166567
2016-08-09 00:00:00+00:00,0.972,-0.0288,0.9915318281100797,1753324.12192486
2016-08-10 00:00:00+00:00,0.9959,-0.004,0.9889757394963599,1974021.62127548
2016-08-11 00:00:00+00:00,1.0103,0.0101,0.9961737674164106,2229923.22491365
2016-08-12 00:00:00+00:00,1.0103,0.0101,0.9987047074824686,2293923.96867582
2016-08-13 00:00:00+00:00,1.0321,0.031,0.9971254837739743,2429846.14263494
2016-08-14 00:00:00+00:00,1.0401,0.0385,1.0005953900986142,2494053.91515675
2016-08-15 00:00:00+00:00,1.0322,0.0312,0.9991617666574685,2466892.09033415
2016-08-16 00:00:00+00:00,1.0274,0.0266,0.9980765893702638,2102189.17871899
2016-08-17 00:00:00+00:00,1.0432,0.0413,0.9976264103084014,2549499.73497176
2016-08-18 00:00:00+00:00,1.0314,0.0304,0.9995881272727413,2202794.79672169
2016-08-19 00:00:00+00:00,1.0286,0.0277,0.9988677873503352,2130262.66924661
2016-08-20 00:00:00+00:00,1.0215,0.021,0.9995395562475647,1954888.24736834
2016-08-21 00:00:00+00:00,0.9951,-0.0049,0.9968671472688528,1618410.82915834
2016-08-22 00:00:00+00:00,0.9918,-0.0082,0.9964023899226437,1621158.0756848
2016-08-23 00:00:00+00:00,1.0091,0.009,0.9989657198928762,2156503.1057374
2016-08-24 00:00:00+00:00,0.9967,-0.0033,0.9986433367640409,1763055.36851361
2016-08-25 00:00:00+00:00,1.0024,0.0023,0.9992872101049383,1909593.29489229
2016-08-26 00:00:00+00:00,1.0034,0.0033,0.9985808362993962,1960874.25132833
2016-08-27 00:00:00+00:00,1.0093,0.0091,0.9996537672103947,2390882.58776422
2016-08-28 00:00:00+00:00,1.0077,0.0076,1.0004566744786576,2254383.7895926
2016-08-29 00:00:00+00:00,1.0162,0.0159,0.9999623705028444,2431516.56208409
2016-08-30 00:00:00+00:00,1.0153,0.015,0.9993897013529597,2411612.32565937
2016-08-31 00:00:00+00:00,1.0044,0.0044,0.9984198969848487,1981286.59045361
2016-09-01 00:00:00+00:00,1.0033,0.0033,0.9987781843797308,2072518.68383676
2016-09-02 00:00:00+00:00,1.0049,0.0048,0.999218941693101,2285052.67096638
2016-09-03 00:00:00+00:00,0.9919,-0.0081,0.9989384917187336,1469438.13795268
2016-09-04 00:00:00+00:00,0.9932,-0.0068,0.9987182371031543,1688942.73511373
2016-09-05 00:00:00+00:00,1.0004,0.0004,0.9979607770141732,1819792.60354608
2016-09-06 00:00:00+00:00,1.002,0.0019,0.9990541669394154,2304153.31074011
2016-09-07 00:00:00+00:00,0.9916,-0.0085,1.0011544511624006,1579740.60447528
2016-09-08 00:00:00+00:00,0.9887,-0.0113,0.998252760926653,1515354.98688757
2016-09-09 00:00:00+00:00,0.9895,-0.0105,0.9991760348601267,1657485.11228317
2016-09-10 00:00:00+00:00,1.0326,0.0315,1.0011952240972894,2980986.60172258
2016-09-11 00:00:00+00:00,1.0385,0.0371,1.0057093273016577,3004232.39260294
2016-09-12 00:00:00+00:00,1.0378,0.0363,1.0026285290071864,3065741.58811846
2016-09-13 00:00:00+00:00,1.0442,0.0422,1.0036390808399263,3043637.41144704
2016-09-14 00:00:00+00:00,1.0521,0.0495,1.003373419316649,3070484.12622995
2016-09-15 00:00:00+00:00,1.0635,0.0597,1.004233131497159,3030090.24457169
2016-09-16 00:00:00+00:00,1.0606,0.0571,1.002907060297981,2987128.53389688
2016-09-17 00:00:00+00:00,1.0598,0.0564,1.0018625576321294,3137739.49420616
2016-09-18 00:00:00+00:00,1.0224,0.0219,1.0004262627877978,2430395.56728626
2016-09-19 00:00:00+00:00,1.0294,0.0285,0.9980256538928891,2651660.75252961
2016-09-20 00:00:00+00:00,1.0315,0.0305,1.0004920878745633,2769692.58388076
2016-09-21 00:00:00+00:00,1.0315,0.0305,1.0005190289364692,2874319.75853976
2016-09-22 00:00:00+00:00,1.0262,0.0255,1.0005909794594412,2475127.28955984
2016-09-23 00:00:00+00:00,1.0269,0.0262,1.0003930653199433,2598752.83330274
2016-09-24 00:00:00+00:00,1.0177,0.0173,0.9999162692938159,2292223.61837468
2016-09-25 00:00:00+00:00,1.025,0.0244,1.0005465210647269,2777171.79946754
2016-09-26 00:00:00+00:00,1.0238,0.0232,1.0002499010067194,2719870.04359306
2016-09-27 00:00:00+00:00,1.0215,0.021,1.0040363138486235,2849613.77257706
2016-09-28 00:00:00+00:00,0.9989,-0.001,0.9973231108587173,1987614.21322997
2016-09-29 00:00:00+00:00,0.9985,-0.0015,0.9993325762211801,2028486.23934805
2016-09-30 00:00:00+00:00,1.009,0.0089,0.9995942123038731,2223526.36037227
2016-10-01 00:00:00+00:00,1.0077,0.0076,1.0003836536324864,2246634.74582207
2016-10-02 00:00:00+00:00,0.9995,-0.0004,0.9994441884202702,2020767.39447402
2016-10-03 00:00:00+00:00,1.0074,0.0073,1.0009883311299754,2484171.78868791
2016-10-04 00:00:00+00:00,1.0056,0.0055,1.0003143558398842,2249247.12976475
2016-10-05 00:00:00+00:00,1.0057,0.0056,1.0001147082204398,2465248.45432763
2016-10-06 00:00:00+00:00,1.006,0.0059,0.9999745748627248,2558391.1793463
2016-10-07 00:00:00+00:00,1.0077,0.0076,0.9997558194414238,2647073.70689238
2016-10-08 00:00:00+00:00,1.0161,0.0158,1.0014735361620726,2919502.87993845
2016-10-09 00:00:00+00:00,1.0118,0.0116,1.0001980773107755,2633951.34996164
2016-10-10 00:00:00+00:00,1.0127,0.0125,1.000732868938916,2971425.95737827
2016-10-11 00:00:00+00:00,1.0092,0.0091,1.001466785871613,2612176.4120217
2016-10-12 00:00:00+00:00,1.0103,0.0101,1.0005976018117022,2981593.34336943
2016-10-13 00:00:00+00:00,1.0093,0.0091,1.0007682488083136,2997392.70529477
2016-10-14 00:00:00+00:00,1.0187,0.0183,1.0006474091230304,3038069.32849547
2016-10-15 00:00:00+00:00,1.0189,0.0185,1.00052164835179,3024687.98197659
2016-10-16 00:00:00+00:00,1.0117,0.0115,1.0001560910126948,2805685.46930718
2016-10-17 00:00:00+00:00,1.0169,0.0166,1.0005663436959586,3030261.47611009
2016-10-18 00:00:00+00:00,1.0475,0.0453,1.0028287386788903,3216381.13356331
2016-10-19 00:00:00+00:00,1.0416,0.0399,1.0025911888019006,2930227.75704453
2016-10-20 00:00:00+00:00,1.0402,0.0386,1.0013551496922344,3025449.19343902
2016-10-21 00:00:00+00:00,1.0362,0.0348,1.0010354222999212,3078423.30379323
2016-10-22 00:00:00+00:00,1.035,0.0337,1.00081439448503,3105529.36539768
2016-10-23 00:00:00+00:00,1.0337,0.0326,1.0007925040649102,3093812.15922497
2016-10-24 00:00:00+00:00,1.0311,0.0301,1.0010389812169622,2945244.35083159
2016-10-25 00:00:00+00:00,1.0264,0.0257,1.0008513379787514,2528161.38917863
2016-10-26 00:00:00+00:00,1.0087,0.0085,1.000234132752012,2366062.39575929
2016-10-27 00:00:00+00:00,1.0102,0.01,0.999586671247878,2441908.95993639
2016-10-28 00:00:00+00:00,1.0152,0.015,1.0002781322959389,2587536.609925
2016-10-29 00:00:00+00:00,1.0495,0.0471,1.0023200550144227,3386824.66724001
2016-10-30 00:00:00+00:00,1.045,0.043,1.0018367299884463,3269759.07516493
2016-10-31 00:00:00+00:00,1.037,0.0356,1.001318545666408,3123250.80157514
2016-11-01 00:00:00+00:00,1.0461,0.044,1.0016232847506752,3517149.32168437
2016-11-02 00:00:00+00:00,1.0677,0.0633,1.003436046218461,3753600.3421756
2016-11-03 00:00:00+00:00,1.0791,0.0732,1.0041777267967789,3798950.57947125
2016-11-04 00:00:00+00:00,1.0831,0.0767,1.005876155879664,3894241.79827993
2016-11-05 00:00:00+00:00,1.1249,0.111,1.008097501168222,3996763.47787068
2016-11-06 00:00:00+00:00,1.0982,0.0893,1.0030362147416798,3700700.87521771
2016-11-07 00:00:00+00:00,1.0972,0.0885,1.0067543296701296,3715254.95542078
2016-11-08 00:00:00+00:00,1.1292,0.1144,1.0081749517516034,3835532.06275348
2016-11-09 00:00:00+00:00,1.1346,0.1186,1.0016553155454913,4011130.6427202
2016-11-10 00:00:00+00:00,1.0645,0.0605,1.001019081698888,3209702.38788843
2016-11-11 00:00:00+00:00,1.0823,0.076,1.0000435740508347,3383721.13034847
2016-11-12 00:00:00+00:00,1.0863,0.0794,1.0002780687785378,3569272.47604709
2016-11-13 00:00:00+00:00,1.0971,0.0885,1.0006058746684277,3682390.12754209
2016-11-14 00:00:00+00:00,1.0928,0.0849,1.000953358924651,3642160.26181692
2016-11-15 00:00:00+00:00,1.0914,0.0837,1.0019692687171988,3699577.29661979
2016-11-16 00:00:00+00:00,1.1023,0.0928,1.0044047872203976,3607250.30061074
2016-11-17 00:00:00+00:00,1.0912,0.0835,1.0012094254222652,3463871.39924164
2016-11-18 00:00:00+00:00,1.0978,0.089,1.0024639318648796,3679953.27319765
2016-11-19 00:00:00+00:00,1.0757,0.0703,1.000349642741282,2985247.85600364
2016-11-20 00:00:00+00:00,1.0748,0.0696,0.9985876291002148,2996142.00123032
2016-11-21 00:00:00+00:00,1.0867,0.0797,1.0009152780543942,3365623.06094912
2016-11-22 00:00:00+00:00,1.0924,0.0845,1.0038403331902699,3500709.86847785
2016-11-23 00:00:00+00:00,1.1295,0.1146,1.005879638987794,3963626.86631615
2016-11-24 00:00:00+00:00,1.1277,0.1132,1.0089325263400253,3707338.35382609
2016-11-25 00:00:00+00:00,1.1341,0.1182,1.0041189603117515,3819993.3801854
2016-11-26 00:00:00+00:00,1.1394,0.1223,1.004507230965059,3962133.32487453
2016-11-27 00:00:00+00:00,1.0993,0.0903,1.0009727688438246,3287671.09177095
2016-11-28 00:00:00+00:00,1.1141,0.1023,1.0010833024603376,3553841.65594479
2016-11-29 00:00:00+00:00,1.1324,0.1169,1.0046858780112213,3851396.65103523
2016-11-30 00:00:00+00:00,1.117,0.1047,1.0053269087068757,3514006.23153096
2016-12-01 00:00:00+00:00,1.1036,0.0938,1.0006365017230738,3228384.29744632
2016-12-02 00:00:00+00:00,1.1032,0.0935,1.0008886953519898,3369157.3724795
2016-12-03 00:00:00+00:00,1.0998,0.0907,1.000207762099967,3097752.01932075
2016-12-04 00:00:00+00:00,1.0988,0.0899,1.001089217908385,3069607.60604706
2016-12-05 00:00:00+00:00,1.0985,0.0896,1.0006990539022247,3181018.46536945
2016-12-06 00:00:00+00:00,1.0988,0.0899,1.0014328378378714,3394948.73758938
2016-12-07 00:00:00+00:00,1.1101,0.0991,1.0033770480090947,3782765.67899881
2016-12-08 00:00:00+00:00,1.1219,0.1086,1.0036239924320098,4003442.76657028
2016-12-09 00:00:00+00:00,1.1418,0.1242,1.0072133258734648,3987526.77097105
2016-12-10 00:00:00+00:00,1.1253,0.1113,1.0113709503875001,3807831.45381351
2016-12-11 00:00:00+00:00,1.1215,0.1083,1.003529557730622,3741782.77008484
2016-12-12 00:00:00+00:00,1.1071,0.0967,1.0008527207112132,3486786.91910464
2016-12-13 00:00:00+00:00,1.1151,0.1032,1.0022265937949604,3695169.09531871
2016-12-14 00:00:00+00:00,1.1261,0.1119,1.003370437469292,3962170.43852644
2016-12-15 00:00:00+00:00,1.1245,0.1106,1.0043208833466233,4029710.01845579
2016-12-16 00:00:00+00:00,1.1235,0.1099,1.0022725798429337,4011642.38561648
2016-12-17 00:00:00+00:00,1.1265,0.1122,1.002629998134519,4038454.67269738
2016-12-18 00:00:00+00:00,1.1204,0.1074,1.0014962222865211,3839603.38593555
2016-12-19 00:00:00+00:00,1.1298,0.1149,1.0043435260401596,4073347.53686594
2016-12-20 00:00:00+00:00,1.1286,0.1139,1.0029584661970448,4032866.21326004
2016-12-21 00:00:00+00:00,1.1257,0.1116,1.002803780725017,3860829.13154028
2016-12-22 00:00:00+00:00,1.1238,0.1101,1.0020094539603217,3706181.27563809
2016-12-23 00:00:00+00:00,1.1233,0.1097,1.002680668774766,4038118.70802586
2016-12-24 00:00:00+00:00,1.1339,0.1181,1.004410588544522,4079060.15542735
2016-12-25 00:00:00+00:00,1.1322,0.1168,1.002304916934953,4005487.45395409
2016-12-26 00:00:00+00:00,1.1332,0.1175,1.0024748529213514,3958273.17174837
2016-12-27 00:00:00+00:00,1.1377,0.121,1.0046842322089533,4118751.71393309
2016-12-28 00:00:00+00:00,1.1747,0.1487,1.0048912099963978,4116800.02042118
2016-12-29 00:00:00+00:00,1.2172,0.1784,1.0096539208202853,4024009.00445806
2016-12-30 00:00:00+00:00,1.2702,0.2127,1.0136005496996328,4160358.92860653
2016-12-31 00:00:00+00:00,1.2401,0.1936,1.0056632484599286,3854531.82511267
2017-01-01 00:00:00+00:00,1.2356,0.1906,1.0022639155716477,3877474.47463185
2017-01-02 00:00:00+00:00,1.2425,0.1951,1.0105430852513033,3874522.7298318
2017-01-03 00:00:00+00:00,1.2769,0.2168,1.0087058985139201,4045682.00583062
2017-01-04 00:00:00+00:00,1.3128,0.2382,1.0121531764614906,4200410.11961536
2017-01-05 00:00:00+00:00,1.2987,0.23,1.0126665994161044,4040183.76790348
2017-01-06 00:00:00+00:00,1.2685,0.2116,1.006809963870568,3677686.43237341
2017-01-07 00:00:00+00:00,1.2744,0.2153,1.0053082996092935,3887428.07252529
2017-01-08 00:00:00+00:00,1.3125,0.238,1.0106651300459246,4069463.52745409
2017-01-09 00:00:00+00:00,1.3171,0.2407,1.0136263815174285,3969358.27380001
2017-01-10 00:00:00+00:00,1.3194,0.242,1.0129632984211898,4100995.83683259
2017-01-11 00:00:00+00:00,1.4069,0.2892,1.0197039815576854,4098676.93161692
2017-01-12 00:00:00+00:00,1.2035,0.169,1.0068160819287537,3477272.81384845
2017-01-13 00:00:00+00:00,1.1133,0.1017,0.9906577070289198,2751462.01261272
2017-01-14 00:00:00+00:00,1.123,0.1094,0.9910721659433845,3076064.42428013
2017-01-15 00:00:00+00:00,1.1397,0.1226,1.0022338422708745,3204183.0110085
2017-01-16 00:00:00+00:00,1.1184,0.1058,0.9979351128944616,2926632.18117426
2017-01-17 00:00:00+00:00,1.1312,0.116,1.0001974500679163,3333755.98215919
2017-01-18 00:00:00+00:00,0.9901,-0.0099,0.9926655488801579,2337237.55318001
2017-01-19 00:00:00+00:00,1.0303,0.0293,0.9938254030401076,2727650.48178898
2017-01-20 00:00:00+00:00,1.0414,0.0397,0.9975324863828816,2903786.84246633
2017-01-21 00:00:00+00:00,1.041,0.0394,0.9999400689705169,2772028.34023389
2017-01-22 00:00:00+00:00,1.0294,0.0285,0.9986013088047984,2679505.65705283
2017-01-23 00:00:00+00:00,1.0474,0.0452,0.9997359291418615,3005244.99436964
2017-01-24 00:00:00+00:00,1.1319,0.1165,1.005880307787649,3474553.50693287
2017-01-25 00:00:00+00:00,1.0917,0.084,1.0023443652953838,2979708.7384064
2017-01-26 00:00:00+00:00,1.1267,0.1124,1.002454946554307,3467177.53816528
2017-01-27 00:00:00+00:00,1.1147,0.1028,1.0020707084552776,3214164.02831673
2017-01-28 00:00:00+00:00,1.1444,0.1261,1.0043892365311327,3692207.82613531
2017-01-29 00:00:00+00:00,1.1365,0.12,1.006406995956777,3556152.63111644
2017-01-30 00:00:00+00:00,1.1348,0.1188,1.0047409939597929,3553879.55516773
2017-01-31 00:00:00+00:00,1.1089,0.0982,1.0017014340013939,3034889.23539444
2017-02-01 00:00:00+00:00,1.0936,0.0855,1.0028167045502414,2731825.70263231
2017-02-02 00:00:00+00:00,1.1155,0.1035,1.002881203219747,3452303.88172724
2017-02-03 00:00:00+00:00,1.1239,0.1102,1.0021365571283165,3627542.10196272
2017-02-04 00:00:00+00:00,1.1141,0.1024,1.001808811055237,3364130.68595101
2017-02-05 00:00:00+00:00,1.1097,0.0988,1.0012776918285886,3208328.0595344
2017-02-06 00:00:00+00:00,1.1168,0.1045,1.0027644156953004,3601871.14137375
2017-02-07 00:00:00+00:00,1.1575,0.1361,1.005652484566684,3921274.00644392
2017-02-08 00:00:00+00:00,1.1765,0.1499,1.006528177347716,4054559.35300224
2017-02-09 00:00:00+00:00,1.2017,0.1678,1.0073417490598116,4103547.96428257
2017-02-10 00:00:00+00:00,1.2043,0.1696,1.0071683714718231,4053160.56345851
2017-02-11 00:00:00+00:00,1.2246,0.1833,1.0041283851023362,4206396.34352788
2017-02-12 00:00:00+00:00,1.1958,0.1637,1.0044835359701303,3848348.79184205
2017-02-13 00:00:00+00:00,1.2049,0.17,1.0064860607352988,4079278.79386836
2017-02-14 00:00:00+00:00,1.2271,0.185,1.0072026741389626,4215627.07520345
2017-02-15 00:00:00+00:00,1.2318,0.1881,1.0073849649307662,4208497.06423629
2017-02-16 00:00:00+00:00,1.1346,0.1186,1.0016893720685254,3325409.80477332
2017-02-17 00:00:00+00:00,1.1568,0.1355,1.0003667362142998,3585279.07821873
2017-02-18 00:00:00+00:00,1.1712,0.1461,1.0034714241996088,3783578.05988253
2017-02-19 00:00:00+00:00,1.1563,0.1351,1.0025550056822286,3460028.10332884
2017-02-20 00:00:00+00:00,1.1511,0.1312,1.0045508987576464,3464203.18903435
2017-02-21 00:00:00+00:00,1.1611,0.1387,1.0025066847998074,3763644.32209386
2017-02-22 00:00:00+00:00,1.1602,0.138,1.0024134501353719,3856165.84847912
2017-02-23 00:00:00+00:00,1.1829,0.1546,1.0025343351080174,4032131.46895758
2017-02-24 00:00:00+00:00,1.2028,0.1686,1.0075447276265852,4232098.34330602
2017-02-25 00:00:00+00:00,1.2002,0.1668,1.008145726096359,4119943.40230799
2017-02-26 00:00:00+00:00,1.1851,0.1562,1.0028282250625098,3869252.93486197
2017-02-27 00:00:00+00:00,1.1952,0.1633,1.004454329672074,4224841.12052558
2017-02-28 00:00:00+00:00,1.2459,0.1973,1.0097864117311408,4387114.86074893
2017-03-01 00:00:00+00:00,1.26,0.2063,1.0093589731602417,4392295.38665076
2017-03-02 00:00:00+00:00,1.2255,0.184,1.0063368231732852,3982093.6959209
2017-03-03 00:00:00+00:00,1.2841,0.2212,1.017161511780263,4237805.74023371
2017-03-04 00:00:00+00:00,1.2486,0.1991,1.0044174627081621,4032688.20682864
2017-03-05 00:00:00+00:00,1.2719,0.2138,1.0045335220442377,4188949.21969633
2017-03-06 00:00:00+00:00,1.279,0.2181,1.0079867610863802,4366101.07457509
2017-03-07 00:00:00+00:00,1.275,0.2156,1.0066619616035202,4302923.69018931
2017-03-08 00:00:00+00:00,1.2962,0.2285,1.0081443915075334,4467355.82336818
2017-03-09 00:00:00+00:00,1.3245,0.245,1.00972142330288,4473020.29401986
2017-03-10 00:00:00+00:00,1.333,0.2498,1.0045746766466057,4452285.66578177
2017-03-11 00:00:00+00:00,1.3065,0.2346,1.0063283251726636,4163767.2341561
2017-03-12 00:00:00+00:00,1.3088,0.2359,1.0076971059989734,4282310.81694042
2017-03-13 00:00:00+00:00,1.3081,0.2355,1.0089108843314534,4241812.52014292
2017-03-14 00:00:00+00:00,1.27,0.2125,1.0054787970094203,3762789.97643585
2017-03-15 00:00:00+00:00,1.1858,0.1566,1.0019794097755703,3241455.09676676
2017-03-16 00:00:00+00:00,1.2202,0.1804,0.999473232357542,3712189.70576699
2017-03-17 00:00:00+00:00,1.2634,0.2084,1.0048981608670091,4093305.99204806
2017-03-18 00:00:00+00:00,1.1908,0.1602,0.9954620421981083,3298818.87118496
2017-03-19 00:00:00+00:00,1.2418,0.1946,1.0052179774946974,3960346.16740241
2017-03-20 00:00:00+00:00,1.2485,0.199,1.005594489732669,4127358.76915237
2017-03-21 00:00:00+00:00,1.2461,0.1974,1.0036584597186486,4103218.83106809
2017-03-22 00:00:00+00:00,1.241,0.1941,1.007577039167062,4198144.03459652
2017-03-23 00:00:00+00:00,1.1637,0.1406,1.0027913167882365,3042134.33324973
2017-03-24 00:00:00+00:00,1.0967,0.0881,0.9941177836848301,2661911.47593536
2017-03-25 00:00:00+00:00,0.9601,-0.0415,0.9884634588946003,1860632.69037987
2017-03-26 00:00:00+00:00,1.0314,0.0303,0.9983689402982694,2515812.01322182
2017-03-27 00:00:00+00:00,1.04,0.0384,0.9964555294146412,2552706.1586086
2017-03-28 00:00:00+00:00,1.1048,0.0948,1.0010412595396536,3261083.26015837
2017-03-29 00:00:00+00:00,1.0102,0.01,0.9984222067170215,2291599.66775314
2017-03-30 00:00:00+00:00,1.0272,0.0264,0.996955013950207,2412195.69033507
2017-03-31 00:00:00+00:00,0.9388,-0.0652,0.9929212996528104,1633285.34629168
2017-04-01 00:00:00+00:00,0.9565,-0.0454,0.9931608118994025,1921343.25231426
2017-04-02 00:00:00+00:00,0.9618,-0.0396,0.9995811934996404,1828246.45832463
2017-04-03 00:00:00+00:00,1.0309,0.03,0.9996441148515522,2934440.33056946
2017-04-04 00:00:00+00:00,1.0407,0.039,1.0044141954745447,2932993.05554692
2017-04-05 00:00:00+00:00,1.0375,0.0361,0.9995849440357957,2821062.93194765
2017-04-06 00:00:00+00:00,1.0285,0.0277,0.998747605456168,2708773.1992744
2017-04-07 00:00:00+00:00,1.0699,0.0653,1.003096099203822,3578797.8599017
2017-04-08 00:00:00+00:00,1.0688,0.0643,1.0021565953712726,3501914.39509738
2017-04-09 00:00:00+00:00,1.08,0.074,1.0007891305145769,3608487.32281843
2017-04-10 00:00:00+00:00,1.1356,0.1194,1.0040572955413034,3992424.37070875
2017-04-11 00:00:00+00:00,1.1199,0.107,1.0049118952461025,3737957.6091031
2017-04-12 00:00:00+00:00,1.1072,0.0967,1.0035389217427246,3629485.71061362
2017-04-13 00:00:00+00:00,1.1652,0.1418,1.007963418223881,4247864.6750306
2017-04-14 00:00:00+00:00,1.1584,0.1367,1.002215922128683,4083952.90945153
2017-04-15 00:00:00+00:00,1.1446,0.1263,1.0005180321790788,3783589.47538555
2017-04-16 00:00:00+00:00,1.1727,0.1472,1.0076545382795883,4282880.29984643
2017-04-17 00:00:00+00:00,1.1621,0.1394,1.005227296091701,4151455.38980911
2017-04-18 00:00:00+00:00,1.1735,0.1478,1.00551664957023,4401670.44755222
2017-04-19 00:00:00+00:00,1.1662,0.1425,1.0042779582609955,4160382.9859122
2017-04-20 00:00:00+00:00,1.123,0.1095,1.0016071933097093,3391856.11070835
2017-04-21 00:00:00+00:00,1.1237,0.11,1.0008140513228956,3461833.572649
2017-04-22 00:00:00+00:00,1.1241,0.1103,1.0013950416449329,3481467.01056536
2017-04-23 00:00:00+00:00,1.1201,0.1072,1.0004056801127295,3333798.6415337
2017-04-24 00:00:00+00:00,1.1237,0.1101,1.005439598034412,3652532.36735485
2017-04-25 00:00:00+00:00,1.1382,0.1213,1.004435349219035,4015715.91592797
2017-04-26 00:00:00+00:00,1.1356,0.1194,1.00321014051876,4000098.3761677
2017-04-27 00:00:00+00:00,1.158,0.1364,1.005560320823469,4430077.03251229
2017-04-28 00:00:00+00:00,1.1669,0.143,1.0045442181463968,4503575.81776518
2017-04-29 00:00:00+00:00,1.1638,0.1407,1.001962474687255,4385387.60391162
2017-04-30 00:00:00+00:00,1.1619,0.1393,1.0026395912901018,4465674.28276425
2017-05-01 00:00:00+00:00,1.1636,0.1406,1.0043829048611737,4658120.03293975
2017-05-02 00:00:00+00:00,1.1791,0.1519,1.0037633758718434,4707158.95010103
2017-05-03 00:00:00+00:00,1.1955,0.1635,1.0066167955698075,4760598.87334795
2017-05-04 00:00:00+00:00,1.2186,0.1793,1.0075584309172607,4765482.02221306
2017-05-05 00:00:00+00:00,1.2035,0.169,1.00503596899572,4565991.27842166
2017-05-06 00:00:00+00:00,1.2064,0.171,1.0048511139100933,4736580.07797377
2017-05-07 00:00:00+00:00,1.2147,0.1767,1.0038825582779185,4815651.58180803
2017-05-08 00:00:00+00:00,1.2558,0.2037,1.0098195827635201,4693294.36865578
2017-05-09 00:00:00+00:00,1.2659,0.21,1.0099912155461326,4687116.64871977
2017-05-10 00:00:00+00:00,1.2535,0.2022,1.0074429253636052,4386199.42864901
2017-05-11 00:00:00+00:00,1.3202,0.2425,1.0199770637966246,4615470.48306643
2017-05-12 00:00:00+00:00,1.2982,0.2296,1.009396304953034,4400663.06358436
2017-05-13 00:00:00+00:00,1.3106,0.237,1.0075403861982395,4618978.96482318
2017-05-14 00:00:00+00:00,1.2908,0.2252,1.0062557357836523,4446829.43209265
2017-05-15 00:00:00+00:00,1.3605,0.2649,1.0085998670690004,4803939.14752276
2017-05-16 00:00:00+00:00,1.4092,0.2903,1.014811411524804,4606633.69647769
2017-05-17 00:00:00+00:00,1.4246,0.298,1.0090100565508284,4686805.82557385
2017-05-18 00:00:00+00:00,1.462,0.3159,1.0150067592183054,4650983.32389668
2017-05-19 00:00:00+00:00,1.3468,0.2574,1.007936240638497,4173206.8968464
2017-05-20 00:00:00+00:00,1.3891,0.28,1.0041053904112403,4586795.5656403
2017-05-21 00:00:00+00:00,1.3884,0.2797,1.008266171123871,4502828.96669704
2017-05-22 00:00:00+00:00,1.3411,0.2543,1.0050567129100252,4099043.3204233
2017-05-23 00:00:00+00:00,1.3312,0.2488,1.0049612544245785,4138032.39232118
2017-05-24 00:00:00+00:00,1.3597,0.2645,1.0079472499239261,4435607.93903267
2017-05-25 00:00:00+00:00,1.4216,0.2965,1.0063460373484403,4888597.80968829
2017-05-26 00:00:00+00:00,1.4583,0.3142,1.0124467087795195,4915254.22473332
2017-05-27 00:00:00+00:00,1.4715,0.3204,1.0109311048957434,4912498.77753793
2017-05-28 00:00:00+00:00,1.4695,0.3195,1.0116513785379289,4784655.56916393
2017-05-29 00:00:00+00:00,1.5219,0.3429,1.0158568418262122,4778654.48878188
2017-05-30 00:00:00+00:00,1.5631,0.3602,1.0134394499210972,4980323.20541431
2017-05-31 00:00:00+00:00,1.6715,0.4017,1.016664100867397,4930368.08825325
2017-06-01 00:00:00+00:00,1.6488,0.3935,1.0237271049915715,4818729.10173028
2017-06-02 00:00:00+00:00,1.6161,0.3812,1.0174965643493188,4760279.01277789
2017-06-03 00:00:00+00:00,1.5986,0.3744,1.0086997169854577,4807549.88514219
2017-06-04 00:00:00+00:00,1.584,0.3686,1.0059405434650739,4661273.57931297
2017-06-05 00:00:00+00:00,1.448,0.3093,1.0013334206414601,4189868.0348627
2017-06-06 00:00:00+00:00,1.5709,0.3634,1.00188071938445,4887950.68685538
2017-06-07 00:00:00+00:00,1.4261,0.2987,1.0050910864046234,4314287.97396909
2017-06-08 00:00:00+00:00,1.4683,0.3189,1.0099091545278276,4392266.2060859
2017-06-09 00:00:00+00:00,1.474,0.3215,1.0073994003664017,4554566.79197402
2017-06-10 00:00:00+00:00,1.5361,0.349,1.0092326235402216,4931427.03667398
2017-06-11 00:00:00+00:00,1.4951,0.3311,1.0051002816076613,4696047.45395033
2017-06-12 00:00:00+00:00,1.5622,0.3598,1.010417502564406,5037119.23266462
2017-06-13 00:00:00+00:00,1.6442,0.3917,1.0198385950073086,5008439.60327126
2017-06-14 00:00:00+00:00,1.5333,0.3478,1.0119514287414149,4595032.18697131
2017-06-15 00:00:00+00:00,1.5656,0.3612,1.0078610834070605,4714742.56237355
2017-06-16 00:00:00+00:00,1.572,0.3638,1.0104374576581954,4717023.49260485
2017-06-17 00:00:00+00:00,1.5742,0.3647,1.0085542918463133,4983499.53255163
2017-06-18 00:00:00+00:00,1.6017,0.3756,1.0123677633000587,5122468.46695823
2017-06-19 00:00:00+00:00,1.4115,0.2915,1.0077692198559665,4096461.62310689
2017-06-20 00:00:00+00:00,1.438,0.3045,1.004575030464684,4102706.1416791
2017-06-21 00:00:00+00:00,1.331,0.2486,1.004927913418421,3782918.39134885
2017-06-22 00:00:00+00:00,1.2694,0.2122,0.9915468653668535,3431002.25174444
2017-06-23 00:00:00+00:00,1.3068,0.2347,1.0010408066656773,3617959.86978521
2017-06-24 00:00:00+00:00,1.3868,0.2789,1.005040041224529,4375158.26543557
2017-06-25 00:00:00+00:00,1.3029,0.2324,1.004136685963633,3653008.00669975
2017-06-26 00:00:00+00:00,1.3328,0.2496,1.0067697168378047,4365411.06989398
2017-06-27 00:00:00+00:00,1.4113,0.2914,1.008375548614469,4749223.38469564
2017-06-28 00:00:00+00:00,1.3441,0.256,1.0051292633632527,4190970.72941253
2017-06-29 00:00:00+00:00,1.3613,0.2653,1.0051555070602447,4337779.6596447
2017-06-30 00:00:00+00:00,1.3606,0.265,1.0056820667319142,4300575.46998488
2017-07-01 00:00:00+00:00,1.2864,0.2226,1.0012143144474717,3704541.28233974
2017-07-02 00:00:00+00:00,1.2513,0.2008,0.9990570842273849,3192605.89958781
2017-07-03 00:00:00+00:00,1.2045,0.1697,0.9983451357025162,2930739.12265184
2017-07-04 00:00:00+00:00,1.2556,0.2035,0.9964523161890841,3593051.52981043
2017-07-05 00:00:00+00:00,1.2753,0.2158,1.0051722275845727,4050031.06241265
2017-07-06 00:00:00+00:00,1.2652,0.2096,1.0055431014063076,3851142.86044495
2017-07-07 00:00:00+00:00,1.2204,0.1805,1.0048059065729853,2960331.12485349
2017-07-08 00:00:00+00:00,1.1894,0.1592,0.998816790369236,2797510.25882852
2017-07-09 00:00:00+00:00,1.2318,0.1882,1.0019675298694108,3543591.58124813
2017-07-10 00:00:00+00:00,1.2512,0.2007,1.004084199218533,4175499.692896
2017-07-11 00:00:00+00:00,1.2576,0.2048,1.004311489777024,4302681.07032566
2017-07-12 00:00:00+00:00,1.2602,0.2064,1.003804133614343,4410554.86269575
2017-07-13 00:00:00+00:00,1.2553,0.2033,1.0033245176000176,4407525.57695294
2017-07-14 00:00:00+00:00,1.2016,0.1677,1.0075168626287216,2972743.66617957
2017-07-15 00:00:00+00:00,1.2166,0.178,1.0006530559735454,3817255.10185142
2017-07-16 00:00:00+00:00,1.202,0.168,1.001564327559538,3249627.60884168
2017-07-17 00:00:00+00:00,1.1118,0.1005,0.9981671099930793,2301351.6326704
2017-07-18 00:00:00+00:00,1.1183,0.1058,0.9976030666438742,2389941.42006313
2017-07-19 00:00:00+00:00,1.1349,0.1188,0.9977680899418648,2616384.34395435
2017-07-20 00:00:00+00:00,1.1189,0.1062,0.9993690759029998,2442371.51984863
2017-07-21 00:00:00+00:00,1.0491,0.0467,0.9955039067864665,2045907.82626585
2017-07-22 00:00:00+00:00,0.9776,-0.0229,0.9861709947951584,1962610.43200188
2017-07-23 00:00:00+00:00,0.929,-0.0764,0.983316992716385,1916814.45416914
2017-07-24 00:00:00+00:00,1.0451,0.0431,0.9977465317073205,2451171.77474949
2017-07-25 00:00:00+00:00,1.1049,0.0949,1.0062712767000552,2619600.63262583
2017-07-26 00:00:00+00:00,1.0845,0.0779,1.0037432681991223,2399886.66684665
2017-07-27 00:00:00+00:00,1.3193,0.242,1.0161520424701111,5240591.38222092
2017-07-28 00:00:00+00:00,1.2442,0.1962,1.01340166819447,4597643.3653964
2017-07-29 00:00:00+00:00,1.3141,0.239,1.0140606379678614,5266033.73114095
2017-07-30 00:00:00+00:00,1.2856,0.2221,1.008518849164455,4940627.23613822
2017-07-31 00:00:00+00:00,1.2709,0.2131,1.0056811944598592,4877801.81491102
2017-08-01 00:00:00+00:00,1.1669,0.143,0.9993963322495294,3595583.65492771
2017-08-02 00:00:00+00:00,1.1433,0.1253,1.000398877170623,3064637.28549978
2017-08-03 00:00:00+00:00,1.2096,0.1732,1.0071004224697666,4609476.85987681
2017-08-04 00:00:00+00:00,1.2475,0.1983,1.0115224377640286,5197682.65260934
2017-08-05 00:00:00+00:00,1.2049,0.17,1.0073362252880191,4501311.54429024
2017-08-06 00:00:00+00:00,1.1986,0.1657,1.0014027862458172,4803956.34381633
2017-08-07 00:00:00+00:00,1.2401,0.1936,1.0111013325890015,5807160.03869517
2017-08-08 00:00:00+00:00,1.1709,0.1459,1.0199257360741685,4601073.87614762
2017-08-09 00:00:00+00:00,1.1478,0.1287,1.0070679624196974,3748020.5224806
2017-08-10 00:00:00+00:00,1.1806,0.1529,1.0083283244285397,5636677.62025483
2017-08-11 00:00:00+00:00,1.1932,0.1619,1.016299421313602,5816526.58661785
2017-08-12 00:00:00+00:00,1.3354,0.2511,1.0286838049067955,6202255.9103512
2017-08-13 00:00:00+00:00,1.3144,0.2391,1.0457906980366665,6146403.00183941
2017-08-14 00:00:00+00:00,1.3316,0.249,1.0324076104372442,6140221.91056517
2017-08-15 00:00:00+00:00,1.342,0.2548,1.0181892558829284,6312918.70983798
2017-08-16 00:00:00+00:00,1.2976,0.2293,1.0079203445548648,5701512.88583824
2017-08-17 00:00:00+00:00,1.319,0.2418,1.0131875941236181,6393358.90819675
2017-08-18 00:00:00+00:00,1.3755,0.2729,1.0110397284847599,6543007.3084984
2017-08-19 00:00:00+00:00,1.4441,0.3075,1.0226645112503174,6434369.52551839
2017-08-20 00:00:00+00:00,1.5078,0.3367,1.0242156859009308,6477465.56947077
2017-08-21 00:00:00+00:00,1.547,0.3535,1.025562320217871,6439902.39993291
2017-08-22 00:00:00+00:00,1.4913,0.3294,1.0157958082615242,6207052.11057003
2017-08-23 00:00:00+00:00,1.5301,0.3464,1.014139469584432,6507911.89606296
2017-08-24 00:00:00+00:00,1.5037,0.3349,1.0200699067777799,6324680.84894912
2017-08-25 00:00:00+00:00,1.4196,0.2955,1.0080572207098908,5712781.84069431
2017-08-26 00:00:00+00:00,1.4218,0.2966,1.0137418815174297,5915537.96257741
2017-08-27 00:00:00+00:00,1.3969,0.2841,1.013815613972708,5902945.34942395
2017-08-28 00:00:00+00:00,1.3522,0.2604,1.0073419872548885,5116446.46180394
2017-08-29 00:00:00+00:00,1.3625,0.266,1.0078169483365897,5647485.28415037
2017-08-30 00:00:00+00:00,1.3752,0.2728,1.0124444148782645,5954379.0640577
2017-08-31 00:00:00+00:00,1.394,0.2826,1.0094584680257541,6302642.09421459
2017-09-01 00:00:00+00:00,1.4256,0.2985,1.0199368647882392,6524607.48966101
2017-09-02 00:00:00+00:00,1.4084,0.2899,1.0118130408607902,6413958.21747658
2017-09-03 00:00:00+00:00,1.4133,0.2924,1.0117329312671794,6549316.7238417
2017-09-04 00:00:00+00:00,1.4002,0.2858,1.0133363101949038,6547890.02962174
2017-09-05 00:00:00+00:00,1.4574,0.3138,1.0226576451247387,6749491.45132868
2017-09-06 00:00:00+00:00,1.4422,0.3065,1.0153954941618857,6527595.56321032
2017-09-07 00:00:00+00:00,1.473,0.3211,1.0284569859529804,6655684.41281412
2017-09-08 00:00:00+00:00,1.5056,0.3357,1.0225883730642837,6811263.91268511
2017-09-09 00:00:00+00:00,1.3889,0.28,1.0123579769020916,5879783.09111904
2017-09-10 00:00:00+00:00,1.3972,0.2842,1.007807273890447,6202818.53276667
2017-09-11 00:00:00+00:00,1.3154,0.2397,1.0044638633351426,5634392.36280953
2017-09-12 00:00:00+00:00,1.344,0.2559,1.0015421938112754,6094673.1283722
2017-09-13 00:00:00+00:00,1.3721,0.2711,1.0131180871488235,6263871.19965437
2017-09-14 00:00:00+00:00,1.3657,0.2677,1.0272008987638546,6400424.45480395
2017-09-15 00:00:00+00:00,1.2724,0.214,1.0029673326063677,5028032.92642964
2017-09-16 00:00:00+00:00,1.2708,0.2131,1.0003890619934543,5078955.81286786
2017-09-17 00:00:00+00:00,1.2544,0.2027,1.0071033589435394,4884834.38352594
2017-09-18 00:00:00+00:00,1.2355,0.1905,0.9994693418068925,4790168.92264036
2017-09-19 00:00:00+00:00,1.2199,0.1802,1.0017811016264062,4477547.34678193
2017-09-20 00:00:00+00:00,1.1489,0.1296,0.9897055430320087,3953795.86063999
2017-09-21 00:00:00+00:00,0.9797,-0.0207,0.9850289550769717,3177746.05104296
2017-09-22 00:00:00+00:00,1.1069,0.0966,0.9845266008997638,4114659.18417081
2017-09-23 00:00:00+00:00,1.101,0.0917,1.003212715661858,4074092.68812874
2017-09-24 00:00:00+00:00,1.1008,0.0915,0.9968737069426499,4092452.41533771
2017-09-25 00:00:00+00:00,1.1914,0.1606,1.0075870934589883,4650786.55434964
2017-09-26 00:00:00+00:00,1.1586,0.1368,1.002688762289309,4284316.73661757
2017-09-27 00:00:00+00:00,1.1629,0.1401,1.002875496445112,4384990.13486201
2017-09-28 00:00:00+00:00,1.0704,0.0657,0.9955753276060417,3766024.3407641
2017-09-29 00:00:00+00:00,1.0609,0.0574,0.9929970907995664,3832962.58420394
2017-09-30 00:00:00+00:00,1.1069,0.0965,1.0019398493375624,4156550.94909995
2017-10-01 00:00:00+00:00,1.0821,0.0758,0.997893223840553,3887930.79690989
2017-10-02 00:00:00+00:00,1.1532,0.1328,1.0045881304470596,4663467.46040938
2017-10-03 00:00:00+00:00,1.1408,0.1234,1.0020357275682128,4356241.49770785
2017-10-04 00:00:00+00:00,1.2168,0.1781,1.00817055146162,5633560.69682421
2017-10-05 00:00:00+00:00,1.2085,0.1725,1.0110882907510657,5470131.8947368
2017-10-06 00:00:00+00:00,1.2044,0.1697,1.0054580020244093,5320804.72485236
2017-10-07 00:00:00+00:00,1.2429,0.1954,1.0075933593203537,6139100.0313934
2017-10-08 00:00:00+00:00,1.2442,0.1962,1.0073298360971983,6278078.634538
2017-10-09 00:00:00+00:00,1.2467,0.1978,1.0105385682657644,6161173.6271456
2017-10-10 00:00:00+00:00,1.2182,0.179,1.0035632324054578,5623583.45671936
2017-10-11 00:00:00+00:00,1.1962,0.164,1.0019367450781618,5224923.74936751
2017-10-12 00:00:00+00:00,1.2222,0.1817,1.004707995073126,5942373.86886792
2017-10-13 00:00:00+00:00,1.228,0.1856,1.0085692105110198,6106018.12640371
2017-10-14 00:00:00+00:00,1.229,0.1863,1.007616149967075,6295340.69972985
2017-10-15 00:00:00+00:00,1.2854,0.222,1.0120439088788118,6852246.92380387
2017-10-16 00:00:00+00:00,1.3283,0.2471,1.0134268276936977,6949879.62048517
2017-10-17 00:00:00+00:00,1.3232,0.2442,1.0178193539284386,6891653.40275799
2017-10-18 00:00:00+00:00,1.3172,0.2408,1.0083142783432455,6862485.33470515
2017-10-19 00:00:00+00:00,1.4436,0.3072,1.0184001081918865,7109711.49893574
2017-10-20 00:00:00+00:00,1.4938,0.3305,1.031040502268617,6949796.94342097
2017-10-21 00:00:00+00:00,1.5181,0.3413,1.01759219030024,7079493.74793174
2017-10-22 00:00:00+00:00,1.5005,0.3335,1.012443133533591,6945186.53496373
2017-10-23 00:00:00+00:00,1.4939,0.3306,1.0132090021034001,7049340.08918675
2017-10-24 00:00:00+00:00,1.4508,0.3107,1.0065931253250695,6546804.98971198
2017-10-25 00:00:00+00:00,1.4378,0.3045,1.004997837385046,6562167.78676463
2017-10-26 00:00:00+00:00,1.4627,0.3163,1.017873776133146,7025566.68751312
2017-10-27 00:00:00+00:00,1.5227,0.3432,1.0136165627576763,7125541.84462443
2017-10-28 00:00:00+00:00,1.5356,0.3488,1.0161997101315068,6994003.95489327
2017-10-29 00:00:00+00:00,1.4861,0.327,1.0155591080501039,6851655.97350153
2017-10-30 00:00:00+00:00,1.4517,0.3111,1.0260673207806428,6743564.27778008
2017-10-31 00:00:00+00:00,1.3484,0.2583,1.014088451561178,5619056.5380477
2017-11-01 00:00:00+00:00,1.3873,0.2791,1.002524078124722,6457616.23308113
2017-11-02 00:00:00+00:00,1.4269,0.2991,1.01214047363859,6727765.60538818
2017-11-03 00:00:00+00:00,1.3882,0.2796,1.009087083388749,6437866.28696602
2017-11-04 00:00:00+00:00,1.3828,0.2768,1.0050303301977779,6361030.369759
2017-11-05 00:00:00+00:00,1.4787,0.3237,1.009170067864275,7135672.31828377
2017-11-06 00:00:00+00:00,1.45,0.3103,1.0115370507957928,6945776.15599644
2017-11-07 00:00:00+00:00,1.5088,0.3372,1.0133518083254003,7182597.21548554
2017-11-08 00:00:00+00:00,1.5476,0.3538,1.0189441495382883,7185957.72463366
2017-11-09 00:00:00+00:00,1.6248,0.3845,1.0301846463761504,7100469.72028712
2017-11-10 00:00:00+00:00,1.6297,0.3864,1.0162295887665145,6977494.31312097
2017-11-11 00:00:00+00:00,1.6667,0.4,1.0054393956393386,7156221.17121282
2017-11-12 00:00:00+00:00,1.6485,0.3933,1.0050730744061165,6991585.08964315
2017-11-13 00:00:00+00:00,1.5672,0.3619,1.0117134702834099,6513359.6794712
2017-11-14 00:00:00+00:00,1.5502,0.3549,1.0058618479605217,6538145.85857789
2017-11-15 00:00:00+00:00,1.5979,0.3741,1.0069662887404043,6927395.42834865
2017-11-16 00:00:00+00:00,1.5335,0.3478,1.0187302519210022,6271746.49803985
2017-11-17 00:00:00+00:00,1.414,0.2928,1.0095808181096764,5916901.42084921
2017-11-18 00:00:00+00:00,1.3505,0.2595,1.0049866493002768,5658913.1070527
2017-11-19 00:00:00+00:00,1.3026,0.2323,1.0046845031215021,5588104.97824931
2017-11-20 00:00:00+00:00,1.353,0.2609,1.0014978249145194,6089518.6434616
2017-11-21 00:00:00+00:00,1.3717,0.2709,1.005057323523331,6273067.42411653
2017-11-22 00:00:00+00:00,1.4877,0.3278,1.0150548440707092,6975118.52495167
2017-11-23 00:00:00+00:00,1.5836,0.3685,1.0123671946782065,7391521.12152431
2017-11-24 00:00:00+00:00,1.5371,0.3494,1.020044644197374,7013831.3758666
2017-11-25 00:00:00+00:00,1.5358,0.3488,1.010497651325527,7138757.02266454
2017-11-26 00:00:00+00:00,1.5722,0.3639,1.0052388196261233,7362700.42743836
2017-11-27 00:00:00+00:00,1.5968,0.3737,1.00911347970033,7428679.64342294
2017-11-28 00:00:00+00:00,1.5473,0.3537,1.0157313188676864,6998345.63837796
2017-11-29 00:00:00+00:00,1.5592,0.3586,1.0086312978946512,7182128.35264411
2017-11-30 00:00:00+00:00,1.5319,0.3471,1.0077118527022024,6757738.54858994
2017-12-01 00:00:00+00:00,1.5333,0.3478,1.013471710127799,7345207.92661551
2017-12-02 00:00:00+00:00,1.6013,0.3755,1.0172348170326921,7487710.99283468
2017-12-03 00:00:00+00:00,1.6901,0.4083,1.0297028690396524,7393583.07397144
2017-12-04 00:00:00+00:00,1.7101,0.4152,1.0300547194087586,7340754.51693277
2017-12-05 00:00:00+00:00,1.7139,0.4165,1.0308681303409792,7356671.0419866
2017-12-06 00:00:00+00:00,1.6582,0.3969,1.0310108352633043,6867221.71641653
2017-12-07 00:00:00+00:00,1.6384,0.3896,1.0142327744337596,6832413.66871507
2017-12-08 00:00:00+00:00,1.7786,0.4377,1.0205660494041116,7396295.49230836
2017-12-09 00:00:00+00:00,1.7735,0.4361,1.0243632076858051,7394611.61172764
2017-12-10 00:00:00+00:00,1.7748,0.4365,1.0200962512152187,7334430.1473168
2017-12-11 00:00:00+00:00,1.8073,0.4466,1.0173797270183436,7408672.48784069
2017-12-12 00:00:00+00:00,1.8219,0.4511,1.017339049317912,7337970.28753904
2017-12-13 00:00:00+00:00,2.0228,0.5056,1.0221190996464276,7527378.25119411
2017-12-14 00:00:00+00:00,2.344,0.5733,1.0491513099909713,7594985.14547776
2017-12-15 00:00:00+00:00,2.1564,0.5362,1.053686183628496,7520176.69590844
2017-12-16 00:00:00+00:00,1.9259,0.4807,1.0183091522307879,7075231.21717626
2017-12-17 00:00:00+00:00,2.0244,0.506,1.0276045830250673,7300570.74956122
2017-12-18 00:00:00+00:00,2.1941,0.5442,1.0359483650032526,7551386.99360641
2017-12-19 00:00:00+00:00,2.1435,0.5334,1.0261987907585801,7540428.77620622
2017-12-20 00:00:00+00:00,1.9955,0.4988,1.023015057684928,6873202.5069176
2017-12-21 00:00:00+00:00,1.9714,0.4927,1.0161457027122527,6845910.97527794
2017-12-22 00:00:00+00:00,2.0652,0.5157,1.0194567305764957,7569865.61325465
2017-12-23 00:00:00+00:00,2.2334,0.5522,1.0256807204861735,7774143.32081394
2017-12-24 00:00:00+00:00,2.1732,0.5398,1.0304699323022355,7512937.90005626
2017-12-25 00:00:00+00:00,2.0778,0.5187,1.0158671271462463,7363622.20091861
2017-12-26 00:00:00+00:00,1.9149,0.4777,1.018751476360719,6781232.17091326
2017-12-27 00:00:00+00:00,1.7993,0.4442,1.0136437075033116,6437368.34736915
2017-12-28 00:00:00+00:00,1.645,0.392,1.0105925030001934,5927892.14077597
2017-12-29 00:00:00+00:00,1.5345,0.3483,0.9901704543542107,6038030.29920506
2017-12-30 00:00:00+00:00,1.6818,0.4053,1.0087425855726757,6305494.5378597
2017-12-31 00:00:00+00:00,1.5149,0.3398,0.9990886956182218,5678678.20982456
2018-01-01 00:00:00+00:00,1.5066,0.3362,1.0027653672581702,5592805.04926564
2018-01-02 00:00:00+00:00,1.6481,0.3932,1.0061879059358794,6391988.48899653
2018-01-03 00:00:00+00:00,1.5478,0.3539,1.0215030565388217,5962722.71799662
2018-01-04 00:00:00+00:00,1.4177,0.2946,1.0021850525797016,4841118.20546855
2018-01-05 00:00:00+00:00,1.4457,0.3083,1.0069607092808965,5782274.23744462
2018-01-06 00:00:00+00:00,1.3034,0.2327,0.9977433050930976,4619667.29246418
2018-01-07 00:00:00+00:00,1.3784,0.2745,0.993388195988533,4909350.52254012
2018-01-08 00:00:00+00:00,1.3295,0.2478,0.9964854675412502,4860101.06792512
2018-01-09 00:00:00+00:00,1.4463,0.3085,1.0074940211077092,5997989.79137769
2018-01-10 00:00:00+00:00,1.4465,0.3086,1.0080039100755114,5963033.23345877
2018-01-11 00:00:00+00:00,1.4283,0.2998,1.0114839378426064,5837579.09642011
2018-01-12 00:00:00+00:00,1.5877,0.3701,1.011740602754449,6762856.73730468
2018-01-13 00:00:00+00:00,1.5596,0.3588,1.01442180637833,6686422.90448466
2018-01-14 00:00:00+00:00,1.4962,0.3316,1.0095020949123819,6010326.837699
2018-01-15 00:00:00+00:00,1.3614,0.2654,0.99823072753071,5242372.97099927
2018-01-16 00:00:00+00:00,1.3042,0.2332,1.0039665071446828,4916408.23276233
2018-01-17 00:00:00+00:00,1.3083,0.2356,1.003676937555675,5158074.35058886
2018-01-18 00:00:00+00:00,1.2067,0.1713,0.9974541535643932,3807650.09790375
2018-01-19 00:00:00+00:00,1.2353,0.1904,1.0009384445627967,4183776.91208286
2018-01-20 00:00:00+00:00,1.2813,0.2195,1.00429891529175,4450932.51274881
2018-01-21 00:00:00+00:00,1.211,0.1742,0.9979582677163639,3947887.51433468
2018-01-22 00:00:00+00:00,1.2356,0.1906,1.0018125124891732,4237598.11257868
2018-01-23 00:00:00+00:00,0.994,-0.006,0.9838603474375855,3101611.26566762
2018-01-24 00:00:00+00:00,1.005,0.0049,0.9752044535398858,3358552.20997683
2018-01-25 00:00:00+00:00,1.0071,0.007,0.9956782135839535,3330426.06436858
2018-01-26 00:00:00+00:00,1.0261,0.0254,0.9907813233503422,3381280.38222844
2018-01-27 00:00:00+00:00,1.1558,0.1347,0.99955503228594,4046139.57399267
2018-01-28 00:00:00+00:00,1.0208,0.0203,0.9875171644876725,3202815.14457119
2018-01-29 00:00:00+00:00,0.9526,-0.0497,0.9829382792027873,2899437.93573768
2018-01-30 00:00:00+00:00,1.0035,0.0035,0.9807210217914826,3164418.80812447
2018-01-31 00:00:00+00:00,1.0084,0.0083,0.9919886154546098,3390382.52072107
2018-02-01 00:00:00+00:00,1.0141,0.0139,0.9939090295180685,3412462.79854205
2018-02-02 00:00:00+00:00,0.9805,-0.0199,1.0031139742158053,2976071.86464515
2018-02-03 00:00:00+00:00,1.0329,0.0318,0.999181843334468,3764436.79205049
2018-02-04 00:00:00+00:00,1.0528,0.0501,1.0059104253290416,3957319.28679204
2018-02-05 00:00:00+00:00,0.9983,-0.0017,0.9959343276954299,3197038.75405358
2018-02-06 00:00:00+00:00,0.9119,-0.0966,0.9827868093539643,2397796.81809069
2018-02-07 00:00:00+00:00,0.9014,-0.1093,0.9845382793555351,2467102.87357874
2018-02-08 00:00:00+00:00,0.8248,-0.2124,0.9770580592156888,2269384.16109362
2018-02-09 00:00:00+00:00,0.659,-0.5175,0.9028737870666002,1634588.05401871
2018-02-10 00:00:00+00:00,0.8399,-0.1905,0.9803796313988621,2572356.91720341
2018-02-11 00:00:00+00:00,0.7667,-0.3042,0.9661388165198984,2252544.29297566
2018-02-12 00:00:00+00:00,0.6681,-0.4968,0.9526973573053268,1650857.25672422
2018-02-13 00:00:00+00:00,0.7218,-0.3853,0.9420616131897087,2174323.79608555
2018-02-14 00:00:00+00:00,0.7252,-0.3788,0.9776278561561839,2097460.04562406
2018-02-15 00:00:00+00:00,0.7787,-0.2841,0.9720960925268576,2570075.52543337
2018-02-16 00:00:00+00:00,0.8082,-0.2373,0.9780529414909039,3000812.67376398
2018-02-17 00:00:00+00:00,0.8062,-0.2404,0.9984549363482962,2940016.11709331
2018-02-18 00:00:00+00:00,0.7856,-0.2728,0.9908472316943513,2737313.6709319
2018-02-19 00:00:00+00:00,0.8418,-0.1879,0.9987680466097268,3220523.11221216
2018-02-20 00:00:00+00:00,0.8059,-0.2408,0.9890752736548967,2768023.55909495
2018-02-21 00:00:00+00:00,0.8909,-0.1224,1.0027686093609518,3462431.75059614
2018-02-22 00:00:00+00:00,0.95,-0.0526,1.0095369235950786,3673221.05688308
2018-02-23 00:00:00+00:00,0.9573,-0.0445,1.0067087335911769,3775585.26370167
2018-02-24 00:00:00+00:00,1.0362,0.0349,1.0089621130673174,4202624.70838516
2018-02-25 00:00:00+00:00,0.9769,-0.0236,1.0047087637290328,3646774.25842208
2018-02-26 00:00:00+00:00,1.0341,0.033,1.0093006888692964,4277610.7453544
2018-02-27 00:00:00+00:00,1.0497,0.0473,1.017751858062136,4257805.65828656
2018-02-28 00:00:00+00:00,0.9664,-0.0347,1.0022098717369035,3402421.87472936
2018-03-01 00:00:00+00:00,0.9115,-0.0971,0.9992415804178039,2948091.71859848
2018-03-02 00:00:00+00:00,0.9284,-0.077,0.9962484326096954,3360229.75587442
2018-03-03 00:00:00+00:00,0.8858,-0.1289,0.995882536664446,2683675.81049152
2018-03-04 00:00:00+00:00,0.8808,-0.1353,0.9863062132029069,2658579.48160223
2018-03-05 00:00:00+00:00,0.9433,-0.0601,0.9999192572961193,3508121.91808355
2018-03-06 00:00:00+00:00,0.9776,-0.0229,1.0105160106196387,3775914.05820505
2018-03-07 00:00:00+00:00,0.9625,-0.039,0.9969709447166725,3683899.09581642
2018-03-08 00:00:00+00:00,1.0005,0.0004,1.0004805416779592,4241725.37380765
2018-03-09 00:00:00+00:00,1.0053,0.0052,1.0079867776894198,4266479.37625444
2018-03-10 00:00:00+00:00,1.0388,0.0373,1.006816172418188,4669543.2954503
2018-03-11 00:00:00+00:00,1.0416,0.0399,1.0076649390731298,4757365.73772658
2018-03-12 00:00:00+00:00,1.0489,0.0466,1.0239695586406306,4779404.92710911
2018-03-13 00:00:00+00:00,0.967,-0.034,0.999064614176672,3447299.10107578
2018-03-14 00:00:00+00:00,0.9,-0.1111,0.9790696438754382,2582514.76402416
2018-03-15 00:00:00+00:00,0.8459,-0.1822,0.9793662931652867,2135833.82052312
2018-03-16 00:00:00+00:00,0.8426,-0.1867,0.9431540017716831,2271993.03129452
2018-03-17 00:00:00+00:00,0.8036,-0.2444,0.9790101341654779,2006093.92425715
2018-03-18 00:00:00+00:00,0.8697,-0.1498,0.9906779855490954,2500649.33637676
2018-03-19 00:00:00+00:00,0.8336,-0.1996,0.9913602042816979,2185252.29216175
2018-03-20 00:00:00+00:00,0.8352,-0.1972,0.9906553047577059,2276091.89255398
2018-03-21 00:00:00+00:00,0.7523,-0.3292,0.9746568839437385,1379384.84287008
2018-03-22 00:00:00+00:00,0.7578,-0.3196,0.9848369798726565,1588404.96956998
2018-03-23 00:00:00+00:00,0.7808,-0.2806,0.9800857717724472,1801662.66361393
2018-03-24 00:00:00+00:00,0.7259,-0.3775,0.9923064672784476,1068724.31343052
2018-03-25 00:00:00+00:00,0.7537,-0.3267,0.984370338388168,1499433.24876565
2018-03-26 00:00:00+00:00,0.7822,-0.2783,0.9957844118738147,1950724.01964815
2018-03-27 00:00:00+00:00,0.8195,-0.2202,0.9946721166462779,2391258.58941451
2018-03-28 00:00:00+00:00,0.8145,-0.2277,0.9992847750275788,2234156.84792906
2018-03-29 00:00:00+00:00,0.7977,-0.2535,0.9876545668588111,2091873.69493011
2018-03-30 00:00:00+00:00,0.7968,-0.255,0.9890002928575385,2152876.07864015
2018-03-31 00:00:00+00:00,0.7878,-0.2694,0.9985050717392656,1871686.96459379
2018-04-01 00:00:00+00:00,0.786,-0.2723,0.98292878754824,1831252.28399751
2018-04-02 00:00:00+00:00,0.7494,-0.3344,0.9823345728756424,1194165.89003684
2018-04-03 00:00:00+00:00,0.7278,-0.3739,0.9852739123875665,861960.09921438
2018-04-04 00:00:00+00:00,0.7308,-0.3684,0.9828105438742698,1081132.87295868
2018-04-05 00:00:00+00:00,0.6605,-0.5141,0.9521284870143635,352189.86377102
2018-04-06 00:00:00+00:00,0.6328,-0.5802,0.9622990583912078,304268.08462231
2018-04-07 00:00:00+00:00,0.6427,-0.5558,0.9846419573382488,338720.27490811
2018-04-08 00:00:00+00:00,0.6316,-0.5831,0.9706423328365557,317829.82447304
2018-04-09 00:00:00+00:00,0.6516,-0.5345,0.9902028541297871,562202.99337534
2018-04-10 00:00:00+00:00,0.6899,-0.4493,0.9920094933476076,953308.88686247
2018-04-11 00:00:00+00:00,0.6298,-0.5877,0.9842170975575701,244049.9379176
2018-04-12 00:00:00+00:00,0.6342,-0.5767,0.9745539602495267,387909.92568365
2018-04-13 00:00:00+00:00,0.6177,-0.6189,0.9782181096275081,273226.76423343
2018-04-14 00:00:00+00:00,0.6471,-0.5454,0.9811773098571661,620501.15482176
2018-04-15 00:00:00+00:00,0.6558,-0.5248,0.9867153484564702,794766.31555245
2018-04-16 00:00:00+00:00,0.6287,-0.5906,0.9823811345505428,348129.93836645
2018-04-17 00:00:00+00:00,0.6412,-0.5596,0.9813223723625112,571409.67804436
2018-04-18 00:00:00+00:00,0.65,-0.5384,0.9776918998597934,813166.75237861
2018-04-19 00:00:00+00:00,0.7366,-0.3576,0.9967820738444179,1479845.88052809
2018-04-20 00:00:00+00:00,0.7423,-0.347,1.0113510858424752,1402716.8087201
2018-04-21 00:00:00+00:00,0.7509,-0.3317,0.9946880176184196,1543411.75453952
2018-04-22 00:00:00+00:00,0.7764,-0.2879,1.0020247825618487,2051986.18979712
2018-04-23 00:00:00+00:00,0.7492,-0.3346,0.9959965928220311,1448259.93827034
2018-04-24 00:00:00+00:00,0.7334,-0.3635,0.994271469132359,1025367.54594066
2018-04-25 00:00:00+00:00,0.7601,-0.3156,0.9971922661141625,1730959.5882686
2018-04-26 00:00:00+00:00,0.7716,-0.296,0.9987760272043784,2014132.65652536
2018-04-27 00:00:00+00:00,0.8208,-0.2183,1.0022709426672796,2657793.82424043
2018-04-28 00:00:00+00:00,0.8196,-0.22,1.0065650168176257,2594048.38944472
2018-04-29 00:00:00+00:00,0.8195,-0.2202,1.0017916142385797,2504686.04601254
2018-04-30 00:00:00+00:00,0.8273,-0.2086,1.0054152090099189,2691899.96716058
2018-05-01 00:00:00+00:00,0.8866,-0.1279,1.0076867464650539,3085322.637737
2018-05-02 00:00:00+00:00,0.8433,-0.1858,1.003643942416378,2597056.2788955
2018-05-03 00:00:00+00:00,0.8527,-0.1727,0.9992473839744971,2771474.2934599
2018-05-04 00:00:00+00:00,0.8343,-0.1985,1.0001255242617106,2445753.26550353
2018-05-05 00:00:00+00:00,0.8631,-0.1585,1.0017011107119398,2967814.21884167
2018-05-06 00:00:00+00:00,0.8696,-0.15,0.9998623026594946,3046478.44254841
2018-05-07 00:00:00+00:00,0.8529,-0.1724,0.999316901992472,2609090.14180855
2018-05-08 00:00:00+00:00,0.8412,-0.1887,0.9971139194236893,2473419.58193351
2018-05-09 00:00:00+00:00,0.8541,-0.1707,0.9991559552495763,2780926.61288403
2018-05-10 00:00:00+00:00,0.9024,-0.1081,1.0027545313403254,3345894.4613401
2018-05-11 00:00:00+00:00,0.8953,-0.1169,1.0051927773070697,3298314.7476629
2018-05-12 00:00:00+00:00,0.9074,-0.102,1.0026830140803207,3352718.12752843
2018-05-13 00:00:00+00:00,0.8901,-0.1234,0.9980093097576919,3083706.62137332
2018-05-14 00:00:00+00:00,0.8713,-0.1477,0.997523389434829,2858391.3845734
2018-05-15 00:00:00+00:00,0.8628,-0.1589,0.9969319716817553,2572044.69763433
2018-05-16 00:00:00+00:00,0.8727,-0.1459,0.9987607063957987,2793311.79186532
2018-05-17 00:00:00+00:00,0.8552,-0.1693,0.9984792283307221,2200938.96163167
2018-05-18 00:00:00+00:00,0.7975,-0.2538,0.9881542862489481,1290845.75592298
2018-05-19 00:00:00+00:00,0.8113,-0.2326,0.9929138141366108,1473723.96734996
2018-05-20 00:00:00+00:00,0.8352,-0.1973,0.9971258387077481,1926239.74700853
2018-05-21 00:00:00+00:00,0.8358,-0.1964,0.9956314213241153,1868220.63586876
2018-05-22 00:00:00+00:00,0.8249,-0.2122,0.9951632075641351,1504626.12806416
2018-05-23 00:00:00+00:00,0.819,-0.2209,0.984981685701757,1351883.88089164
2018-05-24 00:00:00+00:00,0.7979,-0.2533,0.9861644116433035,797969.73875568
2018-05-25 00:00:00+00:00,0.8201,-0.2192,0.9884154179458111,1284144.02227103
2018-05-26 00:00:00+00:00,0.8239,-0.2137,0.9968844063988549,1234189.73097957
2018-05-27 00:00:00+00:00,0.8557,-0.1686,0.9991255067082134,2124006.07605847
2018-05-28 00:00:00+00:00,0.8473,-0.1802,0.9992856543647105,1816822.8794309
2018-05-29 00:00:00+00:00,0.8098,-0.2349,0.9911282397703045,765506.57023397
2018-05-30 00:00:00+00:00,0.7618,-0.3126,0.9826628041448312,513762.96413496
2018-05-31 00:00:00+00:00,0.7732,-0.2933,0.9871067486948657,686325.94725674
2018-06-01 00:00:00+00:00,0.7588,-0.3178,0.9871060051594873,523141.98661229
2018-06-02 00:00:00+00:00,0.7532,-0.3276,0.9919467188362212,448273.41740382
2018-06-03 00:00:00+00:00,0.7563,-0.3223,0.9901349982500148,555662.59764226
2018-06-04 00:00:00+00:00,0.7368,-0.3571,0.9859962701301231,375415.6766259
2018-06-05 00:00:00+00:00,0.7769,-0.2871,0.9919676713536635,796232.67063082
2018-06-06 00:00:00+00:00,0.773,-0.2935,0.9949396202742025,690665.81199143
2018-06-07 00:00:00+00:00,0.7898,-0.2661,0.9945550996223336,794993.94601621
2018-06-08 00:00:00+00:00,0.7957,-0.2566,0.9933632521456859,995112.08008606
2018-06-09 00:00:00+00:00,0.8107,-0.2335,0.9988891600988065,1140358.01706753
2018-06-10 00:00:00+00:00,0.8195,-0.2201,0.9989563077549016,1225152.64797453
2018-06-11 00:00:00+00:00,0.8047,-0.2426,0.9946834211669331,790630.66278458
2018-06-12 00:00:00+00:00,0.8204,-0.2189,0.9922315936746555,1211127.21743829
2018-06-13 00:00:00+00:00,0.8412,-0.1887,0.9949807461116901,1368897.55138914
2018-06-14 00:00:00+00:00,0.8477,-0.1795,0.9980097889509639,1277073.59575007
2018-06-15 00:00:00+00:00,0.8467,-0.1811,0.9949722384979333,1181421.77489006
2018-06-16 00:00:00+00:00,0.8465,-0.1812,0.9968403223567117,1055007.15991409
2018-06-17 00:00:00+00:00,0.755,-0.3245,0.9824163936429089,102321.16224437
2018-06-18 00:00:00+00:00,0.769,-0.3003,0.982097192654185,366516.06216154
2018-06-19 00:00:00+00:00,0.7441,-0.3439,0.9875847121595741,29190.48398564
2018-06-20 00:00:00+00:00,0.7257,-0.3779,0.9773724658161963,124217.60878269
2018-06-21 00:00:00+00:00,0.7674,-0.3031,0.9933660503379041,363375.88571212
2018-06-22 00:00:00+00:00,0.7473,-0.3381,0.9935608660611803,70188.57336527
2018-06-23 00:00:00+00:00,0.7579,-0.3194,0.9919673721030227,270656.1497141
2018-06-24 00:00:00+00:00,0.7573,-0.3203,0.9899255512725023,201081.5442908
2018-06-25 00:00:00+00:00,0.7865,-0.2714,0.9896586907993743,569303.3621028
2018-06-26 00:00:00+00:00,0.7953,-0.2573,0.9969403564073325,706564.85218141
2018-06-27 00:00:00+00:00,0.7994,-0.251,0.9948196286525782,760106.52514847
2018-06-28 00:00:00+00:00,0.7957,-0.2567,0.9944771471754075,590853.64154303
2018-06-29 00:00:00+00:00,0.7256,-0.3781,0.9876806246626194,37789.11571107
2018-06-30 00:00:00+00:00,0.7392,-0.3527,0.9918431039167326,152817.16986544
2018-07-01 00:00:00+00:00,0.7405,-0.3505,0.9828539902634745,167804.52486104
2018-07-02 00:00:00+00:00,0.7541,-0.326,0.9950910234800143,275360.12222741
2018-07-03 00:00:00+00:00,0.7439,-0.3442,0.9877393295735014,99381.19354196
2018-07-04 00:00:00+00:00,0.7526,-0.3286,0.9829228730331121,345108.91854963
2018-07-05 00:00:00+00:00,0.7262,-0.377,0.9850177545820868,35783.06829222
2018-07-06 00:00:00+00:00,0.7688,-0.3008,0.986224494535703,620387.34932498
2018-07-07 00:00:00+00:00,0.7833,-0.2766,1.0034013327165288,620328.40839445
2018-07-08 00:00:00+00:00,0.7925,-0.2618,0.9643441445960991,801154.83962049
2018-07-09 00:00:00+00:00,0.8222,-0.2161,1.000324502018568,1125321.99682013
2018-07-10 00:00:00+00:00,0.8203,-0.219,0.9988723704058061,967789.93975844
2018-07-11 00:00:00+00:00,0.8303,-0.2044,0.997113900755129,1166442.55005557
2018-07-12 00:00:00+00:00,0.8132,-0.2296,0.9965232436767155,885011.81917079
2018-07-13 00:00:00+00:00,0.8227,-0.2154,0.9883205373369688,1068647.78286458
2018-07-14 00:00:00+00:00,0.843,-0.1862,0.9988579765572919,1570201.66232848
2018-07-15 00:00:00+00:00,0.8369,-0.1949,0.9868207621449656,1310270.53332781
2018-07-16 00:00:00+00:00,0.8356,-0.1967,0.9997179913246939,1167954.47341823
2018-07-17 00:00:00+00:00,0.7978,-0.2534,0.9924211873334722,419061.03635535
2018-07-18 00:00:00+00:00,0.8015,-0.2477,0.9864090042821627,654452.18608375
2018-07-19 00:00:00+00:00,0.7763,-0.2881,0.9892769168643377,239941.60750278
2018-07-20 00:00:00+00:00,0.7841,-0.2753,0.9912100701876805,356421.02717023
2018-07-21 00:00:00+00:00,0.7894,-0.2667,0.9937301230357082,539405.14987427
2018-07-22 00:00:00+00:00,0.8069,-0.2393,0.9981683216860338,690126.98364442
2018-07-23 00:00:00+00:00,0.8485,-0.1785,0.9980909136259445,1514661.13410044
2018-07-24 00:00:00+00:00,0.9302,-0.075,1.0099996072966788,2048862.703791
2018-07-25 00:00:00+00:00,0.9319,-0.073,1.0121190389927817,2023049.01614432
2018-07-26 00:00:00+00:00,0.9483,-0.0544,1.007397072054729,2264972.29705687
2018-07-27 00:00:00+00:00,0.9304,-0.0748,1.0056263470779374,1803149.6208597
2018-07-28 00:00:00+00:00,0.9433,-0.0601,1.0007980558995575,2081657.52340463
2018-07-29 00:00:00+00:00,0.9501,-0.0525,1.00345642555718,1982738.91187138
2018-07-30 00:00:00+00:00,0.9877,-0.0124,1.010035874977879,2570349.81117871
2018-07-31 00:00:00+00:00,1.0651,0.061,1.0154517774678746,3185837.72250458
2018-08-01 00:00:00+00:00,1.0506,0.0481,1.0143754060495103,2925682.34854127
2018-08-02 00:00:00+00:00,1.0121,0.0119,1.006580950826607,2383207.12904075
2018-08-03 00:00:00+00:00,1.0473,0.0451,1.003731738643892,2765083.35475083
2018-08-04 00:00:00+00:00,1.0492,0.0468,1.0073273658533646,2785379.85162247
2018-08-05 00:00:00+00:00,1.0516,0.049,1.0165944592705707,2866401.67403271
2018-08-06 00:00:00+00:00,1.0433,0.0415,1.0041497665727224,2714178.75850816
2018-08-07 00:00:00+00:00,0.9861,-0.0141,1.0002949162230066,2069435.30099622
2018-08-08 00:00:00+00:00,0.9763,-0.0242,0.9950126075120305,1999557.36224587
2018-08-09 00:00:00+00:00,0.9766,-0.0239,0.9994033452286643,1882319.16293311
2018-08-10 00:00:00+00:00,0.9647,-0.0366,0.9939919286580154,1658874.72602639
2018-08-11 00:00:00+00:00,0.9135,-0.0946,0.9950615926974912,1353109.97260508
2018-08-12 00:00:00+00:00,0.9181,-0.0892,0.9946954621649317,1430395.91743159
2018-08-13 00:00:00+00:00,0.9096,-0.0993,0.9952754302736482,1271190.76659257
2018-08-14 00:00:00+00:00,0.8845,-0.1305,0.9949493975570214,1029922.64673348
2018-08-15 00:00:00+00:00,0.8283,-0.2073,0.984757363597363,306651.10693891
2018-08-16 00:00:00+00:00,0.8733,-0.145,0.9878516453265654,979407.10831788
2018-08-17 00:00:00+00:00,0.8173,-0.2235,0.9906128781124445,111061.70952383
2018-08-18 00:00:00+00:00,0.8563,-0.1678,0.9883644165724816,671769.084265
2018-08-19 00:00:00+00:00,0.8478,-0.1795,0.9926091345849282,489894.15106813
2018-08-20 00:00:00+00:00,0.8422,-0.1873,0.9905026457242865,394667.81099339
2018-08-21 00:00:00+00:00,0.8359,-0.1963,0.9807978401291708,418452.89182432
2018-08-22 00:00:00+00:00,0.8563,-0.1678,0.9978311991470951,588306.61484384
2018-08-23 00:00:00+00:00,0.8549,-0.1697,0.9939026409482131,492292.58617046
2018-08-24 00:00:00+00:00,0.8906,-0.1227,0.999634075708905,1416836.59686525
2018-08-25 00:00:00+00:00,0.8714,-0.1475,0.9964000722805787,926992.97882528
2018-08-26 00:00:00+00:00,0.8873,-0.127,0.9977702222018698,1310050.06600519
2018-08-27 00:00:00+00:00,0.8593,-0.1637,0.9960528892433648,434909.03402586
2018-08-28 00:00:00+00:00,0.8857,-0.129,0.9944636056018414,1307111.59952342
2018-08-29 00:00:00+00:00,0.8754,-0.1423,0.9995699759492482,757070.00622398
2018-08-30 00:00:00+00:00,0.8968,-0.115,0.9933408656058951,1469832.19974255
2018-08-31 00:00:00+00:00,0.9204,-0.0865,0.9982197486874385,1835957.7763552
2018-09-01 00:00:00+00:00,0.927,-0.0786,1.0038382693880104,1961983.65366151
2018-09-02 00:00:00+00:00,0.9206,-0.0862,1.0001318976405658,1722436.55229257
2018-09-03 00:00:00+00:00,0.9307,-0.0744,0.9982778106596992,2085440.3848258
2018-09-04 00:00:00+00:00,0.9748,-0.0258,1.0046692998675197,2358355.53992183
2018-09-05 00:00:00+00:00,0.9692,-0.0317,1.0030913829990886,2179376.88591493
2018-09-06 00:00:00+00:00,0.9539,-0.0483,0.997750545507288,2114317.11907224
2018-09-07 00:00:00+00:00,0.9639,-0.0374,1.0015585783875869,2202419.47522363
2018-09-08 00:00:00+00:00,0.9848,-0.0154,1.0038843485071771,2420686.05312991
2018-09-09 00:00:00+00:00,0.9958,-0.0042,1.0043700267055857,2431788.39009652
2018-09-10 00:00:00+00:00,0.9932,-0.0068,1.0046836151554936,2376280.7742341
2018-09-11 00:00:00+00:00,1.0031,0.003,1.0068896051685183,2411053.98049101
2018-09-12 00:00:00+00:00,0.9465,-0.0564,0.9960222530223555,1718838.22065609
2018-09-13 00:00:00+00:00,0.8898,-0.1237,0.9842379034663511,1172970.39013232
2018-09-14 00:00:00+00:00,0.8805,-0.1357,0.9948494128511363,725505.59742057
2018-09-15 00:00:00+00:00,0.8509,-0.1752,0.9937948166603279,225336.76676487
2018-09-16 00:00:00+00:00,0.8617,-0.1605,0.9921610216521624,344865.03421945
2018-09-17 00:00:00+00:00,0.8723,-0.1463,0.9878709717366068,507399.88036242
2018-09-18 00:00:00+00:00,0.8694,-0.1502,0.9923671976239062,439742.11584615
2018-09-19 00:00:00+00:00,0.8775,-0.1396,0.9914767470682981,706631.39136945
2018-09-20 00:00:00+00:00,0.9022,-0.1083,0.9972261642058154,1480734.97507612
2018-09-21 00:00:00+00:00,0.9102,-0.0986,0.9997123924825577,1645309.76110669
2018-09-22 00:00:00+00:00,0.9119,-0.0965,0.9999239912063084,1688785.59491946
2018-09-23 00:00:00+00:00,0.9051,-0.1048,0.9985276994531628,1475756.97882914
2018-09-24 00:00:00+00:00,0.8752,-0.1425,0.9950210525448945,355115.84564178
2018-09-25 00:00:00+00:00,0.8884,-0.1256,0.9961893708204893,770434.14573244
2018-09-26 00:00:00+00:00,0.8984,-0.113,0.9975187783768024,1056949.27357345
2018-09-27 00:00:00+00:00,0.9126,-0.0957,0.9982378893938761,1666187.79724518
2018-09-28 00:00:00+00:00,0.9521,-0.0503,1.0036771269807145,2288732.17662186
2018-09-29 00:00:00+00:00,0.9459,-0.0572,1.0004952884088831,2025819.64675507
2018-09-30 00:00:00+00:00,0.9472,-0.0557,1.0005047197710537,2058742.44155078
2018-10-01 00:00:00+00:00,0.936,-0.0684,0.9987528206613665,1726460.16425897
2018-10-02 00:00:00+00:00,0.9108,-0.0979,0.9942883906922325,1068365.65616494
2018-10-03 00:00:00+00:00,0.9214,-0.0852,0.9996259980663122,1409667.72638342
2018-10-04 00:00:00+00:00,0.9548,-0.0473,0.9997068399355972,2127048.85450256
2018-10-05 00:00:00+00:00,0.9462,-0.0568,1.0019230292268964,1899963.09306642
2018-10-06 00:00:00+00:00,0.9472,-0.0557,0.9977222642524732,1898179.25526521
2018-10-07 00:00:00+00:00,0.9498,-0.0529,1.000002539869597,1925192.48062343
2018-10-08 00:00:00+00:00,0.9441,-0.0592,0.9990089022778851,1797371.51807435
2018-10-09 00:00:00+00:00,0.9427,-0.0607,0.9980675613344648,1738902.98102366
2018-10-10 00:00:00+00:00,0.9349,-0.0695,0.9937554951766776,1393705.4695967
2018-10-11 00:00:00+00:00,0.9472,-0.0557,1.000260161617465,1787290.2692297
2018-10-12 00:00:00+00:00,0.9569,-0.045,0.9993575368123186,2108634.49424331
2018-10-13 00:00:00+00:00,0.9518,-0.0506,0.9995799042982223,1896293.45693072
2018-10-14 00:00:00+00:00,0.9513,-0.0511,0.9988731608636747,1773328.07537162
2018-10-15 00:00:00+00:00,0.9641,-0.0372,1.0007687142797246,2230035.42205952
2018-10-16 00:00:00+00:00,0.9636,-0.0377,0.9988861620468916,2134534.09635437
2018-10-17 00:00:00+00:00,0.9559,-0.046,0.999245232697067,1903408.32895624
2018-10-18 00:00:00+00:00,0.9128,-0.0955,0.9887354084010159,211726.1314409
2018-10-19 00:00:00+00:00,0.9186,-0.0885,0.995373838277305,291863.79528715
2018-10-20 00:00:00+00:00,0.921,-0.0857,0.9966761630680571,303979.87767942
2018-10-21 00:00:00+00:00,0.9274,-0.0782,0.9984921776005985,369255.13937348
2018-10-22 00:00:00+00:00,0.9637,-0.0376,1.0035434572830872,1521530.18196525
2018-10-23 00:00:00+00:00,0.9648,-0.0364,1.0035840186277023,1497868.88157249
2018-10-24 00:00:00+00:00,0.9652,-0.036,0.9993942121256143,1473944.05467783
2018-10-25 00:00:00+00:00,0.957,-0.0449,0.9988722316101235,1131727.13058666
2018-10-26 00:00:00+00:00,0.9619,-0.0396,0.9983128347666558,1177756.50591318
2018-10-27 00:00:00+00:00,0.966,-0.0351,0.9990127883780325,1351438.72949992
2018-10-28 00:00:00+00:00,0.9754,-0.0252,1.0013335820863245,1808718.79873267
2018-10-29 00:00:00+00:00,0.9657,-0.0354,0.9982726203690772,1166091.94597403
2018-10-30 00:00:00+00:00,0.9647,-0.0366,0.997830657022316,1092178.36565286
2018-10-31 00:00:00+00:00,0.9682,-0.0328,1.0004240635262667,1332416.09788835
2018-11-01 00:00:00+00:00,0.9672,-0.0339,0.9984575948163465,1142609.46853811
2018-11-02 00:00:00+00:00,0.969,-0.032,0.9993537689826615,1219377.92033586
2018-11-03 00:00:00+00:00,0.9694,-0.0315,0.9993254575456813,1206791.1098806
2018-11-04 00:00:00+00:00,0.9679,-0.0331,0.9977199471162597,1053977.39683282
2018-11-05 00:00:00+00:00,0.9478,-0.055,0.9946640342196881,486233.91825277
2018-11-06 00:00:00+00:00,0.9507,-0.0518,0.9952457080275486,610245.65353887
2018-11-07 00:00:00+00:00,0.9545,-0.0476,0.996397791793912,921408.69992626
2018-11-08 00:00:00+00:00,0.9631,-0.0383,0.9984579398817233,1050042.96768894
2018-11-09 00:00:00+00:00,0.9647,-0.0365,1.0003418441197478,916100.25950503
2018-11-10 00:00:00+00:00,0.9588,-0.0429,0.9983326691524509,884642.30595544
2018-11-11 00:00:00+00:00,0.9762,-0.0243,1.0006811011079753,1576280.36069134
2018-11-12 00:00:00+00:00,0.9722,-0.0286,1.000614171022747,1371527.69461784
2018-11-13 00:00:00+00:00,0.9798,-0.0206,1.0004318477923808,1985631.28743979
2018-11-14 00:00:00+00:00,0.9907,-0.0093,1.0028378746208102,2477740.51384035
2018-11-15 00:00:00+00:00,0.9785,-0.0219,0.9993786896527832,1528256.55855576
2018-11-16 00:00:00+00:00,0.9626,-0.0388,0.9976259282674897,740377.45412962
2018-11-17 00:00:00+00:00,0.9701,-0.0308,0.9991944626811741,1131182.09446752
2018-11-18 00:00:00+00:00,0.9625,-0.0389,0.9986147866435573,729781.98555414
2018-11-19 00:00:00+00:00,0.9673,-0.0338,0.9985403409367299,742877.56349627
2018-11-20 00:00:00+00:00,0.9687,-0.0323,0.9983484449968125,917948.78961375
2018-11-21 00:00:00+00:00,0.852,-0.1737,0.9788662013837279,65653.79604971
2018-11-22 00:00:00+00:00,0.8623,-0.1597,0.977497562988534,283028.53831037
2018-11-23 00:00:00+00:00,0.8592,-0.1639,0.986961893305887,111334.25250036
2018-11-24 00:00:00+00:00,0.8663,-0.1543,0.9923020663649974,299332.04505814
2018-11-25 00:00:00+00:00,0.8738,-0.1444,0.9939296364868071,582388.023492
2018-11-26 00:00:00+00:00,0.7703,-0.2982,0.9668477673364698,30627.41197862
2018-11-27 00:00:00+00:00,0.8052,-0.2419,0.9653451849816834,558441.77439049
2018-11-28 00:00:00+00:00,0.7346,-0.3612,0.9729339303944076,185979.73793467
2018-11-29 00:00:00+00:00,0.7231,-0.3829,0.979454885555961,67320.50964849
2018-11-30 00:00:00+00:00,0.7045,-0.4195,0.974522976530307,193163.13643184
2018-12-01 00:00:00+00:00,0.6329,-0.5799,0.9713008962459725,67535.84425821
2018-12-02 00:00:00+00:00,0.6618,-0.5109,0.9519417160552242,236066.25931302
2018-12-03 00:00:00+00:00,0.6223,-0.6069,0.9708059205922106,86438.21976613
2018-12-04 00:00:00+00:00,0.6462,-0.5475,0.9614920004821179,392653.46285644
2018-12-05 00:00:00+00:00,0.7184,-0.3919,0.9868432652820409,561930.87425685
2018-12-06 00:00:00+00:00,0.7243,-0.3807,0.9920996915204492,594506.10273876
2018-12-07 00:00:00+00:00,0.6909,-0.4474,0.9826616874615398,346621.6771201
2018-12-08 00:00:00+00:00,0.7303,-0.3692,0.9965667601310837,693800.44265025
2018-12-09 00:00:00+00:00,0.7211,-0.3868,0.9935890446391479,545676.062732
2018-12-10 00:00:00+00:00,0.6857,-0.4583,0.9825016254640929,394845.46880754
2018-12-11 00:00:00+00:00,0.7114,-0.4055,0.9911587603107777,508834.89632394
2018-12-12 00:00:00+00:00,0.69,-0.4493,0.9781971389079945,260597.17766755
2018-12-13 00:00:00+00:00,0.6768,-0.4774,0.9687002955560396,15014.92636443
2018-12-14 00:00:00+00:00,0.641,-0.5599,0.959772182454656,177201.13369931
2018-12-15 00:00:00+00:00,0.6384,-0.5664,0.9817122582895064,116020.56311222
2018-12-16 00:00:00+00:00,0.6805,-0.4695,0.9913065596209099,347603.02096299
2018-12-17 00:00:00+00:00,0.6603,-0.5145,0.9832785761798565,262779.47202917
2018-12-18 00:00:00+00:00,0.646,-0.5479,0.972403536934239,58804.33548538
2018-12-19 00:00:00+00:00,0.6682,-0.4966,0.9879981211150148,451394.39261401
2018-12-20 00:00:00+00:00,0.6392,-0.5643,0.9806011678245974,61121.95430318
2018-12-21 00:00:00+00:00,0.6272,-0.5944,0.975775264140697,32976.9841544
2018-12-22 00:00:00+00:00,0.6313,-0.5839,0.9818030908245933,163382.99897098
2018-12-23 00:00:00+00:00,0.6353,-0.5741,0.9827908365731152,161009.03324499
2018-12-24 00:00:00+00:00,0.697,-0.4346,0.9898281998973344,805169.07393454
2018-12-25 00:00:00+00:00,0.7124,-0.4037,0.9635781682907196,969252.95180527
2018-12-26 00:00:00+00:00,0.7468,-0.339,0.9994805878732412,1182465.70669128
2018-12-27 00:00:00+00:00,0.8124,-0.2309,1.0044531409060318,2237420.6714524
2018-12-28 00:00:00+00:00,0.7739,-0.2921,1.0005384456544706,1455755.76048271
2018-12-29 00:00:00+00:00,0.7987,-0.252,0.9969521544991626,2007329.93108461
2018-12-30 00:00:00+00:00,0.7962,-0.2559,1.0003020605613229,1788768.66616705
2018-12-31 00:00:00+00:00,0.8192,-0.2207,1.0048923503467488,2215072.21317317
2019-01-01 00:00:00+00:00,0.7651,-0.307,0.986236111830953,1116082.10853274
2019-01-02 00:00:00+00:00,0.7788,-0.2841,0.9944862195346119,1279881.81225159
2019-01-03 00:00:00+00:00,0.7382,-0.3546,0.99128241447056,599275.3123415
2019-01-04 00:00:00+00:00,0.8013,-0.2479,0.9857120916810171,1697099.74761946
2019-01-05 00:00:00+00:00,0.8094,-0.2354,1.0005909141391507,1996207.01843496
2019-01-06 00:00:00+00:00,0.7933,-0.2606,0.9932746624532168,1388222.97820276
2019-01-07 00:00:00+00:00,0.7677,-0.3025,0.99010589968282,659918.60094747
2019-01-08 00:00:00+00:00,0.7954,-0.2572,0.9924903749221256,1426009.55943167
2019-01-09 00:00:00+00:00,0.8123,-0.231,1.0002047737186033,1954009.15740525
2019-01-10 00:00:00+00:00,0.7911,-0.2639,0.9958769572691746,1188275.01677214
2019-01-11 00:00:00+00:00,0.8016,-0.2475,0.9948223901573714,1512813.31572814
2019-01-12 00:00:00+00:00,0.8017,-0.2474,0.9990951666167142,1347698.71144305
2019-01-13 00:00:00+00:00,0.849,-0.1778,1.0003725397695,2611718.78942529
2019-01-14 00:00:00+00:00,0.843,-0.1861,1.0008792315935586,2478552.78801969
2019-01-15 00:00:00+00:00,0.8428,-0.1865,0.9978151022922804,2381197.18083749
2019-01-16 00:00:00+00:00,0.8445,-0.184,1.000541933530374,2430106.96423508
2019-01-17 00:00:00+00:00,0.7676,-0.3027,0.9848653745446913,580898.04408809
2019-01-18 00:00:00+00:00,0.7736,-0.2926,0.9893180422955766,652011.37903495
2019-01-19 00:00:00+00:00,0.7749,-0.2904,0.9927756657504614,537108.34256195
2019-01-20 00:00:00+00:00,0.751,-0.3315,0.9899096240612352,375958.05355125
2019-01-21 00:00:00+00:00,0.7906,-0.2648,0.9812877153469377,964491.14937575
2019-01-22 00:00:00+00:00,0.7818,-0.2791,0.9606460240503774,536726.52346227
2019-01-23 00:00:00+00:00,0.787,-0.2707,0.9925554406672359,589605.49863548
2019-01-24 00:00:00+00:00,0.7959,-0.2563,0.9929330372194003,1031481.60415291
2019-01-25 00:00:00+00:00,0.7959,-0.2564,0.9927851682263334,756156.19887076
2019-01-26 00:00:00+00:00,0.8146,-0.2275,0.9999704559295092,1391008.99462123
2019-01-27 00:00:00+00:00,0.7826,-0.2778,0.9921135391441089,453310.16176996
2019-01-28 00:00:00+00:00,0.784,-0.2755,0.9907082510586225,405279.17414137
2019-01-29 00:00:00+00:00,0.7975,-0.2538,0.993120708347888,731293.72478769
2019-01-30 00:00:00+00:00,0.7925,-0.2617,0.9967556083779332,593763.85931493
2019-01-31 00:00:00+00:00,0.8004,-0.2493,0.9965688867149947,743014.70286935
2019-02-01 00:00:00+00:00,0.8035,-0.2445,0.9968714598832262,755318.6231938
2019-02-02 00:00:00+00:00,0.8024,-0.2462,0.9977030831922072,623866.37026121
2019-02-03 00:00:00+00:00,0.8022,-0.2465,0.9953013009653147,557721.55102471
2019-02-04 00:00:00+00:00,0.779,-0.2837,0.9906303997250447,378583.4337014
2019-02-05 00:00:00+00:00,0.7762,-0.2883,0.9930669983142578,281655.60267601
2019-02-06 00:00:00+00:00,0.7888,-0.2677,0.9957265681214785,512860.37340031
2019-02-07 00:00:00+00:00,0.7855,-0.273,0.9965706615880878,443788.78811322
2019-02-08 00:00:00+00:00,0.7962,-0.2559,0.9949293632623734,757929.06138567
2019-02-09 00:00:00+00:00,0.7975,-0.2539,0.9972161795889144,762523.91057568
2019-02-10 00:00:00+00:00,0.7904,-0.2651,0.9952963536689421,345257.00498018
2019-02-11 00:00:00+00:00,0.7941,-0.2592,0.9954868979848776,424929.77840334
2019-02-12 00:00:00+00:00,0.7992,-0.2512,0.9986289201014837,540098.51697737
2019-02-13 00:00:00+00:00,0.7887,-0.2678,0.996235634495813,244285.1479605
2019-02-14 00:00:00+00:00,0.7902,-0.2655,0.996346173535428,206996.49843833
2019-02-15 00:00:00+00:00,0.8491,-0.1777,1.0001798616866402,1524503.18213149
2019-02-16 00:00:00+00:00,0.8521,-0.1736,1.0021938723430357,1586101.66331612
2019-02-17 00:00:00+00:00,0.8621,-0.1599,1.0003782212864512,1869573.8317772
2019-02-18 00:00:00+00:00,0.8543,-0.1705,0.9998735371693399,1304150.1694901
2019-02-19 00:00:00+00:00,0.8527,-0.1728,0.9982116816023511,1286874.54524144
2019-02-20 00:00:00+00:00,0.8542,-0.1707,0.9975434312746035,1271690.57704954
2019-02-21 00:00:00+00:00,0.8531,-0.1722,0.9988253837670791,1059387.50312174
2019-02-22 00:00:00+00:00,0.8563,-0.1678,0.9986449750353662,1289518.11221994
2019-02-23 00:00:00+00:00,0.8609,-0.1615,0.9991669235164783,1408647.62693607
2019-02-24 00:00:00+00:00,0.867,-0.1534,0.9989712901067905,1705730.88417548
2019-02-25 00:00:00+00:00,0.9272,-0.0785,1.0080155563482416,3078531.46176893
2019-02-26 00:00:00+00:00,0.9356,-0.0687,1.005547511304788,3126611.71999238
2019-02-27 00:00:00+00:00,0.9477,-0.0552,1.004136550793798,3542249.70270932
2019-02-28 00:00:00+00:00,0.938,-0.0661,1.001664915649788,3031846.6548731
2019-03-01 00:00:00+00:00,0.9513,-0.0511,1.002556958057562,3627023.85850041
2019-03-02 00:00:00+00:00,0.9887,-0.0114,1.0057037757628773,4006899.03710511
2019-03-03 00:00:00+00:00,0.9045,-0.1055,1.0028285588132821,2293116.49337289
2019-03-04 00:00:00+00:00,0.924,-0.0823,0.9954915397033611,2611100.47784548
2019-03-05 00:00:00+00:00,0.9183,-0.0889,0.9994996179674519,2454237.88573406
2019-03-06 00:00:00+00:00,0.923,-0.0834,0.9992287448159938,2555853.72484028
2019-03-07 00:00:00+00:00,0.9205,-0.0863,1.0002213433477496,2319749.07400133
2019-03-08 00:00:00+00:00,0.9293,-0.076,0.9993689020236424,2573334.41226972
2019-03-09 00:00:00+00:00,0.9234,-0.0828,1.003879841226725,2168642.29625173
2019-03-10 00:00:00+00:00,0.9211,-0.0856,0.9999675461760876,2029006.05828667
2019-03-11 00:00:00+00:00,0.9049,-0.105,0.989270286809731,1648407.1217847
2019-03-12 00:00:00+00:00,0.9372,-0.067,1.0011498770710283,2964558.39371521
2019-03-13 00:00:00+00:00,0.9407,-0.063,1.0009562305565607,3178019.13687106
2019-03-14 00:00:00+00:00,0.9449,-0.0582,1.0010673716717384,3159043.52569616
2019-03-15 00:00:00+00:00,0.9396,-0.0642,1.0010293658889582,2733135.34795835
2019-03-16 00:00:00+00:00,0.9608,-0.0408,1.0019259557609512,3572109.92072322
2019-03-17 00:00:00+00:00,0.9614,-0.0401,1.0005444539321342,3541652.7162893
2019-03-18 00:00:00+00:00,0.9498,-0.0528,0.9990471560439664,3048178.9116566
2019-03-19 00:00:00+00:00,0.9529,-0.0494,1.000517524749302,3117227.40324472
2019-03-20 00:00:00+00:00,0.9495,-0.0532,0.9998519433711115,2854986.3365022
2019-03-21 00:00:00+00:00,0.952,-0.0504,1.000282753759236,2827568.44038792
2019-03-22 00:00:00+00:00,0.9655,-0.0357,1.0027750910059283,3474564.93087923
2019-03-23 00:00:00+00:00,0.9914,-0.0086,0.9939392730354951,4205552.88150287
2019-03-24 00:00:00+00:00,0.9864,-0.0138,1.003293063154079,4017702.81015092
2019-03-25 00:00:00+00:00,0.9869,-0.0132,1.0008458986080833,4026805.61636434
2019-03-26 00:00:00+00:00,0.9943,-0.0057,1.0023328162775758,4244357.87286376
2019-03-27 00:00:00+00:00,0.9992,-0.0007,1.001790394213159,4357935.36601351
2019-03-28 00:00:00+00:00,0.9896,-0.0104,1.0019010546608085,3741935.44986368
2019-03-29 00:00:00+00:00,0.9924,-0.0077,1.0001694397825585,3893085.98867393
2019-03-30 00:00:00+00:00,0.9946,-0.0054,1.0003733764995522,4042960.29006649
2019-03-31 00:00:00+00:00,0.9941,-0.0059,1.0005015711252645,3690631.20974107
2019-04-01 00:00:00+00:00,0.9831,-0.0172,0.9995423697513511,2988354.69450612
2019-04-02 00:00:00+00:00,0.9865,-0.0136,0.9993815350468509,3201865.09814395
2019-04-03 00:00:00+00:00,1.0097,0.0096,1.0032326996888787,4367079.9262749
2019-04-04 00:00:00+00:00,1.0099,0.0098,1.0017721246687412,4204144.0762115
2019-04-05 00:00:00+00:00,1.0261,0.0254,1.0030218380214444,4464047.65278134
2019-04-06 00:00:00+00:00,1.0309,0.0299,1.0022549237942067,4441372.44598111
2019-04-07 00:00:00+00:00,1.0372,0.0358,1.004398370474057,4470755.10468908
2019-04-08 00:00:00+00:00,1.0476,0.0454,1.0030262685039217,4506551.41797415
2019-04-09 00:00:00+00:00,1.1983,0.1654,1.0160696699851657,4761976.66469933
2019-04-10 00:00:00+00:00,1.2299,0.1869,1.0266007689408039,4596925.67779809
2019-04-11 00:00:00+00:00,1.2102,0.1736,1.0124760089557028,4466946.49340462
2019-04-12 00:00:00+00:00,1.2349,0.1902,1.0138134473264713,4812685.29896029
2019-04-13 00:00:00+00:00,1.246,0.1974,1.0093078342807174,4829272.6790173
2019-04-14 00:00:00+00:00,1.2744,0.2153,1.0099981313837083,4892324.81574139
2019-04-15 00:00:00+00:00,1.2874,0.2232,1.0126657913451111,4911450.4461707
2019-04-16 00:00:00+00:00,1.2673,0.2108,1.006796436953892,4643313.19169834
2019-04-17 00:00:00+00:00,1.2891,0.2242,1.0070334884771126,4927510.12017542
2019-04-18 00:00:00+00:00,1.2267,0.1848,1.0018780845269297,4433052.26720453
2019-04-19 00:00:00+00:00,1.2341,0.1897,1.001046756626899,4613525.63830069
2019-04-20 00:00:00+00:00,1.2344,0.1898,1.0038949728773618,4545816.50477011
2019-04-21 00:00:00+00:00,1.2487,0.1991,1.0032403883487335,4728500.17002383
2019-04-22 00:00:00+00:00,1.2269,0.1849,1.0029276180268658,4410564.09168345
2019-04-23 00:00:00+00:00,1.2601,0.2064,1.0038071812348064,4799064.48157363
2019-04-24 00:00:00+00:00,1.2605,0.2066,1.0072036919345857,4869108.11236798
2019-04-25 00:00:00+00:00,1.2705,0.2129,1.00341464824838,4959622.0498935
2019-04-26 00:00:00+00:00,1.2631,0.2082,1.0204780385093892,5000315.57941331
2019-04-27 00:00:00+00:00,1.2696,0.2123,1.0034603661200405,4952363.56075172
2019-04-28 00:00:00+00:00,1.2636,0.2086,1.0038568392581244,4897753.76167604
2019-04-29 00:00:00+00:00,1.2804,0.2189,1.0047960771010367,5004700.11848186
2019-04-30 00:00:00+00:00,1.3177,0.2411,1.0072720384645053,4889292.04060326
2019-05-01 00:00:00+00:00,1.2789,0.218,1.0062694434637491,4808582.27807349
2019-05-02 00:00:00+00:00,1.2069,0.1714,1.0031970630412315,3981292.74714788
2019-05-03 00:00:00+00:00,1.2015,0.1677,1.0000179260061681,3910452.8886271
2019-05-04 00:00:00+00:00,1.218,0.1789,1.0021932334713572,4075213.29860363
2019-05-05 00:00:00+00:00,1.1983,0.1655,1.0036029953622314,3821370.38526167
2019-05-06 00:00:00+00:00,1.1973,0.1647,1.0023994804702177,3748432.24030995
2019-05-07 00:00:00+00:00,1.2202,0.1804,1.002996655630383,4176765.57657214
2019-05-08 00:00:00+00:00,1.2286,0.186,1.0039726834006828,4550839.16531873
2019-05-09 00:00:00+00:00,1.24,0.1935,1.0063231393368384,4574612.55141912
2019-05-10 00:00:00+00:00,1.292,0.226,1.0119413790894165,4423162.71221831
2019-05-11 00:00:00+00:00,1.2589,0.2056,1.0058354056059082,4187083.75902872
2019-05-12 00:00:00+00:00,1.2877,0.2234,1.0100022855564315,4219974.90445254
2019-05-13 00:00:00+00:00,1.268,0.2113,1.0148346845920047,3927961.09012828
2019-05-14 00:00:00+00:00,1.2998,0.2306,1.014198066206589,4012442.60350778
2019-05-15 00:00:00+00:00,1.301,0.2313,1.009646436485516,4287751.24062608
2019-05-16 00:00:00+00:00,1.3433,0.2555,1.016552757934554,4302042.3498027
2019-05-17 00:00:00+00:00,1.3687,0.2694,1.0148590538808873,4267217.78943198
2019-05-18 00:00:00+00:00,1.55,0.3548,1.0418063179939834,4287083.59418335
2019-05-19 00:00:00+00:00,1.4428,0.3069,1.038251800229841,4090721.57566245
2019-05-20 00:00:00+00:00,1.5828,0.3681,1.032076847381109,4180557.26057512
2019-05-21 00:00:00+00:00,1.5748,0.365,1.0274668836114227,4156204.74358787
2019-05-22 00:00:00+00:00,1.5884,0.3704,1.021377955448813,4438562.28400474
2019-05-23 00:00:00+00:00,1.4852,0.3266,1.0460941510736794,3842656.87792306
2019-05-24 00:00:00+00:00,1.3689,0.2694,0.9963700116269621,3603716.12487988
2019-05-25 00:00:00+00:00,1.3659,0.2678,1.0051084685906824,3511149.37694692
2019-05-26 00:00:00+00:00,1.5353,0.3486,1.0181531085748723,4431930.29366991
2019-05-27 00:00:00+00:00,1.4756,0.3223,1.0114718678073742,4116994.99399718
2019-05-28 00:00:00+00:00,1.4624,0.3161,1.0170792667562267,4118259.4156024
2019-05-29 00:00:00+00:00,1.4022,0.2868,1.007137223239733,3435925.86858977
2019-05-30 00:00:00+00:00,1.4359,0.3035,1.004279582438928,3893675.49366325
2019-05-31 00:00:00+00:00,1.4464,0.3086,1.0154409316188697,4181429.30869753
2019-06-01 00:00:00+00:00,1.4454,0.3081,1.0072042263372785,4254516.97391809
2019-06-02 00:00:00+00:00,1.5538,0.3564,1.01561689974357,4504418.38284023
2019-06-03 00:00:00+00:00,1.5532,0.3561,1.0204306783065127,4433892.65536705
2019-06-04 00:00:00+00:00,1.5219,0.3429,1.016794760011939,4313502.46294588
2019-06-05 00:00:00+00:00,1.4463,0.3085,1.0901826063081304,4203491.98862963
2019-06-06 00:00:00+00:00,1.3754,0.2729,1.009330969756043,3848339.6017212
2019-06-07 00:00:00+00:00,1.4123,0.2919,1.0036135580046779,4059541.23845068
2019-06-08 00:00:00+00:00,1.4118,0.2917,1.0083883656563357,4067073.98625187
2019-06-09 00:00:00+00:00,1.4326,0.3019,1.0060814238191096,4453402.57446878
2019-06-10 00:00:00+00:00,1.3804,0.2755,1.0071616780196542,3711527.263874
2019-06-11 00:00:00+00:00,1.2492,0.1995,0.9931122767593,2846513.00666625
2019-06-12 00:00:00+00:00,1.2611,0.207,0.999764070344998,2943020.42917402
2019-06-13 00:00:00+00:00,1.2588,0.2056,0.9968961481092886,2914127.76808892
2019-06-14 00:00:00+00:00,1.2991,0.2302,1.0066075948743332,3932426.89443987
2019-06-15 00:00:00+00:00,1.2823,0.2201,1.0016120423192985,3533037.28856784
2019-06-16 00:00:00+00:00,1.2261,0.1844,0.9993819241972548,2657911.57456221
2019-06-17 00:00:00+00:00,1.2769,0.2168,1.0083185087422277,3783352.71070703
2019-06-18 00:00:00+00:00,1.2716,0.2136,1.001640439869678,3547976.92046532
2019-06-19 00:00:00+00:00,1.297,0.229,1.0070545125338302,4096604.27792248
2019-06-20 00:00:00+00:00,1.2997,0.2305,1.0064904532472312,4072419.2097594
2019-06-21 00:00:00+00:00,1.3631,0.2663,1.0081187855046656,4486839.399951
2019-06-22 00:00:00+00:00,1.3744,0.2723,1.0118052966150033,4617262.47256432
2019-06-23 00:00:00+00:00,1.3956,0.2834,1.013361473909287,4485575.71444104
2019-06-24 00:00:00+00:00,1.4281,0.2997,1.0100630725095485,4631778.26099966
2019-06-25 00:00:00+00:00,1.3728,0.2715,1.0041610260674725,4195116.13968714
2019-06-26 00:00:00+00:00,1.4047,0.2881,1.00800285212734,4635472.56493211
2019-06-27 00:00:00+00:00,1.4286,0.3,1.0050526554139625,4627817.91572532
2019-06-28 00:00:00+00:00,1.4669,0.3182,1.0117739981219322,4607595.38347022
2019-06-29 00:00:00+00:00,1.5553,0.357,1.0230507201192691,4466639.85869602
2019-06-30 00:00:00+00:00,1.5601,0.359,1.015186484392188,4539644.12862725
2019-07-01 00:00:00+00:00,1.5696,0.3628,1.0141830479378815,4646631.90284762
2019-07-02 00:00:00+00:00,1.6011,0.3754,1.0129722062088722,4597070.83260499
2019-07-03 00:00:00+00:00,1.7238,0.4198,1.0473623230843843,4609249.52690593
2019-07-04 00:00:00+00:00,1.4869,0.3274,1.01047607778956,4258219.48820024
2019-07-05 00:00:00+00:00,1.6287,0.386,1.0203284976854656,4618081.28767205
2019-07-06 00:00:00+00:00,1.5692,0.3627,1.0124605420343233,4532084.24531053
2019-07-07 00:00:00+00:00,1.4244,0.2979,1.0051819862348639,3951748.69704703
2019-07-08 00:00:00+00:00,1.3599,0.2646,0.9989514847965603,3761670.09634522
2019-07-09 00:00:00+00:00,1.385,0.2779,0.9969363812203901,3967172.90086083
2019-07-10 00:00:00+00:00,1.5227,0.3432,1.0128588591761976,4613082.43961502
2019-07-11 00:00:00+00:00,1.4175,0.2945,1.0122421253813083,4054525.57269314
2019-07-12 00:00:00+00:00,1.388,0.2795,1.0004952066813582,3912050.16787029
2019-07-13 00:00:00+00:00,1.4121,0.2918,1.0086121726659734,4077408.0212464
2019-07-14 00:00:00+00:00,1.4403,0.3056,1.005441648886755,4331859.96569021
2019-07-15 00:00:00+00:00,1.535,0.3485,1.0072773143929772,4753081.71014986
2019-07-16 00:00:00+00:00,1.5516,0.3555,1.0088542232826374,4752825.72318838
2019-07-17 00:00:00+00:00,1.4654,0.3175,1.024927754239383,4389042.9545814
2019-07-18 00:00:00+00:00,1.359,0.2641,1.0004979442908064,3757606.59103796
2019-07-19 00:00:00+00:00,1.4143,0.2929,1.0055700622015806,4302424.01599767
2019-07-20 00:00:00+00:00,1.3498,0.2591,1.0007796619336988,3715948.97865049
2019-07-21 00:00:00+00:00,1.2553,0.2033,0.9957532554596237,3215676.82642058
2019-07-22 00:00:00+00:00,1.2973,0.2291,0.9982800621788056,3562334.29998724
2019-07-23 00:00:00+00:00,1.1266,0.1123,0.9978104031664735,2969517.74569013
2019-07-24 00:00:00+00:00,1.1483,0.1291,0.9953538739419496,3106996.6977669
2019-07-25 00:00:00+00:00,1.2559,0.2037,1.0015102365440023,3573781.72815342
2019-07-26 00:00:00+00:00,1.2362,0.191,1.0075440229817956,3507749.85728841
2019-07-27 00:00:00+00:00,1.287,0.2229,1.0051633678410297,3872118.65840022
2019-07-28 00:00:00+00:00,1.2334,0.1892,1.0025838952746904,3458157.5719023
2019-07-29 00:00:00+00:00,1.2021,0.1681,1.000003603621362,3147290.16532974
2019-07-30 00:00:00+00:00,1.1515,0.1315,0.9965343195797358,2972107.30494765
2019-07-31 00:00:00+00:00,1.1378,0.1211,0.9948744327649052,3061891.6467767
2019-08-01 00:00:00+00:00,1.1481,0.129,1.0030151484125578,3059564.04827876
2019-08-02 00:00:00+00:00,1.1356,0.1194,0.9980401969647984,3051437.19951722
2019-08-03 00:00:00+00:00,1.094,0.0858,0.9965302141763733,2735716.87388956
2019-08-04 00:00:00+00:00,1.0966,0.088,0.9963801764385642,2750433.46336854
2019-08-05 00:00:00+00:00,1.0865,0.0796,1.0032323389409719,2840953.56688538
2019-08-06 00:00:00+00:00,1.0916,0.0839,0.9999180110629873,3001801.33915544
2019-08-07 00:00:00+00:00,1.1413,0.1237,1.002738017321538,3507732.8454604
2019-08-08 00:00:00+00:00,1.177,0.1503,1.0033753317353882,3682750.48070117
2019-08-09 00:00:00+00:00,1.1853,0.1563,1.0119494836181533,3779852.98284159
2019-08-10 00:00:00+00:00,1.2206,0.1807,1.012781277219551,4065083.59714533
2019-08-11 00:00:00+00:00,1.2342,0.1897,1.0052269177629787,4198067.51014801
2019-08-12 00:00:00+00:00,1.3075,0.2351,1.013521331659312,4675277.58302394
2019-08-13 00:00:00+00:00,1.2516,0.201,1.0112182576909712,4084491.25202058
2019-08-14 00:00:00+00:00,1.3091,0.2361,1.0127437235585792,4858072.91905262
2019-08-15 00:00:00+00:00,1.293,0.2265,1.0101960404671975,4699607.70320238
2019-08-16 00:00:00+00:00,1.2914,0.2256,1.0064964355472907,4772387.16937648
2019-08-17 00:00:00+00:00,1.2292,0.1864,1.0007813218085235,3828428.69727101
2019-08-18 00:00:00+00:00,1.2448,0.1966,1.004918800399999,4086076.91389226
2019-08-19 00:00:00+00:00,1.2287,0.1861,1.0023028731329429,3991834.70828567
2019-08-20 00:00:00+00:00,1.167,0.1431,1.007294755964623,3435929.24152873
2019-08-21 00:00:00+00:00,1.0791,0.0733,1.004194014481472,2841219.46394032
2019-08-22 00:00:00+00:00,1.1097,0.0988,0.9934939302620917,3082736.03339947
2019-08-23 00:00:00+00:00,1.1126,0.1012,0.9995218792059545,3153085.74154329
2019-08-24 00:00:00+00:00,1.0953,0.087,0.997907010908974,3039292.76070088
2019-08-25 00:00:00+00:00,1.1089,0.0981,1.0004532029034585,3153921.57381212
2019-08-26 00:00:00+00:00,1.1537,0.1332,1.003575060688083,3724804.44163265
2019-08-27 00:00:00+00:00,1.1471,0.1282,1.000461393565719,3685415.36691827
2019-08-28 00:00:00+00:00,1.0751,0.0698,0.9997996238787127,2814401.6948838
2019-08-29 00:00:00+00:00,1.0771,0.0715,0.9996046184614356,2940100.45549341
2019-08-30 00:00:00+00:00,1.0967,0.0881,1.0499223820898633,3248021.9309661
2019-08-31 00:00:00+00:00,1.0662,0.0621,0.9994187849871391,2842189.97939764
2019-09-01 00:00:00+00:00,1.0628,0.0591,0.999256930276032,2705330.69010004
2019-09-02 00:00:00+00:00,1.0874,0.0803,1.0038993714628344,3112099.46483553
2019-09-03 00:00:00+00:00,1.065,0.061,0.9969930544396589,2897322.25394084
2019-09-04 00:00:00+00:00,1.0205,0.0201,1.001042867188814,2292024.39675278
2019-09-05 00:00:00+00:00,0.9959,-0.0041,0.9836307433376984,1957421.32083995
2019-09-06 00:00:00+00:00,1.0062,0.0061,0.9946459045894712,2325172.148394
2019-09-07 00:00:00+00:00,1.0084,0.0083,0.9970087838961202,2354887.02968249
2019-09-08 00:00:00+00:00,1.0246,0.0239,0.9990398287987748,2563719.38534511
2019-09-09 00:00:00+00:00,1.0859,0.0791,1.0009187212793689,3414034.97693195
2019-09-10 00:00:00+00:00,1.1085,0.0978,1.0106462427336493,3618880.62044287
2019-09-11 00:00:00+00:00,1.1031,0.0934,1.0037856907739455,3541288.51575737
2019-09-12 00:00:00+00:00,1.1002,0.091,1.0026417928486329,3544885.58701521
2019-09-13 00:00:00+00:00,1.0721,0.0672,1.0039640585539207,3038967.88504496
2019-09-14 00:00:00+00:00,1.0843,0.0777,0.9992482360561261,3338777.98693926
2019-09-15 00:00:00+00:00,1.0738,0.0687,1.001981575330089,3150826.55982715
2019-09-16 00:00:00+00:00,1.0666,0.0624,1.0009518274311675,2922599.7604946
2019-09-17 00:00:00+00:00,1.0414,0.0397,0.9981389072954686,2510009.12602354
2019-09-18 00:00:00+00:00,1.035,0.0338,1.021853786880169,2618507.86898747
2019-09-19 00:00:00+00:00,1.0607,0.0572,1.0005266838280893,3272541.47650211
2019-09-20 00:00:00+00:00,1.0532,0.0505,1.0015199136443294,2919025.85486064
2019-09-21 00:00:00+00:00,1.0557,0.0527,1.0017051824547134,3192084.53073394
2019-09-22 00:00:00+00:00,1.0506,0.0481,0.9994401403130426,2839609.58915666
2019-09-23 00:00:00+00:00,1.0438,0.0419,0.998620782908479,2800808.09397516
2019-09-24 00:00:00+00:00,1.0396,0.0381,1.0015039981245244,2695262.93264171
2019-09-25 00:00:00+00:00,1.0318,0.0308,1.0001949089432032,2549675.35579386
2019-09-26 00:00:00+00:00,1.0397,0.0381,0.9945746712101179,2918904.48180778
2019-09-27 00:00:00+00:00,1.0282,0.0274,1.0001016959880733,2583162.84812895
2019-09-28 00:00:00+00:00,1.0096,0.0095,0.9990768395815612,2079068.72606131
2019-09-29 00:00:00+00:00,1.0091,0.0089,0.9995207222677274,2146752.61096858
2019-09-30 00:00:00+00:00,0.9758,-0.0248,0.9976501694004044,1711302.85143831
2019-10-01 00:00:00+00:00,0.8828,-0.1327,0.9745114244113607,1098357.35345676
2019-10-02 00:00:00+00:00,0.8616,-0.1606,0.9674727641728939,1180192.15861667
2019-10-03 00:00:00+00:00,0.8359,-0.1963,0.9587768223424209,995879.01569695
2019-10-04 00:00:00+00:00,0.8472,-0.1803,0.9836702385434787,1180916.04528756
2019-10-05 00:00:00+00:00,0.8417,-0.1881,0.984279038831128,1148128.01738845
2019-10-06 00:00:00+00:00,0.8285,-0.207,0.9893702793400653,998872.35478631
2019-10-07 00:00:00+00:00,0.8476,-0.1797,0.9916980573422929,1280194.89630658
2019-10-08 00:00:00+00:00,0.8574,-0.1663,0.9918286942635051,1243525.19115157
2019-10-09 00:00:00+00:00,0.858,-0.1655,0.9923861367441824,1341571.56402124
2019-10-10 00:00:00+00:00,0.8506,-0.1756,0.9900434786776404,1275063.02786305
2019-10-11 00:00:00+00:00,0.8438,-0.1851,0.9907100986851733,1127996.70702686
2019-10-12 00:00:00+00:00,0.8392,-0.1916,0.9942318147830003,1027952.56601862
2019-10-13 00:00:00+00:00,0.8102,-0.2342,0.9901347289478357,375031.95125725
2019-10-14 00:00:00+00:00,0.8479,-0.1794,0.992571964673641,1258696.94820984
2019-10-15 00:00:00+00:00,0.8443,-0.1844,0.9928683749213689,1088158.81831356
2019-10-16 00:00:00+00:00,0.8854,-0.1294,0.9984896780912135,1690409.43238085
2019-10-17 00:00:00+00:00,0.8825,-0.1331,0.9983086939062585,1621635.37990423
2019-10-18 00:00:00+00:00,0.8545,-0.1702,0.9923786984421221,1130716.0148314
2019-10-19 00:00:00+00:00,0.8559,-0.1683,0.9943658369199947,1260354.43998411
2019-10-20 00:00:00+00:00,0.8505,-0.1757,0.9954330242869455,1067054.14384913
2019-10-21 00:00:00+00:00,0.8579,-0.1656,0.9923266058788203,1299653.44980819
2019-10-22 00:00:00+00:00,0.8396,-0.191,0.9925308067279981,731251.17378705
2019-10-23 00:00:00+00:00,0.8268,-0.2094,0.9880526344851431,580164.55770328
2019-10-24 00:00:00+00:00,0.8326,-0.201,0.9940794741860381,735591.479872
2019-10-25 00:00:00+00:00,0.8235,-0.2143,0.9926195280771377,459131.11767763
2019-10-26 00:00:00+00:00,0.8227,-0.2154,0.9977602874094692,361848.53591344
2019-10-27 00:00:00+00:00,0.8513,-0.1746,0.9984578536617038,1127770.72401002
2019-10-28 00:00:00+00:00,0.8512,-0.1747,0.9994851416266503,1112183.28017713
2019-10-29 00:00:00+00:00,0.8322,-0.2016,0.9975099804171725,473053.62847667
2019-10-30 00:00:00+00:00,0.7731,-0.2934,0.980948877236667,28009.33154838
2019-10-31 00:00:00+00:00,0.7801,-0.2818,0.9708665538840447,169430.17753713
2019-11-01 00:00:00+00:00,0.9008,-0.11,1.0010157920945064,2046928.79035875
2019-11-02 00:00:00+00:00,0.9566,-0.0453,1.035171139977341,2114508.67789637
2019-11-03 00:00:00+00:00,0.9913,-0.0087,1.0105142050960996,2557814.35541779
2019-11-04 00:00:00+00:00,0.9753,-0.0253,1.00735956178794,2123478.37733198
2019-11-05 00:00:00+00:00,0.9739,-0.0267,1.004167357697188,2154801.04704686
2019-11-06 00:00:00+00:00,0.9464,-0.0565,0.9997743344707565,1758151.46176479
2019-11-07 00:00:00+00:00,0.9423,-0.0612,1.0010660403282943,1740975.76078635
2019-11-08 00:00:00+00:00,0.9511,-0.0513,0.9989509502059927,1969678.06699287
2019-11-09 00:00:00+00:00,0.9568,-0.0451,1.001322533405511,1951475.33221261
2019-11-10 00:00:00+00:00,0.945,-0.0582,0.9982896591735736,1771017.78925985
2019-11-11 00:00:00+00:00,0.966,-0.0352,1.0021383580023897,2113953.09728269
2019-11-12 00:00:00+00:00,0.964,-0.0373,0.9670293239657201,2101465.83017885
2019-11-13 00:00:00+00:00,0.9644,-0.0369,0.9987451369086803,2147689.21004606
2019-11-14 00:00:00+00:00,0.9523,-0.0501,0.9986110080176739,1698641.11607803
2019-11-15 00:00:00+00:00,0.912,-0.0964,0.9940400398814022,1270019.55482941
2019-11-16 00:00:00+00:00,0.9106,-0.0981,0.996444030403847,1217479.80647469
2019-11-17 00:00:00+00:00,0.9344,-0.0702,1.0004718493810874,1376491.23298609
2019-11-18 00:00:00+00:00,0.9012,-0.1096,0.9950413066515721,1129944.50825363
2019-11-19 00:00:00+00:00,0.9073,-0.1021,0.9956888383123602,1296142.78447269
2019-11-20 00:00:00+00:00,0.9056,-0.1042,0.997715074869551,1338868.03131882
2019-11-21 00:00:00+00:00,0.8946,-0.1178,0.9959706285548953,1143469.02644326
2019-11-22 00:00:00+00:00,0.8806,-0.1355,0.9959374456485389,1002211.22138937
2019-11-23 00:00:00+00:00,0.8813,-0.1346,0.9962735426055495,1038173.74161716
2019-11-24 00:00:00+00:00,0.8848,-0.1301,0.9985143792632363,1117940.69267679
2019-11-25 00:00:00+00:00,0.855,-0.1696,0.9937676965159102,449377.24504166
2019-11-26 00:00:00+00:00,0.8484,-0.1786,0.9900318652366933,412721.74708235
2019-11-27 00:00:00+00:00,0.8422,-0.1874,0.989833545869251,279727.1411252
2019-11-28 00:00:00+00:00,0.7973,-0.2541,0.9894195924778905,137573.24798102
2019-11-29 00:00:00+00:00,0.7689,-0.3005,0.9722691760897162,143950.99386333
2019-11-30 00:00:00+00:00,0.783,-0.277,0.984739278068294,299714.99423857
2019-12-01 00:00:00+00:00,0.7513,-0.331,0.9866881254443991,7323.40508694
2019-12-02 00:00:00+00:00,0.7765,-0.2878,0.9818480232020557,340282.00677086
2019-12-03 00:00:00+00:00,0.7783,-0.2848,0.9842888428689298,364924.26146224
2019-12-04 00:00:00+00:00,0.8218,-0.2167,0.9799632290855348,746951.25839186
2019-12-05 00:00:00+00:00,0.8123,-0.2311,0.9995429326730225,586077.78168644
2019-12-06 00:00:00+00:00,0.8498,-0.1767,0.9961127834301591,903435.82224108
2019-12-07 00:00:00+00:00,0.8299,-0.2049,0.988882764785325,757932.74309715
2019-12-08 00:00:00+00:00,0.8176,-0.223,0.9900311809534007,607559.4407219
2019-12-09 00:00:00+00:00,0.8113,-0.2326,0.9870549025703057,679366.31776468
2019-12-10 00:00:00+00:00,0.8134,-0.2293,0.9859263498304119,613330.59865997
2019-12-11 00:00:00+00:00,0.8039,-0.2438,0.9989025471095538,437249.25220183
2019-12-12 00:00:00+00:00,0.827,-0.2091,0.9906042478067216,811216.65198791
2019-12-13 00:00:00+00:00,0.841,-0.189,0.9945087356319583,1140276.34742255
2019-12-14 00:00:00+00:00,0.8435,-0.1855,1.0006121435472948,1052615.05769062
2019-12-15 00:00:00+00:00,0.8474,-0.18,0.997981429610229,1073986.12467998
2019-12-16 00:00:00+00:00,0.8292,-0.2059,0.9974047461743958,574752.50926855
2019-12-17 00:00:00+00:00,0.8207,-0.2183,0.9940917536305905,434372.56551579
2019-12-18 00:00:00+00:00,0.8144,-0.2278,0.9956281498103378,324147.0539578
2019-12-19 00:00:00+00:00,0.8164,-0.2249,0.9902939497163219,453111.27247991
2019-12-20 00:00:00+00:00,0.8253,-0.2117,0.9973025372591569,682216.0220739
2019-12-21 00:00:00+00:00,0.8079,-0.2377,0.9946077810499986,112282.96774934
2019-12-22 00:00:00+00:00,0.8108,-0.2333,0.996122217708575,219710.5054492
2019-12-23 00:00:00+00:00,0.7904,-0.2651,0.9894568024463298,57120.5111619
2019-12-24 00:00:00+00:00,0.7631,-0.3103,0.9899104283061733,24755.18740214
2019-12-25 00:00:00+00:00,0.8419,-0.1877,0.9762988227038344,1050938.80974541
2019-12-26 00:00:00+00:00,0.832,-0.2019,0.9988146073350358,700510.43517499
2019-12-27 00:00:00+00:00,0.8359,-0.1963,0.9938197738765345,890122.56679315
2019-12-28 00:00:00+00:00,0.8357,-0.1966,0.997412684499891,649516.68311333
2019-12-29 00:00:00+00:00,0.8697,-0.1498,0.9996566836804603,1490210.24996131
2019-12-30 00:00:00+00:00,0.8552,-0.1693,1.0047480833223756,1114343.10765388
2019-12-31 00:00:00+00:00,0.8473,-0.1801,0.9946900069106349,982951.56203846
2020-01-01 00:00:00+00:00,0.844,-0.1847,0.9606335369620786,844165.99984417
2020-01-02 00:00:00+00:00,0.8477,-0.1796,0.9926388093452059,837609.4846103
2020-01-03 00:00:00+00:00,0.8575,-0.1661,0.9955303161196035,1278631.22038542
2020-01-04 00:00:00+00:00,0.868,-0.1521,0.9988506142183385,1405557.00014264
2020-01-05 00:00:00+00:00,0.8791,-0.1374,1.0003536320026203,1620364.97810198
2020-01-06 00:00:00+00:00,0.8629,-0.1588,0.9814260891196875,1116612.97859109
2020-01-07 00:00:00+00:00,0.8547,-0.17,0.9961388402520114,673115.75497333
2020-01-08 00:00:00+00:00,0.8556,-0.1687,0.9973352823996519,633198.72344535
2020-01-09 00:00:00+00:00,0.8337,-0.1994,0.9927922379272992,194897.8530435
2020-01-10 00:00:00+00:00,0.8852,-0.1296,1.0011175204897094,1467525.63002759
2020-01-11 00:00:00+00:00,0.8903,-0.1232,0.9954635305547344,1667980.40803828
2020-01-12 00:00:00+00:00,0.8916,-0.1215,1.0015726665409197,1577632.42326864
2020-01-13 00:00:00+00:00,0.9437,-0.0597,1.0031383728155374,2173904.85358594
2020-01-14 00:00:00+00:00,0.9863,-0.0139,1.0112806410951254,2384257.08415282
2020-01-15 00:00:00+00:00,0.9754,-0.0251,1.0112800132456605,2199958.00750992
2020-01-16 00:00:00+00:00,0.9498,-0.0527,1.0045615190489543,1857606.03861392
2020-01-17 00:00:00+00:00,0.9791,-0.0213,1.0016670677054704,2346231.05015487
2020-01-18 00:00:00+00:00,0.9768,-0.0237,1.003749813863342,2209390.28740695
2020-01-19 00:00:00+00:00,0.9885,-0.0116,1.004911096370617,2464794.56877528
2020-01-20 00:00:00+00:00,0.9876,-0.0125,1.0042583912247098,2418533.62762976
2020-01-21 00:00:00+00:00,1.0581,0.0549,1.0351839898336543,3327894.70453144
2020-01-22 00:00:00+00:00,1.0551,0.0521,1.0106064999725668,3336861.75426647
2020-01-23 00:00:00+00:00,1.0429,0.041,1.006949829663104,3093184.76695558
2020-01-24 00:00:00+00:00,1.065,0.0609,1.010698337626214,3329038.64748883
2020-01-25 00:00:00+00:00,1.0641,0.0601,1.0070172430140871,3183652.65516329
2020-01-26 00:00:00+00:00,1.0361,0.0348,0.9979781136180135,2778347.13070193
2020-01-27 00:00:00+00:00,1.0359,0.0346,0.9988563925797119,2888093.32511787
2020-01-28 00:00:00+00:00,1.0419,0.0402,1.002165580212791,3048247.20028694
2020-01-29 00:00:00+00:00,1.0312,0.0302,1.002904525040066,2622614.14943494
2020-01-30 00:00:00+00:00,0.999,-0.0009,0.9980880490313428,2258083.29783501
2020-01-31 00:00:00+00:00,1.0103,0.0101,1.0003157465652248,2395984.38203259
2020-02-01 00:00:00+00:00,0.9993,-0.0007,0.9984042702525696,2241612.29103836
2020-02-02 00:00:00+00:00,1.0272,0.0264,1.0011594041623362,2704809.31587449
2020-02-03 00:00:00+00:00,1.0677,0.0634,1.0038798638709434,3451351.94565824
2020-02-04 00:00:00+00:00,1.09,0.0826,1.0091382128046784,3544807.52789202
2020-02-05 00:00:00+00:00,1.112,0.1007,1.0122208164769684,3815633.74178437
2020-02-06 00:00:00+00:00,1.1321,0.1166,1.0111002389775727,3989306.37444441
2020-02-07 00:00:00+00:00,1.106,0.0958,1.0144178309407927,3813966.87053957
2020-02-08 00:00:00+00:00,1.1074,0.0969,1.0046834292742304,3768949.46323925
2020-02-09 00:00:00+00:00,1.1081,0.0975,1.0045912469941707,3859773.77046442
2020-02-10 00:00:00+00:00,1.0989,0.09,1.001809952737455,3389490.37843558
2020-02-11 00:00:00+00:00,1.0844,0.0778,1.0029371998292,3053658.61453029
2020-02-12 00:00:00+00:00,1.1435,0.1255,1.0093389333501452,4156824.49482294
2020-02-13 00:00:00+00:00,1.1439,0.1258,1.0189522047444315,4176787.76266371
2020-02-14 00:00:00+00:00,1.1431,0.1251,1.0147667283291772,4340049.1714306
2020-02-15 00:00:00+00:00,1.1531,0.1327,1.0144714544030007,4410525.40471427
2020-02-16 00:00:00+00:00,1.1778,0.1509,1.0131898563840431,4450403.56380941
2020-02-17 00:00:00+00:00,1.1451,0.1267,1.0103507502953533,4271707.85428746
2020-02-18 00:00:00+00:00,1.1834,0.155,1.0127259175592358,4495351.43021498
2020-02-19 00:00:00+00:00,1.1923,0.1612,1.0112404362793834,4485131.60388537
2020-02-20 00:00:00+00:00,1.1761,0.1497,1.0072783907732448,4360059.39232839
2020-02-21 00:00:00+00:00,1.1875,0.1578,1.0065398431632595,4453488.18821882
2020-02-22 00:00:00+00:00,1.1357,0.1194,1.0025303380044246,4056283.57230387
2020-02-23 00:00:00+00:00,1.132,0.1166,1.0025802105227808,3947211.92448387
2020-02-24 00:00:00+00:00,1.1084,0.0978,0.9986372369402569,3431022.45707591
2020-02-25 00:00:00+00:00,1.163,0.1401,1.0101201712181969,4339038.78658206
2020-02-26 00:00:00+00:00,1.1026,0.093,1.004336962176232,3138780.40897561
2020-02-27 00:00:00+00:00,1.0986,0.0897,0.9959795444209009,3300717.01195742
2020-02-28 00:00:00+00:00,1.1037,0.0939,1.0033585393559636,3370258.42609584
2020-02-29 00:00:00+00:00,1.1021,0.0926,1.0013765776338979,3271210.49114254
2020-03-01 00:00:00+00:00,1.1338,0.118,1.0070954565539467,4097311.86372041
2020-03-02 00:00:00+00:00,1.097,0.0884,1.002225594318681,3047892.153958
2020-03-03 00:00:00+00:00,1.0594,0.056,1.0120603622254376,2698668.68835738
2020-03-04 00:00:00+00:00,1.0,0.0,0.9883825915860428,1943876.20555687
2020-03-05 00:00:00+00:00,0.9982,-0.0018,0.9863244866894577,1932452.98521764
2020-03-06 00:00:00+00:00,0.9954,-0.0046,0.9931080698761489,1925745.58314109
2020-03-07 00:00:00+00:00,0.9825,-0.0178,0.9973621425027894,1608034.49766116
2020-03-08 00:00:00+00:00,0.9735,-0.0272,0.9914066800414357,1534082.74788127
2020-03-09 00:00:00+00:00,1.0173,0.017,0.996314143881176,2342854.60109759
2020-03-10 00:00:00+00:00,0.9995,-0.0005,0.9956298669053801,2045653.64140734
2020-03-11 00:00:00+00:00,1.0018,0.0017,0.9800221572448076,2169483.13990473
2020-03-12 00:00:00+00:00,1.0422,0.0405,1.0057714325086247,2624846.30739402
2020-03-13 00:00:00+00:00,1.0456,0.0435,1.0018756519399108,2791738.10066023
2020-03-14 00:00:00+00:00,1.0207,0.0202,1.0002708567154008,2427425.35974371
2020-03-15 00:00:00+00:00,0.9422,-0.0613,0.990939342813716,1188367.10430463
2020-03-16 00:00:00+00:00,0.9062,-0.1034,0.9778994673550658,1113957.55470651
2020-03-17 00:00:00+00:00,0.9192,-0.0879,0.9865381535504378,1214358.23651662
2020-03-18 00:00:00+00:00,0.923,-0.0834,0.980622085923075,1432486.98485339
2020-03-19 00:00:00+00:00,0.6707,-0.4909,0.9260477226703558,23805.46204139
2020-03-20 00:00:00+00:00,0.7017,-0.425,0.9173537890473829,607574.89141592
2020-03-21 00:00:00+00:00,0.6621,-0.5103,0.9694426212174211,265610.3010776
2020-03-22 00:00:00+00:00,0.6769,-0.4773,0.9698044434122551,458843.10265805
2020-03-23 00:00:00+00:00,0.6402,-0.5619,0.9499463781035158,301967.42250786
2020-03-24 00:00:00+00:00,0.6997,-0.4291,0.9775361623764858,886371.70167742
2020-03-25 00:00:00+00:00,0.6923,-0.4445,0.9868762936256568,774562.94293436
2020-03-26 00:00:00+00:00,0.8061,-0.2405,1.0040341215287283,1288481.87749396
2020-03-27 00:00:00+00:00,0.8026,-0.2459,0.9975205122351966,1131507.48189864
2020-03-28 00:00:00+00:00,0.7993,-0.2511,0.9949887489955674,1018796.02448248
2020-03-29 00:00:00+00:00,0.763,-0.3106,1.004852979132024,788474.60850481
2020-03-30 00:00:00+00:00,0.8361,-0.196,0.998003045626654,1457895.79168882
2020-03-31 00:00:00+00:00,0.8732,-0.1452,1.0154678939617658,1591699.84255108
2020-04-01 00:00:00+00:00,0.8623,-0.1597,0.9993787062903772,1447318.31807298
2020-04-02 00:00:00+00:00,0.8745,-0.1434,0.9996157205929014,1671333.1597589
2020-04-03 00:00:00+00:00,0.8644,-0.1569,0.9993161170943604,1437716.02519941
2020-04-04 00:00:00+00:00,0.8101,-0.2344,0.9859643402284564,913849.54540883
2020-04-05 00:00:00+00:00,0.7685,-0.3011,0.9884589649497753,605206.97252092
2020-04-06 00:00:00+00:00,0.8453,-0.1829,0.9948530301911961,1287849.7941491
2020-04-07 00:00:00+00:00,0.8434,-0.1856,0.9962633221834433,1170851.6704265
2020-04-08 00:00:00+00:00,0.8833,-0.1321,0.9405538463063154,1797939.4466703
2020-04-09 00:00:00+00:00,0.9008,-0.1101,1.009074706938835,1905450.86831145
2020-04-10 00:00:00+00:00,0.8948,-0.1176,1.0033940983510292,1823368.70343579
2020-04-11 00:00:00+00:00,0.9081,-0.1012,0.9990349130589812,1945148.33677324
2020-04-12 00:00:00+00:00,0.8988,-0.1125,1.0028042911373432,1878859.40311253
2020-04-13 00:00:00+00:00,0.9595,-0.0421,1.0164298205675413,2403388.87178891
2020-04-14 00:00:00+00:00,0.947,-0.0559,1.007262986145375,2049303.72938214
2020-04-15 00:00:00+00:00,0.9707,-0.0301,1.008516063284396,2500447.75390493
2020-04-16 00:00:00+00:00,0.9657,-0.0354,1.0051441038471665,2309219.65889657
2020-04-17 00:00:00+00:00,0.9125,-0.0958,0.9551822237540596,1545902.42853706
2020-04-18 00:00:00+00:00,0.915,-0.0928,0.9966984632616976,1607304.9613849
2020-04-19 00:00:00+00:00,0.9357,-0.0687,1.0000933462224235,1944310.16792063
2020-04-20 00:00:00+00:00,0.9167,-0.0908,0.9901808664117528,1835989.82878768
2020-04-21 00:00:00+00:00,0.9211,-0.0856,1.0004345331851554,1847650.24937973
2020-04-22 00:00:00+00:00,0.8875,-0.1267,0.9962454236970231,1167443.82493893
2020-04-23 00:00:00+00:00,0.9581,-0.0437,0.999421043035955,2265162.58316397
2020-04-24 00:00:00+00:00,0.95,-0.0526,1.0037389799658325,2156884.36918529
2020-04-25 00:00:00+00:00,0.9723,-0.0284,1.0034912818959907,2587617.11480742
2020-04-26 00:00:00+00:00,0.9622,-0.0393,1.0008399854580976,2409324.9355364
2020-04-27 00:00:00+00:00,0.9196,-0.0874,0.9974297373417375,1652960.22828382
2020-04-28 00:00:00+00:00,0.9291,-0.0762,0.9940228585472012,1886489.10901715
2020-04-29 00:00:00+00:00,0.9544,-0.0478,1.00330875350398,2273625.71875417
2020-04-30 00:00:00+00:00,1.0089,0.0088,1.0128401266986116,2966025.23973749
2020-05-01 00:00:00+00:00,1.0027,0.0027,1.0076753761267994,2755421.5782287
2020-05-02 00:00:00+00:00,1.0033,0.0032,1.0046549287713284,2819282.75182926
2020-05-03 00:00:00+00:00,1.0208,0.0204,1.002856101837367,2994404.80810011
2020-05-04 00:00:00+00:00,1.0298,0.0289,1.0231497125867723,3037181.92926171
2020-05-05 00:00:00+00:00,1.0291,0.0282,1.0041675587411973,3040845.2509607
2020-05-06 00:00:00+00:00,1.14,0.1227,1.0360918868460702,3437023.94272068
2020-05-07 00:00:00+00:00,1.1216,0.1084,1.0239257115183633,3076803.18296799
2020-05-08 00:00:00+00:00,1.1355,0.1193,1.0148774786579782,3546343.55952541
2020-05-09 00:00:00+00:00,1.1429,0.125,1.0153050934912156,3601280.08140996
2020-05-10 00:00:00+00:00,1.1346,0.1186,1.0246343842744785,3392661.54743015
2020-05-11 00:00:00+00:00,1.1313,0.116,1.0090026226869142,3372373.37315895
2020-05-12 00:00:00+00:00,1.1365,0.1201,1.0055981868292907,3553308.01792756
2020-05-13 00:00:00+00:00,1.1737,0.148,1.0202663114350226,3814624.90908657
2020-05-14 00:00:00+00:00,1.2323,0.1884,1.0303105152108487,4463523.99622721
2020-05-15 00:00:00+00:00,1.2209,0.1809,1.0239739377070587,4254567.15019591
2020-05-16 00:00:00+00:00,1.1766,0.15,1.004818202042673,3516156.41139374
2020-05-17 00:00:00+00:00,1.0742,0.0691,0.9880400114595361,2533657.9306321
2020-05-18 00:00:00+00:00,1.0619,0.0582,0.9900174274313767,2141631.98952066
2020-05-19 00:00:00+00:00,1.0908,0.0832,0.9916809112169809,2912448.25269698
2020-05-20 00:00:00+00:00,1.1505,0.1307,1.0108187759261624,3665912.52938062
2020-05-21 00:00:00+00:00,1.2002,0.1668,1.0135892425458806,4315406.1331495
2020-05-22 00:00:00+00:00,1.1464,0.1277,1.0106261396214142,3509175.75145361
2020-05-23 00:00:00+00:00,1.1514,0.1315,1.00212431847713,3587996.26540705
2020-05-24 00:00:00+00:00,1.1897,0.1594,1.0089270888398065,4042329.438526
2020-05-25 00:00:00+00:00,1.1766,0.15,1.0164121749294226,3932253.73926705
2020-05-26 00:00:00+00:00,1.1727,0.1472,1.0088029999288781,3926249.67701516
2020-05-27 00:00:00+00:00,1.1515,0.1315,1.0088766239249793,3308482.24305895
2020-05-28 00:00:00+00:00,1.0974,0.0887,0.9958773309257696,2776552.4687609
2020-05-29 00:00:00+00:00,1.1099,0.0989,0.9978809331905644,2988143.17658613
2020-05-30 00:00:00+00:00,1.1111,0.0999,1.00127875426077,3017011.56803445
2020-05-31 00:00:00+00:00,1.0873,0.0802,1.0024306512753167,2643221.74678193
2020-06-01 00:00:00+00:00,1.0768,0.0713,0.9870167245293583,2733401.27785677
2020-06-02 00:00:00+00:00,1.0665,0.0623,0.9967713993475668,2500000.40248772
2020-06-03 00:00:00+00:00,1.1014,0.092,1.0029178309060087,3001072.83088093
2020-06-04 00:00:00+00:00,1.1498,0.1302,1.00801958049668,3660789.12851661
2020-06-05 00:00:00+00:00,1.1341,0.1182,1.0078956781036692,3467166.67050388
2020-06-06 00:00:00+00:00,1.1607,0.1384,1.0051691650716859,3959734.77039889
2020-06-07 00:00:00+00:00,1.1319,0.1165,1.0054856560437353,3387218.52586099
2020-06-08 00:00:00+00:00,1.2195,0.18,1.0064265814982831,4625559.95275769
2020-06-09 00:00:00+00:00,1.1305,0.1154,1.0111770476425825,3335966.16617592
2020-06-10 00:00:00+00:00,1.14,0.1228,1.0011919728332737,3802114.11240473
2020-06-11 00:00:00+00:00,1.1588,0.137,1.004851554817798,4351313.22479442
2020-06-12 00:00:00+00:00,1.1431,0.1251,1.001673596559403,3667742.71162206
2020-06-13 00:00:00+00:00,1.1425,0.1247,1.0014645189053104,3694453.76775235
2020-06-14 00:00:00+00:00,1.1537,0.1331,1.0006926529438618,3953482.67869804
2020-06-15 00:00:00+00:00,1.1508,0.131,1.0044389060723669,3968342.39675792
2020-06-16 00:00:00+00:00,1.151,0.1311,1.0039185682578702,4076338.76259337
2020-06-17 00:00:00+00:00,1.1631,0.1401,1.0031334266403602,4448732.10738835
2020-06-18 00:00:00+00:00,1.0944,0.0862,0.9993631611445434,2646793.91484595
2020-06-19 00:00:00+00:00,1.11,0.0991,1.0000508711574967,2935062.16072955
2020-06-20 00:00:00+00:00,1.1106,0.0996,0.9999973200957462,3042765.21555742
2020-06-21 00:00:00+00:00,1.0984,0.0896,1.0003745847214744,2727850.63042446
2020-06-22 00:00:00+00:00,1.1116,0.1003,0.9943160016212846,3085135.79423768
2020-06-23 00:00:00+00:00,1.1182,0.1057,1.0042738453132776,3176566.4980543
2020-06-24 00:00:00+00:00,1.1096,0.0987,1.0006579540224465,2985901.32096666
2020-06-25 00:00:00+00:00,1.0916,0.0839,1.0353229054376387,2655910.80885055
2020-06-26 00:00:00+00:00,1.0882,0.081,0.9995328627696641,2452877.84057781
2020-06-27 00:00:00+00:00,1.0902,0.0827,1.000175030218016,2707276.1793697
2020-06-28 00:00:00+00:00,1.0861,0.0792,1.0015200507466266,2393038.42167255
2020-06-29 00:00:00+00:00,1.1261,0.112,1.0045257027778831,3727934.46992154
2020-06-30 00:00:00+00:00,1.1202,0.1073,1.0040296120086574,3486125.85549479
2020-07-01 00:00:00+00:00,1.0796,0.0736,0.9977841136492172,2343533.36675901
2020-07-02 00:00:00+00:00,1.0763,0.0708,0.9972214524396246,2318341.13578003
2020-07-03 00:00:00+00:00,1.0568,0.0537,1.0268962767792418,2073702.05721209
2020-07-04 00:00:00+00:00,1.043,0.0412,0.9980776479070655,1854865.93474019
2020-07-05 00:00:00+00:00,1.0565,0.0534,0.9966149835070838,2090471.15870139
2020-07-06 00:00:00+00:00,1.0672,0.063,0.9989978500097615,2476213.55667582
2020-07-07 00:00:00+00:00,1.0555,0.0525,1.00448236916189,2108992.63451496
2020-07-08 00:00:00+00:00,1.0671,0.0628,1.0011505054891123,2611314.26179759
2020-07-09 00:00:00+00:00,1.0572,0.054,0.9994577145265665,2326657.02178136
2020-07-10 00:00:00+00:00,1.0485,0.0462,1.000302407992004,1911847.91591621
2020-07-11 00:00:00+00:00,1.0553,0.0524,0.9999740973939556,2172528.51447201
2020-07-12 00:00:00+00:00,1.0493,0.0469,0.9987375626487515,1990843.26954999
2020-07-13 00:00:00+00:00,1.0822,0.0759,1.0023342553558638,2975948.65547365
2020-07-14 00:00:00+00:00,1.0749,0.0696,1.000902190593166,2671535.27129638
2020-07-15 00:00:00+00:00,1.0978,0.089,1.0034515218271753,3433073.09072522
2020-07-16 00:00:00+00:00,1.0736,0.0685,1.0021468012390402,2643024.60088501
2020-07-17 00:00:00+00:00,1.0767,0.0712,0.9985771483322747,2804120.21247606
2020-07-18 00:00:00+00:00,1.075,0.0697,1.0006531317392482,2650672.30886368
2020-07-19 00:00:00+00:00,1.0835,0.077,0.9999926050632897,2952251.60420083
2020-07-20 00:00:00+00:00,1.0758,0.0704,1.0012574937786338,2542265.48493351
2020-07-21 00:00:00+00:00,1.0774,0.0718,0.9996286400428822,2826382.97713939
2020-07-22 00:00:00+00:00,1.0747,0.0695,1.000713228802107,2433633.0170692
2020-07-23 00:00:00+00:00,1.0636,0.0597,0.9990532748437669,2066473.49990066
2020-07-24 00:00:00+00:00,1.0652,0.0612,0.9995686057598704,2285245.88806468
2020-07-25 00:00:00+00:00,1.066,0.0618,1.0000271539543308,2290988.32948064
2020-07-26 00:00:00+00:00,1.0734,0.0683,1.0001498120034922,2581296.46851524
2020-07-27 00:00:00+00:00,1.067,0.0628,1.0000571911616578,2329807.18724051
2020-07-28 00:00:00+00:00,1.0902,0.0827,1.003825125258413,3400818.33107772
2020-07-29 00:00:00+00:00,1.1132,0.1017,1.0027147078104162,3907232.72394022
2020-07-30 00:00:00+00:00,1.1153,0.1033,1.0057045837359382,3981168.51992857
2020-07-31 00:00:00+00:00,1.1107,0.0996,1.0039098785302907,3765970.73257176
2020-08-01 00:00:00+00:00,1.1231,0.1096,1.004699194702131,4094673.80244368
2020-08-02 00:00:00+00:00,1.1478,0.1287,1.008593537205911,4236025.78712444
2020-08-03 00:00:00+00:00,1.2867,0.2228,1.0245079389352338,4351043.68861739
2020-08-04 00:00:00+00:00,1.2492,0.1994,1.0195192678060687,4232620.90268415
2020-08-05 00:00:00+00:00,1.2722,0.2139,1.0141414864663283,4415745.14297189
2020-08-06 00:00:00+00:00,1.2531,0.2019,1.0099004355020822,4329137.0633201
2020-08-07 00:00:00+00:00,1.2734,0.2146,1.0108619644957237,4356401.09350063
2020-08-08 00:00:00+00:00,1.3071,0.2349,1.0141795390981159,4369235.32735078
2020-08-09 00:00:00+00:00,1.2388,0.1927,1.0057855458407203,4017820.75467763
2020-08-10 00:00:00+00:00,1.2418,0.1946,1.026258856524632,4045525.63101696
2020-08-11 00:00:00+00:00,1.2375,0.1919,1.0069062796514088,3976423.24149402
2020-08-12 00:00:00+00:00,1.2773,0.217,1.0158507214499213,4351660.07215233
2020-08-13 00:00:00+00:00,1.2751,0.2157,1.0303521907019788,4234466.2929428
2020-08-14 00:00:00+00:00,1.2498,0.1999,1.0214181546295105,4034235.30430062
2020-08-15 00:00:00+00:00,1.257,0.2044,1.0206148927802177,4177003.83529884
2020-08-16 00:00:00+00:00,1.24,0.1935,1.0116763085799714,4084898.47901714
2020-08-17 00:00:00+00:00,1.2502,0.2001,1.0118478115615182,4262488.65027001
2020-08-18 00:00:00+00:00,1.1865,0.1571,1.0058679922683658,3462616.63366009
2020-08-19 00:00:00+00:00,1.2067,0.1713,1.0033362613396235,3720173.48046196
2020-08-20 00:00:00+00:00,1.2154,0.1772,1.0081263064645318,4054227.49693711
2020-08-21 00:00:00+00:00,1.2052,0.1702,1.0073868032749858,4023580.31474656
2020-08-22 00:00:00+00:00,1.213,0.1755,1.0031774027276026,4264667.99112726
2020-08-23 00:00:00+00:00,1.2066,0.1711,1.0021677699441593,4226834.63123705
2020-08-24 00:00:00+00:00,1.2391,0.1929,1.0046038027808355,4222097.67162295
2020-08-25 00:00:00+00:00,1.2052,0.1702,1.0047176541394827,4112258.9375206
2020-08-26 00:00:00+00:00,1.1758,0.1495,1.0005782794813773,3589869.59500973
2020-08-27 00:00:00+00:00,1.1822,0.154,1.0024996679936309,3932033.69133333
2020-08-28 00:00:00+00:00,1.1604,0.1382,1.00223732392718,3252883.3433905
2020-08-29 00:00:00+00:00,1.1515,0.1315,1.0002643667027944,3243342.10432237
2020-08-30 00:00:00+00:00,1.1492,0.1297,1.0005433098425967,3231750.84645123
2020-08-31 00:00:00+00:00,1.1571,0.1357,1.0034340369491586,3502265.49977807
2020-09-01 00:00:00+00:00,1.1164,0.1042,1.000106959116744,2766616.4717507
2020-09-02 00:00:00+00:00,1.127,0.1126,1.0010318340852529,2992400.86695832
2020-09-03 00:00:00+00:00,1.1116,0.1003,1.0004526209354314,2695248.71410356
2020-09-04 00:00:00+00:00,1.1228,0.1093,1.0019451148461478,3132386.14496702
2020-09-05 00:00:00+00:00,1.1209,0.1078,1.0001010653711664,3082335.23536685
2020-09-06 00:00:00+00:00,1.1348,0.1187,1.0025183156887385,3468580.56864673
2020-09-07 00:00:00+00:00,1.1301,0.1151,1.0022491241699987,3351096.44862845
2020-09-08 00:00:00+00:00,1.16,0.1379,1.0045244385194567,4110435.38137579
2020-09-09 00:00:00+00:00,1.099,0.0901,0.9987249055462657,2681177.69956744
2020-09-10 00:00:00+00:00,1.0353,0.034,0.9998842600373349,2173054.1821198
2020-09-11 00:00:00+00:00,1.013,0.0127,0.9946756953388068,2167213.84396621
2020-09-12 00:00:00+00:00,0.9779,-0.0225,0.9969386211539746,1942963.74988473
2020-09-13 00:00:00+00:00,0.9896,-0.0104,0.9983248907239795,2013138.77124341
2020-09-14 00:00:00+00:00,1.0033,0.0032,0.9965280219169789,2262243.933338
2020-09-15 00:00:00+00:00,0.9801,-0.0202,0.9979699502464974,1997160.2013233
2020-09-16 00:00:00+00:00,0.9934,-0.0065,0.9988687223582086,2245266.03527903
2020-09-17 00:00:00+00:00,1.0032,0.0031,0.9999796367382094,2304577.06907887
2020-09-18 00:00:00+00:00,1.0043,0.0043,0.9980255725677295,2435549.3200522
2020-09-19 00:00:00+00:00,1.0137,0.0134,0.9993529416936071,2493045.8922958
2020-09-20 00:00:00+00:00,1.0015,0.0015,0.9996338038466794,2246429.76087795
2020-09-21 00:00:00+00:00,1.032,0.0309,1.0004568911200247,2526512.86997122
2020-09-22 00:00:00+00:00,1.0455,0.0435,1.0003668946556254,2668003.65621997
2020-09-23 00:00:00+00:00,1.0599,0.0565,1.0015206487473953,2808945.94057077
2020-09-24 00:00:00+00:00,1.057,0.0539,1.0005274482826547,2796272.21834412
2020-09-25 00:00:00+00:00,1.0531,0.0504,1.0006482161438626,2747395.48044759
2020-09-26 00:00:00+00:00,1.0647,0.0608,1.001310096133159,2925864.44733538
2020-09-27 00:00:00+00:00,1.0414,0.0397,1.0000410784743035,2612301.43421998
2020-09-28 00:00:00+00:00,1.0057,0.0056,0.9985556631952838,2199130.94061644
2020-09-29 00:00:00+00:00,1.0067,0.0066,0.9984693082182536,2298819.30571858
2020-09-30 00:00:00+00:00,0.9831,-0.0172,0.9982956491126044,1754615.64827976
2020-10-01 00:00:00+00:00,1.0291,0.0282,0.9960957244641342,2643736.35279584
2020-10-02 00:00:00+00:00,1.0285,0.0277,1.0005106468006093,2631323.40329062
2020-10-03 00:00:00+00:00,1.0258,0.0251,1.0003688240014015,2664930.43765899
2020-10-04 00:00:00+00:00,1.0244,0.0238,0.9995679679261699,2649431.44808332
2020-10-05 00:00:00+00:00,1.0344,0.0333,1.001368174773143,2703873.95510854
2020-10-06 00:00:00+00:00,1.0284,0.0276,1.0005234209187925,2716026.73767827
2020-10-07 00:00:00+00:00,1.023,0.0225,0.9990312983294394,2699053.66711858
2020-10-08 00:00:00+00:00,1.0098,0.0096,0.9998008880363537,2094281.56639178
2020-10-09 00:00:00+00:00,1.0084,0.0082,0.9981713062730246,2136597.83362013
2020-10-10 00:00:00+00:00,1.008,0.0079,0.9998134748847259,2122027.55235657
2020-10-11 00:00:00+00:00,1.013,0.0128,1.0000967786433481,2238331.39968362
2020-10-12 00:00:00+00:00,1.0182,0.0178,1.0011488029154063,2453153.50474235
2020-10-13 00:00:00+00:00,1.0059,0.0059,0.9999975762041727,1938004.79840993
2020-10-14 00:00:00+00:00,1.0082,0.008,0.9996570075728836,2101424.88993412
2020-10-15 00:00:00+00:00,1.0284,0.0276,1.0011766248797913,2873647.22631737
2020-10-16 00:00:00+00:00,1.046,0.044,1.0036146472421243,3047784.73334948
2020-10-17 00:00:00+00:00,1.068,0.0637,1.0030758642183824,3174019.88382538
2020-10-18 00:00:00+00:00,1.0681,0.0637,1.0009552983401049,3236115.44812102
2020-10-19 00:00:00+00:00,1.0909,0.0833,1.0031440664824451,3614362.2967646
2020-10-20 00:00:00+00:00,1.0732,0.0682,1.002823323622669,3258882.83884897
2020-10-21 00:00:00+00:00,1.0634,0.0595,1.0013224697386258,3167315.23196702
2020-10-22 00:00:00+00:00,1.0713,0.0665,1.0018633913477006,3334080.9697028
2020-10-23 00:00:00+00:00,1.0592,0.0559,1.0011568874969603,2908398.57743514
2020-10-24 00:00:00+00:00,1.0585,0.0552,1.0004027140065195,2844095.35881434
2020-10-25 00:00:00+00:00,1.0693,0.0647,1.0007994474195785,3333160.39073494
2020-10-26 00:00:00+00:00,1.0902,0.0827,1.0024361552139591,3729466.44124547
2020-10-27 00:00:00+00:00,1.1005,0.0912,1.0032382302915785,3961525.01547014
2020-10-28 00:00:00+00:00,1.183,0.1546,1.0073863383250514,4222920.13570107
2020-10-29 00:00:00+00:00,1.1851,0.1561,1.0071711863629154,4132544.3924118
2020-10-30 00:00:00+00:00,1.1605,0.1383,1.0049802009044002,4021794.41011422
2020-10-31 00:00:00+00:00,1.1677,0.1435,1.0075514335795137,4223720.05766735
2020-11-01 00:00:00+00:00,1.1626,0.1398,1.0038883012629003,4128860.71573281
2020-11-02 00:00:00+00:00,1.1593,0.1373,1.0025559306416332,3833009.48958306
2020-11-03 00:00:00+00:00,1.209,0.1728,1.0068276597940224,4414393.16948599
2020-11-04 00:00:00+00:00,1.1657,0.1421,1.0047203341986781,4223596.1540521
2020-11-05 00:00:00+00:00,1.1811,0.1533,1.0054141739841849,4191487.41271758
2020-11-06 00:00:00+00:00,1.1876,0.1579,1.0025633871240596,4299001.52295573
2020-11-07 00:00:00+00:00,1.2002,0.1667,1.0060652706478694,4308541.86416195
2020-11-08 00:00:00+00:00,1.193,0.1617,1.0049564953311212,4221931.16543837
2020-11-09 00:00:00+00:00,1.1766,0.1501,1.0020595034557944,4075817.36085765
2020-11-10 00:00:00+00:00,1.1883,0.1584,1.0043053641507818,4612218.98790938
2020-11-11 00:00:00+00:00,1.199,0.1659,1.009597973986877,4594580.09105688
2020-11-12 00:00:00+00:00,1.308,0.2354,1.0112773010337224,4680517.08213034
2020-11-13 00:00:00+00:00,1.2972,0.2291,1.0106627106348622,4628171.24152098
2020-11-14 00:00:00+00:00,1.2245,0.1833,1.0032891849609622,4216185.62617216
2020-11-15 00:00:00+00:00,1.2696,0.2123,1.0172110099616118,4440251.16399944
2020-11-16 00:00:00+00:00,1.2501,0.2,1.0053122867859505,4299253.47962546
2020-11-17 00:00:00+00:00,1.2442,0.1962,1.0052261307212536,4192678.89382865
2020-11-18 00:00:00+00:00,1.2712,0.2133,1.0068714216694221,4650741.02684252
2020-11-19 00:00:00+00:00,1.3051,0.2337,1.0089712109771565,4732297.15611419
2020-11-20 00:00:00+00:00,1.3012,0.2314,1.0092370229755736,4720084.60816403
2020-11-21 00:00:00+00:00,1.2783,0.2176,1.0030102648706685,4510783.67473133
2020-11-22 00:00:00+00:00,1.2683,0.2115,1.0022749650171934,4388926.03005201
2020-11-23 00:00:00+00:00,1.3197,0.2422,1.0040505206027024,4657979.73186996
2020-11-24 00:00:00+00:00,1.3704,0.2703,1.0106646954785554,4657529.11295572
2020-11-25 00:00:00+00:00,1.3551,0.262,1.020156753541366,4520541.64354958
2020-11-26 00:00:00+00:00,1.3495,0.2589,1.0052428343802016,4488155.8019758
2020-11-27 00:00:00+00:00,1.3884,0.2797,1.0155805825635678,4656502.09233522
2020-11-28 00:00:00+00:00,1.378,0.2743,1.0080581729059195,4690667.97931637
2020-11-29 00:00:00+00:00,1.371,0.2705,1.0032934203797945,4510793.73496735
2020-11-30 00:00:00+00:00,1.3475,0.2578,1.00743699740512,4398769.12110503
2020-12-01 00:00:00+00:00,1.3847,0.2778,1.0120272482859705,4762930.24341095
2020-12-02 00:00:00+00:00,1.3513,0.2599,1.0071391565673251,4503531.49875687
2020-12-03 00:00:00+00:00,1.2291,0.1863,0.9995225690314447,3725848.35359562
2020-12-04 00:00:00+00:00,1.2132,0.1757,1.0022045258535037,3756665.95637602
2020-12-05 00:00:00+00:00,1.2663,0.2103,1.004824043586286,4146064.8752349
2020-12-06 00:00:00+00:00,1.2914,0.2256,1.0058784856601457,4310734.14980134
2020-12-07 00:00:00+00:00,1.3698,0.2699,1.0140117303636687,4906784.30523927
2020-12-08 00:00:00+00:00,1.3122,0.2379,1.0118167631466441,4389794.4531781
2020-12-09 00:00:00+00:00,1.3237,0.2445,1.0117571111560826,4636969.99616
2020-12-10 00:00:00+00:00,1.3391,0.2532,1.0060919604680036,4949861.55576699
2020-12-11 00:00:00+00:00,1.2866,0.2227,1.005547257399635,4129598.95727044
2020-12-12 00:00:00+00:00,1.3002,0.2308,1.0021929529973186,4537814.08457818
2020-12-13 00:00:00+00:00,1.3122,0.2379,1.00260410358489,4786662.30034577
2020-12-14 00:00:00+00:00,1.294,0.2271,1.0047511518937045,4524488.12504387
2020-12-15 00:00:00+00:00,1.2697,0.2124,1.0036491710918998,3977940.7868705
2020-12-16 00:00:00+00:00,1.2544,0.2028,1.0017227725848625,3889572.00375041
2020-12-17 00:00:00+00:00,1.2336,0.1893,1.0022410992647974,3744401.46219073
2020-12-18 00:00:00+00:00,1.2088,0.1727,0.9985749266309676,3623336.46247793
2020-12-19 00:00:00+00:00,1.2569,0.2044,1.0035513016507014,4382849.62318779
2020-12-20 00:00:00+00:00,1.2633,0.2083,1.0089151697056695,4641551.06786096
2020-12-21 00:00:00+00:00,1.2702,0.2127,1.0043140439999352,4792179.4814969
2020-12-22 00:00:00+00:00,1.2788,0.218,1.0055650926412696,5124644.76728437
2020-12-23 00:00:00+00:00,1.3874,0.2792,1.0108021014093103,5254642.57915063
2020-12-24 00:00:00+00:00,1.4413,0.3061,1.0317405108441178,5042467.40651413
2020-12-25 00:00:00+00:00,1.4134,0.2924,1.0364863323955755,5049797.45449657
2020-12-26 00:00:00+00:00,1.4625,0.3162,1.011614497666643,5287834.35539258
2020-12-27 00:00:00+00:00,1.4255,0.2984,1.0112466735172012,5168153.72054671
2020-12-28 00:00:00+00:00,1.3946,0.2829,1.0096963643342232,5106421.1017852
2020-12-29 00:00:00+00:00,1.4072,0.2893,1.010458942850711,5349737.56465101
2020-12-30 00:00:00+00:00,1.3802,0.2754,1.0104296319350845,5017391.14558057
2020-12-31 00:00:00+00:00,1.3723,0.2712,1.0184088339066077,5318108.05668018
2021-01-01 00:00:00+00:00,1.4228,0.2971,1.0052124637002087,5547741.57303239
2021-01-02 00:00:00+00:00,1.5186,0.3415,1.012922689800882,5513725.10220956
2021-01-03 00:00:00+00:00,1.4916,0.3295,1.0192611084925343,5247128.63400567
2021-01-04 00:00:00+00:00,1.4802,0.3244,1.0161746574010406,5166427.25303271
2021-01-05 00:00:00+00:00,1.464,0.3169,1.0409349579824625,5528071.62996337
2021-01-06 00:00:00+00:00,1.5303,0.3465,1.0301857989207992,5654893.45698025
2021-01-07 00:00:00+00:00,1.516,0.3403,1.0157326366869401,5591989.73778842
2021-01-08 00:00:00+00:00,1.5097,0.3376,1.0268091205086145,5596042.12124323
2021-01-09 00:00:00+00:00,1.6177,0.3818,1.017202310015035,5670435.02533326
2021-01-10 00:00:00+00:00,1.6507,0.3942,1.0286409032556287,5607257.90058969
2021-01-11 00:00:00+00:00,1.5192,0.3417,1.0264129517497524,5286211.53379569
2021-01-12 00:00:00+00:00,1.6144,0.3805,1.0272673099277574,5770397.29452181
2021-01-13 00:00:00+00:00,1.6848,0.4064,1.0349972595219237,5854290.40301523
2021-01-14 00:00:00+00:00,1.7485,0.428,1.04108242133124,5681115.4089837
2021-01-15 00:00:00+00:00,1.7604,0.4319,1.0375478345659266,5790161.92623364
2021-01-16 00:00:00+00:00,1.7045,0.4133,1.0296077682014075,5679044.41003372
2021-01-17 00:00:00+00:00,1.6088,0.3784,1.0140420548535214,5250904.29512716
2021-01-18 00:00:00+00:00,1.4585,0.3143,1.0015539116823857,5100706.99951258
2021-01-19 00:00:00+00:00,1.3862,0.2786,1.0112590176464982,4647578.68798424
2021-01-20 00:00:00+00:00,1.5282,0.3456,1.0122605829556173,5327705.48751195
2021-01-21 00:00:00+00:00,1.5729,0.3642,1.0220121538176337,5406299.3491594
2021-01-22 00:00:00+00:00,1.4674,0.3185,1.005391739474698,5055334.27456616
2021-01-23 00:00:00+00:00,1.4375,0.3043,1.004708916309487,4898959.0684449
2021-01-24 00:00:00+00:00,1.4466,0.3087,1.0027199708608872,5022018.99486188
2021-01-25 00:00:00+00:00,1.4391,0.3051,1.0086062169947527,5062856.87604398
2021-01-26 00:00:00+00:00,1.433,0.3021,1.0082122442644548,4936684.24703924
2021-01-27 00:00:00+00:00,1.3776,0.2741,1.0014124673397764,4679072.54125866
2021-01-28 00:00:00+00:00,1.2237,0.1828,0.9969933572859306,3828279.41573474
2021-01-29 00:00:00+00:00,1.3155,0.2398,0.9969304587544385,4373375.982864
2021-01-30 00:00:00+00:00,1.2529,0.2018,1.0026894692777044,3958423.48405349
2021-01-31 00:00:00+00:00,1.2538,0.2024,1.0000991909315338,4005075.05680429
2021-02-01 00:00:00+00:00,1.2637,0.2086,1.0036710618367208,4081443.98088583
2021-02-02 00:00:00+00:00,1.273,0.2144,0.9990914534736569,4247852.84362215
2021-02-03 00:00:00+00:00,1.1791,0.1518,0.9983160682839926,3630590.60113014
2021-02-04 00:00:00+00:00,1.2947,0.2276,1.0066158360004196,4571873.43998301
2021-02-05 00:00:00+00:00,1.3152,0.2396,1.0158933875618905,4606418.21234225
2021-02-06 00:00:00+00:00,1.3059,0.2342,1.0028751471522557,4599747.07113276
2021-02-07 00:00:00+00:00,1.2568,0.2043,1.0003524507621389,4171383.22306368
2021-02-08 00:00:00+00:00,1.2739,0.215,1.0047674117963108,4359429.09520925
2021-02-09 00:00:00+00:00,1.3386,0.2529,1.0103159634249261,5052385.96611857
2021-02-10 00:00:00+00:00,1.4041,0.2878,1.0084962085013436,5488548.14395536
2021-02-11 00:00:00+00:00,1.3808,0.2757,1.0120412940817176,5210548.30244888
2021-02-12 00:00:00+00:00,1.3969,0.2841,1.0172073695253487,5533097.3823072
2021-02-13 00:00:00+00:00,1.4371,0.3041,1.009318031114988,5627241.96810564
2021-02-14 00:00:00+00:00,1.4109,0.2912,1.0064739096086122,5596439.9285658
2021-02-15 00:00:00+00:00,1.6053,0.377,1.0189756901403293,6167998.44126713
2021-02-16 00:00:00+00:00,1.6297,0.3863,1.0282363754226205,5989618.66815704
2021-02-17 00:00:00+00:00,1.5529,0.356,1.0212911874916173,5734267.13565343
2021-02-18 00:00:00+00:00,1.6258,0.3849,1.015338083889333,6148836.43102285
2021-02-19 00:00:00+00:00,1.604,0.3765,1.0173566224000317,5996101.30423164
2021-02-20 00:00:00+00:00,1.5795,0.3668,1.0105355002210508,5847303.95122693
2021-02-21 00:00:00+00:00,1.6285,0.3859,1.0061802503895922,6179618.57527383
2021-02-22 00:00:00+00:00,1.5835,0.3684,1.0221211666801229,5975619.39765333
2021-02-23 00:00:00+00:00,1.5941,0.3726,1.0072247767373719,6162962.89610708
2021-02-24 00:00:00+00:00,1.6733,0.4023,1.019247811167896,6172881.17857605
2021-02-25 00:00:00+00:00,1.6419,0.3909,1.0180745882691982,6000490.50698005
2021-02-26 00:00:00+00:00,1.7237,0.4198,1.0296166112637928,6265762.72341318
2021-02-27 00:00:00+00:00,1.6971,0.4107,1.0210204218229213,6105172.91079819
2021-02-28 00:00:00+00:00,1.736,0.4239,1.0148861689819706,6208379.09294541
2021-03-01 00:00:00+00:00,1.6251,0.3846,1.009432002985308,5737115.99695214
2021-03-02 00:00:00+00:00,1.4367,0.3039,1.0111271163740019,5259257.4725008
2021-03-03 00:00:00+00:00,1.4574,0.3138,1.00908913098152,5340658.59472769
2021-03-04 00:00:00+00:00,1.4092,0.2904,1.0077756610417214,4998096.0516482
2021-03-05 00:00:00+00:00,1.3347,0.2507,1.015808368840743,4456944.65115134
2021-03-06 00:00:00+00:00,1.3587,0.264,0.9914911536774965,4718698.59332364
2021-03-07 00:00:00+00:00,1.3132,0.2385,0.9991115893167892,4478882.40424816
2021-03-08 00:00:00+00:00,1.4213,0.2964,1.0105413487036217,5498477.38627814
2021-03-09 00:00:00+00:00,1.3755,0.2729,1.0041687485104305,5146858.07380343
2021-03-10 00:00:00+00:00,1.45,0.3103,1.0084773171193149,5628393.8917379
2021-03-11 00:00:00+00:00,1.375,0.2727,1.005106851231739,5095656.17536384
2021-03-12 00:00:00+00:00,1.3889,0.2799,1.0007679160706215,5337720.07745123
2021-03-13 00:00:00+00:00,1.3823,0.2765,1.0017425229409718,5369748.08798826
2021-03-14 00:00:00+00:00,1.4392,0.3051,1.0034888332094118,5783462.16643139
2021-03-15 00:00:00+00:00,1.4522,0.3113,1.0053649415475183,5912563.69091608
2021-03-16 00:00:00+00:00,1.5177,0.3411,1.0114732311770354,6209989.08809422
2021-03-17 00:00:00+00:00,1.5638,0.3605,1.0153925202945429,6288746.61361249
2021-03-18 00:00:00+00:00,1.5746,0.3649,1.0210781596127303,6412897.57502132
2021-03-19 00:00:00+00:00,1.5442,0.3523,1.02245623691436,6281912.30454253
2021-03-20 00:00:00+00:00,1.633,0.3876,1.0199274164933532,6388630.21045824
2021-03-21 00:00:00+00:00,1.6022,0.3758,1.010842274783377,6317989.52716121
2021-03-22 00:00:00+00:00,1.4908,0.3292,1.0077105027653486,5804660.86778318
2021-03-23 00:00:00+00:00,1.4805,0.3245,1.017453592355739,5900271.8982052
2021-03-24 00:00:00+00:00,1.5345,0.3483,1.0090991973210761,6299537.63249609
2021-03-25 00:00:00+00:00,1.4963,0.3316,1.009677550371881,6042693.55945217
2021-03-26 00:00:00+00:00,1.5069,0.3364,1.0078721976733862,6092964.8630854
2021-03-27 00:00:00+00:00,1.4997,0.3331,1.005802581280119,6045361.78736756
2021-03-28 00:00:00+00:00,1.4749,0.3219,1.006480316909112,5913335.12069318
2021-03-29 00:00:00+00:00,1.3882,0.2796,1.003824857336269,5062096.90627507
2021-03-30 00:00:00+00:00,1.3831,0.277,1.0082816613724896,5013524.86923837
2021-03-31 00:00:00+00:00,1.3273,0.2465,1.0092977004560637,4748072.28650638
2021-04-01 00:00:00+00:00,1.3142,0.239,1.0008590349353914,4749023.58936737
2021-04-02 00:00:00+00:00,1.3685,0.2692,1.0047993153470085,5225321.2316343
2021-04-03 00:00:00+00:00,1.4021,0.2867,1.0115898831313048,5717494.77589125
2021-04-04 00:00:00+00:00,1.3836,0.2772,1.0041916780175038,5450896.41336653
2021-04-05 00:00:00+00:00,1.4265,0.2989,1.0115258398968,6032349.84258549
2021-04-06 00:00:00+00:00,1.4483,0.3095,1.013158067334003,6159946.24639402
2021-04-07 00:00:00+00:00,1.4405,0.3058,1.0101685357736367,6085122.71013234
2021-04-08 00:00:00+00:00,1.4327,0.302,1.0061954549252532,6188888.10508592
2021-04-09 00:00:00+00:00,1.4132,0.2923,1.0068961471562958,6107609.6430613
2021-04-10 00:00:00+00:00,1.374,0.2722,1.002059858880583,5481342.86796875
2021-04-11 00:00:00+00:00,1.3845,0.2777,1.0023137711342336,5697930.27692398
2021-04-12 00:00:00+00:00,1.3956,0.2834,1.00321631704196,5820589.58904867
2021-04-13 00:00:00+00:00,1.3648,0.2673,1.0100020711601376,5578154.3032134
2021-04-14 00:00:00+00:00,1.3173,0.2408,1.0025512583360672,5011630.13712087
2021-04-15 00:00:00+00:00,1.3453,0.2566,1.0054946619843477,5493206.67801264
2021-04-16 00:00:00+00:00,1.3523,0.2605,1.003967932034031,5545458.95597058
2021-04-17 00:00:00+00:00,1.3738,0.2721,1.00699501311859,6097232.75219418
2021-04-18 00:00:00+00:00,1.379,0.2748,1.0026743349626872,6168005.17622737
2021-04-19 00:00:00+00:00,1.3753,0.2728,1.0057229280256113,6081563.57105564
2021-04-20 00:00:00+00:00,1.4378,0.3044,1.0135634684253714,6383575.05047891
2021-04-21 00:00:00+00:00,1.4246,0.298,1.012783583551785,6197198.92589189
2021-04-22 00:00:00+00:00,1.4204,0.2959,1.0066940459403142,6292353.97120419
2021-04-23 00:00:00+00:00,1.3839,0.2774,1.0048294163694345,6013048.56296402
2021-04-24 00:00:00+00:00,1.3599,0.2646,1.004633590363889,5866938.36541369
2021-04-25 00:00:00+00:00,1.2532,0.202,0.9933153135135687,4652786.04186442
2021-04-26 00:00:00+00:00,1.2482,0.1988,0.9997410789989087,4513851.04365991
2021-04-27 00:00:00+00:00,1.2509,0.2005,0.9999374804125043,4779640.65757971
2021-04-28 00:00:00+00:00,1.2059,0.1707,0.9985489333807128,3831169.45823629
2021-04-29 00:00:00+00:00,1.1457,0.1271,1.0053200295182074,3543746.9485132
2021-04-30 00:00:00+00:00,1.1209,0.1078,0.9908860394219734,3534309.20342292
2021-05-01 00:00:00+00:00,1.1101,0.0991,0.9978216486951401,3479286.06265661
2021-05-02 00:00:00+00:00,1.0707,0.066,0.9937557766713064,3092864.40017913
2021-05-03 00:00:00+00:00,1.1803,0.1527,1.0042056330325984,4053138.10032406
2021-05-04 00:00:00+00:00,1.2052,0.1702,1.0030753014832705,4354241.74223863
2021-05-05 00:00:00+00:00,1.1977,0.165,1.0014093618154603,4182932.33770445
2021-05-06 00:00:00+00:00,1.1646,0.1413,1.0015409542197473,3757222.20136398
2021-05-07 00:00:00+00:00,1.239,0.1929,1.003555993959085,5271789.80386367
2021-05-08 00:00:00+00:00,1.2475,0.1984,1.0035561425751678,5392820.70956513
2021-05-09 00:00:00+00:00,1.219,0.1796,1.0009502989993775,4911946.2328232
2021-05-10 00:00:00+00:00,1.2353,0.1904,1.003619931581759,5136927.8092481
2021-05-11 00:00:00+00:00,1.159,0.1372,0.9982283948102003,3694189.9150726
2021-05-12 00:00:00+00:00,1.229,0.1863,1.0035417260212736,5216030.99952338
2021-05-13 00:00:00+00:00,1.2074,0.1717,1.0051230557402142,4789656.56531686
2021-05-14 00:00:00+00:00,1.2204,0.1805,1.014014664824376,5165437.18671032
2021-05-15 00:00:00+00:00,1.2463,0.1975,1.0069064551225742,5842268.70959867
2021-05-16 00:00:00+00:00,1.2288,0.1862,1.004195421252251,5618665.83596219
2021-05-17 00:00:00+00:00,1.1745,0.1485,1.0025876277425612,4240538.25715413
2021-05-18 00:00:00+00:00,1.1862,0.1569,0.9982644085466978,4622718.07467501
2021-05-19 00:00:00+00:00,1.0881,0.0809,1.0061100014231086,3004303.01023468
2021-05-20 00:00:00+00:00,1.0269,0.0261,0.9896119555929749,2609190.70784164
2021-05-21 00:00:00+00:00,1.0451,0.0431,0.996576668744735,2866740.60286735
2021-05-22 00:00:00+00:00,1.0071,0.007,0.9969201541348514,2344182.36755461
2021-05-23 00:00:00+00:00,0.9533,-0.0489,0.9936673457151931,1985116.76463285
2021-05-24 00:00:00+00:00,0.9008,-0.1101,0.9886323330000165,1775701.3765493
2021-05-25 00:00:00+00:00,0.8938,-0.1188,0.9907925605459427,1721156.28626386
2021-05-26 00:00:00+00:00,0.8296,-0.2053,0.9706868971112592,1752471.83996366
2021-05-27 00:00:00+00:00,0.8719,-0.1469,0.9817848713066497,2214414.6158635
2021-05-28 00:00:00+00:00,0.7871,-0.2705,0.9870495312022184,1225381.43236158
2021-05-29 00:00:00+00:00,0.7945,-0.2586,0.9894083712414423,1295491.59116937
2021-05-30 00:00:00+00:00,0.7264,-0.3765,0.9853969138333304,843680.90857412
2021-05-31 00:00:00+00:00,0.814,-0.2285,0.9991913057479831,1638635.02885308
2021-06-01 00:00:00+00:00,0.8105,-0.2337,0.9908068274477866,1606902.02357163
2021-06-02 00:00:00+00:00,0.8245,-0.2128,0.9972597179423569,1801130.59320543
2021-06-03 00:00:00+00:00,0.8158,-0.2258,0.9954684464787966,1498022.88407186
2021-06-04 00:00:00+00:00,0.7399,-0.3516,0.9919110219742046,650537.14978301
2021-06-05 00:00:00+00:00,0.7292,-0.3713,0.9928677466548084,619323.33540688
2021-06-06 00:00:00+00:00,0.7511,-0.3313,0.9947130737669395,738085.39826088
2021-06-07 00:00:00+00:00,0.7804,-0.2813,0.9948843939170261,1084159.30831311
2021-06-08 00:00:00+00:00,0.7699,-0.2988,0.9893538083303048,1008975.18302211
2021-06-09 00:00:00+00:00,0.7919,-0.2627,0.9947317323221375,1283369.25998193
2021-06-10 00:00:00+00:00,0.8201,-0.2193,0.9948693244122823,1790601.48048343
2021-06-11 00:00:00+00:00,0.7769,-0.2871,0.9835095076540861,928745.483057
2021-06-12 00:00:00+00:00,0.7436,-0.3448,0.9884883308329119,478937.6113443
2021-06-13 00:00:00+00:00,0.7527,-0.3285,0.9955796037728394,510775.2790572
2021-06-14 00:00:00+00:00,0.7147,-0.399,0.9930448787178001,257237.63042136
2021-06-15 00:00:00+00:00,0.7087,-0.411,0.9807360107075804,404254.63100095
2021-06-16 00:00:00+00:00,0.7868,-0.2709,1.00215160933862,1328972.55280344
2021-06-17 00:00:00+00:00,0.7766,-0.2877,0.9942324361716888,1147581.83630496
2021-06-18 00:00:00+00:00,0.7853,-0.2734,0.9962212170770972,1279073.17324661
2021-06-19 00:00:00+00:00,0.7566,-0.3217,0.9935252773380938,575890.57597898
2021-06-20 00:00:00+00:00,0.8207,-0.2184,0.9990961299881824,1855734.28701845
2021-06-21 00:00:00+00:00,0.8484,-0.1786,1.0065821430573714,2050851.25076027
2021-06-22 00:00:00+00:00,0.847,-0.1806,0.9993686992112826,2032409.5788937
2021-06-23 00:00:00+00:00,0.8085,-0.2369,0.9987278177415299,1382736.63539823
2021-06-24 00:00:00+00:00,0.8001,-0.2499,0.9917311082924459,1331151.38001968
2021-06-25 00:00:00+00:00,0.7488,-0.3354,0.9934404190723279,499681.73756855
2021-06-26 00:00:00+00:00,0.7505,-0.3323,0.9946896539211153,478521.75956443
2021-06-27 00:00:00+00:00,0.7492,-0.3347,0.9942911133949787,526252.55000606
2021-06-28 00:00:00+00:00,0.6703,-0.4919,0.9813347654927798,56690.15899861
2021-06-29 00:00:00+00:00,0.689,-0.4513,0.9863198368429389,276438.91379235
2021-06-30 00:00:00+00:00,0.7122,-0.404,0.9952136144537114,425804.28213793
2021-07-01 00:00:00+00:00,0.739,-0.3531,0.9943336298695646,722608.4287881
2021-07-02 00:00:00+00:00,0.6847,-0.4604,0.9578666571764443,96299.15015882
2021-07-03 00:00:00+00:00,0.6825,-0.4652,0.9895514037080969,130619.90567649
2021-07-04 00:00:00+00:00,0.707,-0.4143,0.9996984029564717,474850.87836705
2021-07-05 00:00:00+00:00,0.7405,-0.3503,0.9992233026441493,846120.65290034
2021-07-06 00:00:00+00:00,0.7761,-0.2884,1.0007835410991759,1142999.98124679
2021-07-07 00:00:00+00:00,0.7494,-0.3343,0.9914866804468956,923057.06229506
2021-07-08 00:00:00+00:00,0.7237,-0.3818,0.9904108447788695,545130.71613664
2021-07-09 00:00:00+00:00,0.7288,-0.3721,0.979309773414902,791159.44186251
2021-07-10 00:00:00+00:00,0.7522,-0.3294,0.9997684447364461,1002378.0026515
2021-07-11 00:00:00+00:00,0.7714,-0.2963,1.000395340338796,1244959.05326334
2021-07-12 00:00:00+00:00,0.7364,-0.3579,0.9957047219373557,770230.65839068
2021-07-13 00:00:00+00:00,0.7383,-0.3544,0.9964085434703195,851294.65982493
2021-07-14 00:00:00+00:00,0.7407,-0.3501,0.9980214548173573,794722.08891076
2021-07-15 00:00:00+00:00,0.7127,-0.403,0.995555785848402,398515.07089925
2021-07-16 00:00:00+00:00,0.7389,-0.3534,0.9992289153936686,885733.73330133
2021-07-17 00:00:00+00:00,0.7313,-0.3673,0.9988235763362424,803689.51102153
2021-07-18 00:00:00+00:00,0.748,-0.3368,0.9994997333173026,1073033.25927504
2021-07-19 00:00:00+00:00,0.724,-0.3811,0.9962683682684221,515382.62722463
2021-07-20 00:00:00+00:00,0.7155,-0.3976,0.9941192310755738,377662.36832849
2021-07-21 00:00:00+00:00,0.7195,-0.3897,0.9925746517832029,514266.29390852
2021-07-22 00:00:00+00:00,0.6974,-0.4338,0.9903806438889571,187144.05105065
2021-07-23 00:00:00+00:00,0.6962,-0.4364,0.9923549937284317,116135.3280398
2021-07-24 00:00:00+00:00,0.7011,-0.4263,0.9975357858629309,238264.86187288
2021-07-25 00:00:00+00:00,0.7035,-0.4214,0.9939749715753095,278548.23505033
2021-07-26 00:00:00+00:00,0.6895,-0.4503,0.9943858915887361,125975.18972049
2021-07-27 00:00:00+00:00,0.6657,-0.502,0.991218191832834,85516.38263506
2021-07-28 00:00:00+00:00,0.72,-0.3889,0.9977913728621447,796549.71422906
2021-07-29 00:00:00+00:00,0.7294,-0.3709,0.9992473367895389,826458.43537688
2021-07-30 00:00:00+00:00,0.7535,-0.3272,0.9835195236176648,1203563.88310837
2021-07-31 00:00:00+00:00,0.7765,-0.2878,1.0012515304745808,1508825.84650969
2021-08-01 00:00:00+00:00,0.7938,-0.2597,0.9998647560594869,1789100.91355226
2021-08-02 00:00:00+00:00,0.8535,-0.1715,1.004912109520446,2047883.50723082
2021-08-03 00:00:00+00:00,0.8849,-0.1301,1.002979045798082,2566440.60156388
2021-08-04 00:00:00+00:00,0.9035,-0.1068,1.0039270696464446,2614045.32036246
2021-08-05 00:00:00+00:00,0.9089,-0.1002,1.0027703758172872,2828562.95005387
2021-08-06 00:00:00+00:00,0.9405,-0.0632,1.0028542434085277,3023843.43226606
2021-08-07 00:00:00+00:00,0.9474,-0.0555,1.0025901836797344,3018867.22633887
2021-08-08 00:00:00+00:00,0.9139,-0.0942,1.0007714396371636,2838078.89370314
2021-08-09 00:00:00+00:00,0.8938,-0.1188,1.0000525831529987,2276021.34071737
2021-08-10 00:00:00+00:00,0.8744,-0.1436,0.9979949835439128,2054893.86811921
2021-08-11 00:00:00+00:00,0.9048,-0.1052,1.0016643748588496,2658892.93928978
2021-08-12 00:00:00+00:00,0.93,-0.0752,1.0016257476520167,3005806.02539609
2021-08-13 00:00:00+00:00,0.9702,-0.0307,1.0040383677802922,3050884.03630899
2021-08-14 00:00:00+00:00,1.0048,0.0048,1.003504489293576,3147052.35235352
2021-08-15 00:00:00+00:00,1.005,0.0049,1.0018688828430347,3062926.27075176
2021-08-16 00:00:00+00:00,1.0516,0.049,1.008996000860207,3211719.61893942
2021-08-17 00:00:00+00:00,1.0321,0.031,1.0068196059002672,2953502.34292228
2021-08-18 00:00:00+00:00,1.0398,0.0382,1.0032868877873005,3001368.84852652
2021-08-19 00:00:00+00:00,1.0075,0.0074,1.001514956579761,2853680.8595619
2021-08-20 00:00:00+00:00,1.0866,0.0797,1.007055944630801,3254681.76419214
2021-08-21 00:00:00+00:00,1.0702,0.0655,1.002517013397352,3222547.66141967
2021-08-22 00:00:00+00:00,1.0733,0.0682,1.001270050533617,3203456.29056944
2021-08-23 00:00:00+00:00,1.0467,0.0445,1.0030601131334569,2937309.77582472
2021-08-24 00:00:00+00:00,1.0191,0.0187,1.0004930863560075,2704722.75759546
2021-08-25 00:00:00+00:00,1.0244,0.0238,1.0016853172620916,2749270.11529908
2021-08-26 00:00:00+00:00,1.0638,0.0599,1.0028405590542595,3215418.61860937
2021-08-27 00:00:00+00:00,1.1145,0.1027,1.0056219075625072,3359629.94076869
2021-08-28 00:00:00+00:00,1.1159,0.1038,1.0032205403197563,3353356.0685908
2021-08-29 00:00:00+00:00,1.1224,0.109,1.0013201472570523,3380689.27080479
2021-08-30 00:00:00+00:00,1.1244,0.1106,1.0031800990943092,3349551.89962669
2021-08-31 00:00:00+00:00,1.0902,0.0827,1.000298684359935,3024142.30262187
2021-09-01 00:00:00+00:00,1.1105,0.0994,1.0017690765493945,3297376.33500799
2021-09-02 00:00:00+00:00,1.0725,0.0675,1.0001125824824804,3040091.40002867
2021-09-03 00:00:00+00:00,1.1113,0.1001,1.0010504459783,3342874.38316516
2021-09-04 00:00:00+00:00,1.1099,0.0989,1.0007292203108538,3281042.8079427
2021-09-05 00:00:00+00:00,1.1148,0.1029,1.0003548541178418,3374099.99626722
2021-09-06 00:00:00+00:00,1.0788,0.073,1.0008387571831592,2933939.45680451
2021-09-07 00:00:00+00:00,1.0702,0.0655,0.999843764509749,2860197.43779799
2021-09-08 00:00:00+00:00,1.1011,0.0918,1.0013027107422896,3291087.5119036
2021-09-09 00:00:00+00:00,1.1219,0.1086,1.0032748702170478,3390810.93182814
2021-09-10 00:00:00+00:00,1.1304,0.1153,1.0022373840733414,3458810.69399738
2021-09-11 00:00:00+00:00,1.1325,0.117,1.0018895968834762,3417733.07932051
2021-09-12 00:00:00+00:00,1.1795,0.1521,1.0015233326366937,3749829.85497531
2021-09-13 00:00:00+00:00,1.1931,0.1618,1.001999602959819,3776971.43840226
2021-09-14 00:00:00+00:00,1.0676,0.0633,0.9982798634100873,2659356.25838344
2021-09-15 00:00:00+00:00,1.0621,0.0584,0.9993307948285531,2684533.52745276
2021-09-16 00:00:00+00:00,1.0593,0.0559,1.0009945912847409,2665047.39750952
2021-09-17 00:00:00+00:00,1.0249,0.0243,0.9995841641050573,2301590.57000705
2021-09-18 00:00:00+00:00,1.0415,0.0398,0.9997805741818896,2360580.39949776
2021-09-19 00:00:00+00:00,1.0669,0.0627,1.0000523243909236,2683966.24377547
2021-09-20 00:00:00+00:00,1.045,0.043,0.9994736564312297,2436929.35360794
2021-09-21 00:00:00+00:00,1.0853,0.0786,1.0005727181284991,3010835.83562622
2021-09-22 00:00:00+00:00,1.1186,0.106,1.0017755511938753,3263492.6213174
2021-09-23 00:00:00+00:00,1.1116,0.1003,1.000268883384958,3175147.56009015
2021-09-24 00:00:00+00:00,1.0987,0.0898,1.0003984897873879,2933838.11855345
2021-09-25 00:00:00+00:00,1.1159,0.1039,1.0012367186303583,3225879.43311502
2021-09-26 00:00:00+00:00,1.1018,0.0923,1.0003632151868553,2900483.65311981
2021-09-27 00:00:00+00:00,1.0025,0.0025,0.9968529849510609,2061245.35059895
2021-09-28 00:00:00+00:00,0.9584,-0.0433,0.9987135005124825,2013461.61241741
2021-09-29 00:00:00+00:00,1.0261,0.0254,1.0002527069755336,2388880.19546229
2021-09-30 00:00:00+00:00,1.0528,0.0501,1.0003021918643464,2560553.89217066
2021-10-01 00:00:00+00:00,1.0107,0.0106,0.9973599038571216,2286784.92430254
2021-10-02 00:00:00+00:00,1.0109,0.0107,0.9997851822095808,2316686.16666114
2021-10-03 00:00:00+00:00,1.026,0.0253,1.0015393129041634,2397828.9461687
2021-10-04 00:00:00+00:00,1.0248,0.0241,0.9998695355548342,2287354.77959928
2021-10-05 00:00:00+00:00,0.9902,-0.0099,0.9977975078017467,2025843.05753502
2021-10-06 00:00:00+00:00,0.9855,-0.0147,0.9989666435099793,2048273.6466424
2021-10-07 00:00:00+00:00,1.044,0.0421,1.0016327561331322,2763915.26155113
2021-10-08 00:00:00+00:00,1.1427,0.1248,1.0042123526271387,3548013.8856396
2021-10-09 00:00:00+00:00,1.1437,0.1256,1.003419620497829,3631573.70883422
2021-10-10 00:00:00+00:00,1.1425,0.1247,1.001086390954215,3561386.08854827
2021-10-11 00:00:00+00:00,1.1746,0.1486,1.0024870304235531,3807509.5245032
2021-10-12 00:00:00+00:00,1.2234,0.1826,1.0032895683749743,4008052.15972852
2021-10-13 00:00:00+00:00,1.2958,0.2282,1.009876935395449,4102782.69576579
2021-10-14 00:00:00+00:00,1.2545,0.2028,1.0060820757883797,3614204.49477989
2021-10-15 00:00:00+00:00,1.2569,0.2043,1.0026346080101123,3608360.6456291
2021-10-16 00:00:00+00:00,1.28,0.2187,1.0017954821125818,3977017.03711886
2021-10-17 00:00:00+00:00,1.2773,0.217,1.001192730863102,3823626.98434354
2021-10-18 00:00:00+00:00,1.322,0.2435,1.003255658892346,3958990.08868697
2021-10-19 00:00:00+00:00,1.2956,0.2281,1.0020123885458678,3875205.44459401
2021-10-20 00:00:00+00:00,1.3208,0.2428,1.0036322932058381,4059057.0223186
2021-10-21 00:00:00+00:00,1.3126,0.2381,1.0064226435190027,3838662.52009471
2021-10-22 00:00:00+00:00,1.3838,0.2773,1.0074016909823786,3941481.15583938
2021-10-23 00:00:00+00:00,1.3671,0.2685,1.003027345978329,3780927.30984955
2021-10-24 00:00:00+00:00,1.3676,0.2688,1.0009268801133666,3828077.47138865
2021-10-25 00:00:00+00:00,1.3694,0.2697,1.0034755109090927,3826771.36511682
2021-10-26 00:00:00+00:00,1.4112,0.2913,1.0014419361860978,3998427.72564035
2021-10-27 00:00:00+00:00,1.428,0.2997,1.0063298079079688,3868835.03982714
2021-10-28 00:00:00+00:00,1.3359,0.2514,1.0047630405957373,3480405.52626054
2021-10-29 00:00:00+00:00,1.2964,0.2286,0.9990510121900716,3233702.3398005
2021-10-30 00:00:00+00:00,1.2991,0.2302,1.0006748385372812,3419204.98608568
2021-10-31 00:00:00+00:00,1.2876,0.2233,1.0029703405614863,3376191.78147758
2021-11-01 00:00:00+00:00,1.3203,0.2426,1.00564382368831,3697212.78381334
2021-11-02 00:00:00+00:00,1.255,0.2031,1.0023822688822777,3045784.70228065
2021-11-03 00:00:00+00:00,1.22,0.1803,0.9973084622342777,2903979.27877883
2021-11-04 00:00:00+00:00,1.2538,0.2024,1.0038272219112174,3145616.94155033
2021-11-05 00:00:00+00:00,1.2854,0.222,1.0036181349434201,3551622.978428
2021-11-06 00:00:00+00:00,1.269,0.2119,1.0008757543732052,3422073.86860633
2021-11-07 00:00:00+00:00,1.2627,0.208,0.9999812359773076,3352110.61646808
2021-11-08 00:00:00+00:00,1.2448,0.1966,1.0023653485636632,3201601.23974023
2021-11-09 00:00:00+00:00,1.2772,0.217,1.0033154667714514,3644168.79803704
2021-11-10 00:00:00+00:00,1.2687,0.2117,1.0034009415300171,3657608.68627346
2021-11-11 00:00:00+00:00,1.2347,0.19,1.000047211199565,3142905.78899162
2021-11-12 00:00:00+00:00,1.2216,0.1813,1.0002338764710343,2951480.90189787
2021-11-13 00:00:00+00:00,1.2291,0.1864,1.0005101085756114,3272661.98329267
2021-11-14 00:00:00+00:00,1.2567,0.2042,1.0010456045527667,3781338.23351417
2021-11-15 00:00:00+00:00,1.3076,0.2352,1.0041885518335503,4125244.83548071
2021-11-16 00:00:00+00:00,1.3189,0.2417,1.0041501057641877,3986317.87908167
2021-11-17 00:00:00+00:00,1.2597,0.2061,1.0011993275786832,3571980.45161214
2021-11-18 00:00:00+00:00,1.2654,0.2097,1.0021453170660877,3627318.60568785
2021-11-19 00:00:00+00:00,1.208,0.1722,1.0212923693343727,3545002.22012446
2021-11-20 00:00:00+00:00,1.2171,0.1783,1.0005275971207606,3599362.99558105
2021-11-21 00:00:00+00:00,1.2204,0.1805,1.0003901984433592,3706088.32406416
2021-11-22 00:00:00+00:00,1.1975,0.1648,1.0022228171341667,3331000.92260047
2021-11-23 00:00:00+00:00,1.1372,0.1206,0.9989364892051661,2354160.35374835
2021-11-24 00:00:00+00:00,1.1281,0.1135,0.999165510558072,2279019.77904784
2021-11-25 00:00:00+00:00,1.0702,0.0655,0.9972759038347127,1903115.09159242
2021-11-26 00:00:00+00:00,1.0912,0.0836,0.9985227283007713,2258412.9443421
2021-11-27 00:00:00+00:00,1.1206,0.1076,1.0006823198431316,2489150.29508835
2021-11-28 00:00:00+00:00,1.1072,0.0967,0.9998732078970207,2314450.20520344
2021-11-29 00:00:00+00:00,1.0583,0.0551,0.9975692901252217,1939448.00190819
2021-11-30 00:00:00+00:00,1.0814,0.0752,0.9988575014979327,2297544.42122502
2021-12-01 00:00:00+00:00,1.0707,0.066,0.9996272047577548,2094366.62529379
2021-12-02 00:00:00+00:00,1.1,0.0909,1.0018988413149337,2628649.6110547
2021-12-03 00:00:00+00:00,1.0126,0.0124,0.995665837982256,1569736.57879992
2021-12-04 00:00:00+00:00,1.0243,0.0237,0.9987463959806447,1818116.63483946
2021-12-05 00:00:00+00:00,1.0696,0.065,0.9997017050797682,2294313.65580086
2021-12-06 00:00:00+00:00,1.0786,0.0728,1.0019773773351917,2515927.28779289
2021-12-07 00:00:00+00:00,1.0644,0.0605,0.999838562858189,2168516.33446498
2021-12-08 00:00:00+00:00,1.054,0.0512,1.000495834687185,2030133.24194069
2021-12-09 00:00:00+00:00,1.0518,0.0492,0.9987107308420463,1984884.59817218
2021-12-10 00:00:00+00:00,0.9948,-0.0052,0.9973741280711432,1447603.99422827
2021-12-11 00:00:00+00:00,0.9181,-0.0892,0.9890631438491257,1514229.70024099
2021-12-12 00:00:00+00:00,0.9217,-0.0849,0.9975143615293617,1555736.98314867
2021-12-13 00:00:00+00:00,0.9526,-0.0497,0.9965231818865993,1775597.52542759
2021-12-14 00:00:00+00:00,0.9501,-0.0524,1.00015716109872,1614108.3592239
2021-12-15 00:00:00+00:00,0.9529,-0.0493,0.998160301663639,1636355.43739787
2021-12-16 00:00:00+00:00,0.9068,-0.1027,0.9931671367219068,1264915.43424005
2021-12-17 00:00:00+00:00,0.8997,-0.1114,0.9970466083274463,1013435.85503753
2021-12-18 00:00:00+00:00,0.9288,-0.0766,0.9996963608762336,1723904.76532066
2021-12-19 00:00:00+00:00,0.9487,-0.0541,0.9998958530695922,1885624.13233182
2021-12-20 00:00:00+00:00,0.8859,-0.1287,0.9968268537750802,874545.08067228
2021-12-21 00:00:00+00:00,0.9153,-0.0925,0.9989668670603778,1461521.29009527
2021-12-22 00:00:00+00:00,0.9273,-0.0783,0.9986853128023703,1712582.70414454
2021-12-23 00:00:00+00:00,0.9082,-0.101,0.9978633912359034,1181932.72718126
2021-12-24 00:00:00+00:00,0.8808,-0.1353,0.9956690507839604,762410.65295818
2021-12-25 00:00:00+00:00,0.89,-0.1236,0.9980987363623446,988185.67294214
2021-12-26 00:00:00+00:00,0.8902,-0.1233,0.9995424557700199,1027107.43777386
2021-12-27 00:00:00+00:00,0.8916,-0.1215,0.996414435078655,1176056.45937156
2021-12-28 00:00:00+00:00,0.9314,-0.0736,1.001841150150825,2013899.31247208
2021-12-29 00:00:00+00:00,0.9248,-0.0813,0.9994682149533718,1657379.9764928
2021-12-30 00:00:00+00:00,0.9613,-0.0402,0.9995146716700881,2257167.14560807
2021-12-31 00:00:00+00:00,0.9562,-0.0457,1.002289984913629,2031255.65787961
2022-01-01 00:00:00+00:00,0.9519,-0.0504,0.9987640948592525,1892099.94532116
2022-01-02 00:00:00+00:00,0.9464,-0.0566,0.9991106889957553,1960098.41665782
2022-01-03 00:00:00+00:00,0.9458,-0.0572,1.0014653102296023,1812714.27957432
2022-01-04 00:00:00+00:00,0.8912,-0.122,0.9963145207126306,766916.78851956
2022-01-05 00:00:00+00:00,0.8844,-0.1307,0.9973068582124716,651989.395251
2022-01-06 00:00:00+00:00,0.8866,-0.1278,0.9957640319422593,715125.48821539
2022-01-07 00:00:00+00:00,0.8711,-0.148,0.996665328671425,420097.68186315
2022-01-08 00:00:00+00:00,0.8908,-0.1226,0.9996348001590994,901868.93346604
2022-01-09 00:00:00+00:00,0.8903,-0.1232,0.9992688074571136,850212.20556624
2022-01-10 00:00:00+00:00,0.8716,-0.1473,0.9975802779502873,452615.95891964
2022-01-11 00:00:00+00:00,0.8722,-0.1465,0.9978598005428039,361488.32037366
2022-01-12 00:00:00+00:00,0.8225,-0.2158,0.9978176410882785,122154.72383064
2022-01-13 00:00:00+00:00,0.8213,-0.2176,0.9927880355844081,305453.78597131
2022-01-14 00:00:00+00:00,0.7962,-0.2559,0.9933977845232245,62986.53232359
2022-01-15 00:00:00+00:00,0.7992,-0.2513,0.9976557848203277,241934.70282405
2022-01-16 00:00:00+00:00,0.8001,-0.2497,0.9985865543857653,273547.38475552
2022-01-17 00:00:00+00:00,0.8009,-0.2485,0.996618650109454,321146.7462651
2022-01-18 00:00:00+00:00,0.8208,-0.2182,0.9991403080623532,526715.67860374
2022-01-19 00:00:00+00:00,0.8435,-0.1855,1.0002453602244146,780099.41852666
2022-01-20 00:00:00+00:00,0.8213,-0.2176,0.9987220853164721,334686.38823638
2022-01-21 00:00:00+00:00,0.8315,-0.2025,0.998717370105918,582541.77121269
2022-01-22 00:00:00+00:00,0.8318,-0.2022,0.9998803088136395,594173.58523231
2022-01-23 00:00:00+00:00,0.8319,-0.202,0.9995746044146074,618388.33491281
2022-01-24 00:00:00+00:00,0.8143,-0.228,0.996932877620974,291587.80878791
2022-01-25 00:00:00+00:00,0.8232,-0.2147,0.9980852976615969,542235.46853794
2022-01-26 00:00:00+00:00,0.8116,-0.2321,0.9951499761988488,294013.58566353
2022-01-27 00:00:00+00:00,0.7948,-0.2581,0.9979915777286986,32819.64188428
2022-01-28 00:00:00+00:00,0.7196,-0.3895,0.9873979601112399,41325.83886628
2022-01-29 00:00:00+00:00,0.6961,-0.4365,0.9949324760760866,86142.76117604
2022-01-30 00:00:00+00:00,0.7069,-0.4146,0.9982128079269423,225450.35877563
2022-01-31 00:00:00+00:00,0.7341,-0.3622,0.9955223291878371,482692.06593976
2022-02-01 00:00:00+00:00,0.7381,-0.3547,0.9989661570363721,501600.84840197
2022-02-02 00:00:00+00:00,0.7385,-0.354,0.9989313752181942,396757.17962243
2022-02-03 00:00:00+00:00,0.7431,-0.3456,0.9947384786884448,585805.14524656
2022-02-04 00:00:00+00:00,0.7633,-0.3101,0.9962191360410378,742165.421134
2022-02-05 00:00:00+00:00,0.7739,-0.2921,0.9943508324574502,827798.52274179
2022-02-06 00:00:00+00:00,0.7751,-0.2902,0.9970685996001397,831330.24743337
2022-02-07 00:00:00+00:00,0.7858,-0.2726,0.9983972101318509,948848.52981876
2022-02-08 00:00:00+00:00,0.8007,-0.2488,0.9920246233481325,1086797.34037143
2022-02-09 00:00:00+00:00,0.7652,-0.3068,0.9974980937809166,429326.2253038
2022-02-10 00:00:00+00:00,0.7681,-0.3018,0.9975210057519762,631921.62945732
2022-02-11 00:00:00+00:00,0.8413,-0.1886,1.0030583595590208,1312382.86668836
2022-02-12 00:00:00+00:00,0.8612,-0.1611,1.0023180721010545,1352250.76119218
2022-02-13 00:00:00+00:00,0.8655,-0.1554,1.000025340445729,1487026.2307665
2022-02-14 00:00:00+00:00,0.9057,-0.104,1.0032773380441276,1660173.21396953
2022-02-15 00:00:00+00:00,0.9091,-0.0999,1.0004177599107684,1833586.54591538
2022-02-16 00:00:00+00:00,0.9157,-0.092,1.000772214810727,1771211.49138463
2022-02-17 00:00:00+00:00,0.8991,-0.1122,1.0007256034569303,1512434.02760614
2022-02-18 00:00:00+00:00,0.871,-0.148,0.999806586350261,1167048.02991102
2022-02-19 00:00:00+00:00,0.867,-0.1533,1.0007799928976442,1061904.63515326
2022-02-20 00:00:00+00:00,0.8678,-0.1523,0.9997787076547291,1078533.82136061
2022-02-21 00:00:00+00:00,0.8774,-0.1396,0.9991617543097988,1420542.92560893
2022-02-22 00:00:00+00:00,0.9075,-0.1019,1.0025991519893585,1827774.45488432
2022-02-23 00:00:00+00:00,0.9068,-0.1027,1.0003297191699174,1816644.53615748
2022-02-24 00:00:00+00:00,0.8385,-0.1925,0.9972602274303789,800745.78611812
2022-02-25 00:00:00+00:00,0.8242,-0.2132,0.9969832670398119,832180.93654395
2022-02-26 00:00:00+00:00,0.8257,-0.2111,0.9992934395909965,803032.6276359
2022-02-27 00:00:00+00:00,0.7974,-0.2541,0.9969272992614435,791260.08501769
2022-02-28 00:00:00+00:00,0.7766,-0.2877,0.9975569080720122,319150.10954862
2022-03-01 00:00:00+00:00,0.7909,-0.2643,0.9980917119739023,737356.64571925
2022-03-02 00:00:00+00:00,0.7776,-0.2859,0.9997501474150047,303436.77100074
2022-03-03 00:00:00+00:00,0.7998,-0.2502,0.9947263339043618,816981.11718521
2022-03-04 00:00:00+00:00,0.822,-0.2165,0.9993687984696108,1236354.37922978
2022-03-05 00:00:00+00:00,0.8204,-0.2189,0.9991993192533273,1172695.53353707
2022-03-06 00:00:00+00:00,0.7877,-0.2695,0.9986499277553166,464844.45964119
2022-03-07 00:00:00+00:00,0.9093,-0.0997,0.9986284797965692,2040222.34438333
2022-03-08 00:00:00+00:00,0.9219,-0.0846,1.0033599406858948,2164963.96677872
2022-03-09 00:00:00+00:00,0.9259,-0.08,1.0006459393892617,2148820.24932707
2022-03-10 00:00:00+00:00,0.8931,-0.1196,1.0005030981605194,1717256.32939501
2022-03-11 00:00:00+00:00,0.8207,-0.2184,0.9959371406586447,813545.6709625
2022-03-12 00:00:00+00:00,0.8304,-0.2042,0.9984646116654416,1028847.3645182
2022-03-13 00:00:00+00:00,0.8133,-0.2296,0.9988646704569731,660019.13227823
2022-03-14 00:00:00+00:00,0.8081,-0.2374,0.9973639101987425,627909.61528468
2022-03-15 00:00:00+00:00,0.8174,-0.2234,0.9996420419365656,812533.33314684
2022-03-16 00:00:00+00:00,0.889,-0.1248,1.000582659622394,1658291.53042481
2022-03-17 00:00:00+00:00,0.8392,-0.1916,0.996506487028935,1178092.69962399
2022-03-18 00:00:00+00:00,0.8334,-0.1999,0.9963302628530072,1018090.65475085
2022-03-19 00:00:00+00:00,0.8357,-0.1965,0.9997892707200982,960682.06957002
2022-03-20 00:00:00+00:00,0.8098,-0.2348,0.9990177694889306,367562.13338462
2022-03-21 00:00:00+00:00,0.852,-0.1736,0.9994226082868221,1435693.19328706
2022-03-22 00:00:00+00:00,0.849,-0.1778,0.99875502266871,1424611.0114575
2022-03-23 00:00:00+00:00,0.8854,-0.1294,1.0012227062379142,1562290.80852186
2022-03-24 00:00:00+00:00,0.8851,-0.1298,0.9958552244264732,1564944.7538468
2022-03-25 00:00:00+00:00,0.905,-0.105,1.0010581179126277,2141499.6668552
2022-03-26 00:00:00+00:00,0.9165,-0.091,1.000440890100114,2283239.09291789
2022-03-27 00:00:00+00:00,0.8987,-0.1127,1.0000842825535092,1580605.69364386
2022-03-28 00:00:00+00:00,0.8991,-0.1122,0.9996189196367589,1580217.27286551
2022-03-29 00:00:00+00:00,0.9285,-0.077,1.0029274097793062,2128908.55133963
2022-03-30 00:00:00+00:00,0.9318,-0.0732,1.000184863189554,2326864.09095878
2022-03-31 00:00:00+00:00,0.9617,-0.0398,1.0031381641758308,2589655.09428358
2022-04-01 00:00:00+00:00,0.9669,-0.0342,1.0013277818833723,2706707.81630018
2022-04-02 00:00:00+00:00,0.9741,-0.0265,1.0004257891911743,2898773.81972516
2022-04-03 00:00:00+00:00,1.0215,0.021,1.0023211421043488,3044279.47982524
2022-04-04 00:00:00+00:00,1.0283,0.0275,1.006582954174703,2927452.47252458
2022-04-05 00:00:00+00:00,1.0268,0.0261,1.0014059850465753,2790891.55954848
2022-04-06 00:00:00+00:00,1.0225,0.022,1.0019031894983217,2713937.32992855
2022-04-07 00:00:00+00:00,0.9935,-0.0065,0.9991354841190205,2392428.39069525
2022-04-08 00:00:00+00:00,1.0048,0.0047,1.001236984537945,2505216.56852271
2022-04-09 00:00:00+00:00,1.0074,0.0073,1.0004446067075587,2511720.58630292
2022-04-10 00:00:00+00:00,1.0123,0.0121,1.0001055772072378,2742358.0750551
2022-04-11 00:00:00+00:00,1.0211,0.0206,1.0008065329379066,2907491.73634459
2022-04-12 00:00:00+00:00,0.9999,-0.0001,1.0001118341802002,2322062.89131988
2022-04-13 00:00:00+00:00,0.9556,-0.0464,0.9981304178971946,1863100.14904694
2022-04-14 00:00:00+00:00,0.9608,-0.0408,0.9986184850390124,2137116.01411317
2022-04-15 00:00:00+00:00,0.9323,-0.0726,0.9991004540787484,1620739.39672315
2022-04-16 00:00:00+00:00,0.9438,-0.0595,0.9994395991327988,1845103.23126373
2022-04-17 00:00:00+00:00,0.9354,-0.069,0.9995166214535744,1604486.39648468
2022-04-18 00:00:00+00:00,0.9026,-0.1079,0.9967729951031317,873884.66311251
2022-04-19 00:00:00+00:00,0.9095,-0.0995,0.9985498753698394,1047342.01531737
2022-04-20 00:00:00+00:00,0.939,-0.0649,1.0007070106501683,1348492.04457016
2022-04-21 00:00:00+00:00,0.9132,-0.095,0.9975664628028933,1003483.39946001
2022-04-22 00:00:00+00:00,0.9271,-0.0785,0.9998525372626761,1281822.87754541
2022-04-23 00:00:00+00:00,0.9284,-0.0771,0.9995684160397773,1261117.55641619
2022-04-24 00:00:00+00:00,0.9175,-0.0899,0.9995674542106162,827279.96742951
2022-04-25 00:00:00+00:00,0.9423,-0.0612,0.9993807324043875,1453179.4207778
2022-04-26 00:00:00+00:00,0.9553,-0.0468,1.000440045305198,1729610.68084505
2022-04-27 00:00:00+00:00,0.9574,-0.0445,1.0005701778321405,1629057.55368413
2022-04-28 00:00:00+00:00,0.9336,-0.0711,0.9997801861498358,1052713.25161777
2022-04-29 00:00:00+00:00,0.9233,-0.083,0.9988468699186414,967881.36527125
2022-04-30 00:00:00+00:00,0.9261,-0.0797,0.9993998881929398,1036393.28657289
2022-05-01 00:00:00+00:00,0.9222,-0.0843,0.999550323435581,785758.81603439
2022-05-02 00:00:00+00:00,0.9454,-0.0577,0.9991067319701822,1397347.13384671
2022-05-03 00:00:00+00:00,0.8963,-0.1157,0.9985066416042592,363354.99748906
2022-05-04 00:00:00+00:00,0.9229,-0.0835,0.9995902981571573,995102.84626169
2022-05-05 00:00:00+00:00,0.9385,-0.0654,0.9999914843770047,1134863.85874769
2022-05-06 00:00:00+00:00,0.9125,-0.0958,0.9984100968757919,691900.84094722
2022-05-07 00:00:00+00:00,0.896,-0.1161,0.9991658896939108,238107.26972156
2022-05-08 00:00:00+00:00,0.9168,-0.0907,0.9979608252133523,623682.30141679
2022-05-09 00:00:00+00:00,0.9213,-0.0853,0.999090518911513,815159.19691979
2022-05-10 00:00:00+00:00,0.9034,-0.1069,0.9987225499130699,281756.41107446
2022-05-11 00:00:00+00:00,0.9516,-0.0508,1.000993063799431,1533541.25624644
2022-05-12 00:00:00+00:00,0.8769,-0.1403,0.9980098603219684,240003.25719339
2022-05-13 00:00:00+00:00,0.8715,-0.1475,0.998330548673785,245261.24021824
2022-05-14 00:00:00+00:00,0.8605,-0.1621,0.9985765481998864,159699.27817564
2022-05-15 00:00:00+00:00,0.8333,-0.2,0.997297514973861,40124.17830582
2022-05-16 00:00:00+00:00,0.7713,-0.2965,0.9908108850739838,155880.03927026
2022-05-17 00:00:00+00:00,0.7741,-0.2917,0.9954515110151766,231307.94024259
2022-05-18 00:00:00+00:00,0.7326,-0.365,0.9899163153950937,191567.02357266
2022-05-19 00:00:00+00:00,0.7471,-0.3385,0.9952908354248391,396256.66442959
2022-05-20 00:00:00+00:00,0.7617,-0.3128,0.9969862871052892,271657.57901302
2022-05-21 00:00:00+00:00,0.782,-0.2787,0.9973155594115499,692370.66104329
2022-05-22 00:00:00+00:00,0.8113,-0.2325,1.0007142173347114,994386.97424893
2022-05-23 00:00:00+00:00,0.7833,-0.2765,0.9969802792964173,704361.23839179
2022-05-24 00:00:00+00:00,0.7994,-0.2508,0.9985132726555712,879343.36193365
2022-05-25 00:00:00+00:00,0.7615,-0.3132,0.993960763078504,172901.92526289
2022-05-26 00:00:00+00:00,0.7971,-0.2545,0.9990284700197277,873221.17501726
2022-05-27 00:00:00+00:00,0.7746,-0.2909,0.9925695492645809,425834.547322
2022-05-28 00:00:00+00:00,0.7833,-0.2765,0.9989869560761419,486276.72228061
2022-05-29 00:00:00+00:00,0.8061,-0.2405,1.0009912424407026,1011002.52652483
2022-05-30 00:00:00+00:00,0.7799,-0.2821,0.9962362263679587,224121.45342822
2022-05-31 00:00:00+00:00,0.7916,-0.2632,0.997318694880188,621117.17277627
2022-06-01 00:00:00+00:00,0.7946,-0.2584,0.9988764576175955,465050.83861013
2022-06-02 00:00:00+00:00,0.7941,-0.2592,0.994013936493192,376635.83942659
2022-06-03 00:00:00+00:00,0.7805,-0.2812,0.9900738128696999,141132.53969204
2022-06-04 00:00:00+00:00,0.7865,-0.2714,0.9962791566987887,441717.45052817
2022-06-05 00:00:00+00:00,0.7997,-0.2504,0.9992484335315982,756625.77643815
2022-06-06 00:00:00+00:00,0.8634,-0.1581,1.0024740236554344,1567698.65734871
2022-06-07 00:00:00+00:00,0.8665,-0.154,1.0019160097389794,1621669.88920651
2022-06-08 00:00:00+00:00,0.8166,-0.2245,0.9957783838695828,770769.24391566
2022-06-09 00:00:00+00:00,0.8382,-0.193,0.9989915192365383,1246917.39883604
2022-06-10 00:00:00+00:00,0.818,-0.2225,0.9962832881875116,617101.86324863
2022-06-11 00:00:00+00:00,0.827,-0.2091,0.9930484377485017,847035.35507511
2022-06-12 00:00:00+00:00,0.8301,-0.2047,0.9971985949115151,957879.45480466
2022-06-13 00:00:00+00:00,0.8699,-0.1495,0.9980776821681174,1472243.28161296
2022-06-14 00:00:00+00:00,0.8709,-0.1482,0.9991267172344312,1427495.90612289
2022-06-15 00:00:00+00:00,0.8441,-0.1847,0.9964729367787563,1020280.1421558
2022-06-16 00:00:00+00:00,0.8404,-0.1899,0.9982240575231762,804958.00580538
2022-06-17 00:00:00+00:00,0.8187,-0.2214,0.995314825301986,281050.19378893
2022-06-18 00:00:00+00:00,0.7983,-0.2527,0.9977922409850629,46221.99579798
2022-06-19 00:00:00+00:00,0.7637,-0.3094,0.9944931168175678,13381.4210289
2022-06-20 00:00:00+00:00,0.6502,-0.538,0.9812078105650203,28794.34112537
2022-06-21 00:00:00+00:00,0.6584,-0.5188,0.9905547134532443,318150.36111723
2022-06-22 00:00:00+00:00,0.6775,-0.476,0.9966820983673197,567431.63739411
2022-06-23 00:00:00+00:00,0.6202,-0.6123,0.9953178966656778,136880.31824444
2022-06-24 00:00:00+00:00,0.6334,-0.5786,0.9961888484342477,161608.55923815
2022-06-25 00:00:00+00:00,0.5991,-0.6692,0.9916413764323885,155094.54251231
2022-06-26 00:00:00+00:00,0.645,-0.5504,0.9990995024474004,587231.51637456
2022-06-27 00:00:00+00:00,0.6464,-0.547,0.9959998776902849,590886.25479261
2022-06-28 00:00:00+00:00,0.6623,-0.5099,0.9978692070654697,664866.76780187
2022-06-29 00:00:00+00:00,0.6391,-0.5647,0.9889013407511192,425018.54930357
2022-06-30 00:00:00+00:00,0.6761,-0.479,0.9979297032714001,1118486.49536428
2022-07-01 00:00:00+00:00,0.6865,-0.4566,0.9961868088571058,1194300.85595645
2022-07-02 00:00:00+00:00,0.6887,-0.4519,0.9992287993895563,1301577.59131767
2022-07-03 00:00:00+00:00,0.681,-0.4685,0.9985835207146253,963320.98598719
2022-07-04 00:00:00+00:00,0.6711,-0.4901,0.9939636157388094,686061.57825498
2022-07-05 00:00:00+00:00,0.6582,-0.5194,0.9968237751111437,380916.44908676
2022-07-06 00:00:00+00:00,0.6572,-0.5214,0.9949086866801663,421401.77592842
2022-07-07 00:00:00+00:00,0.6271,-0.5945,0.9884338862665175,196975.82115734
2022-07-08 00:00:00+00:00,0.6433,-0.5545,0.9965294454553227,403405.23967049
2022-07-09 00:00:00+00:00,0.6436,-0.5536,0.9978768229507562,434928.10621477
2022-07-10 00:00:00+00:00,0.6451,-0.55,0.997975379374347,422381.25045438
2022-07-11 00:00:00+00:00,0.6754,-0.4804,0.9995118381809415,889673.44799807
2022-07-12 00:00:00+00:00,0.6813,-0.4678,0.9980687488682732,934300.00733213
2022-07-13 00:00:00+00:00,0.6918,-0.4455,0.9911946546703801,1182564.88090506
2022-07-14 00:00:00+00:00,0.7321,-0.3659,1.0002324323873555,1748715.63564029
2022-07-15 00:00:00+00:00,0.7418,-0.3481,1.0009225603349485,1757670.49166308
2022-07-16 00:00:00+00:00,0.7383,-0.3545,0.9888899530401657,1613053.25757719
2022-07-17 00:00:00+00:00,0.7135,-0.4015,0.9980642514027142,1141388.77614968
2022-07-18 00:00:00+00:00,0.6887,-0.4519,0.9959592293187883,585962.20808993
2022-07-19 00:00:00+00:00,0.6681,-0.4967,0.9970647226957626,400010.58701651
2022-07-20 00:00:00+00:00,0.6889,-0.4515,0.9986187382586429,730040.74393061
2022-07-21 00:00:00+00:00,0.712,-0.4044,0.9989733842076283,1211894.17928401
2022-07-22 00:00:00+00:00,0.7312,-0.3675,0.9927276088927056,1523338.70532051
2022-07-23 00:00:00+00:00,0.7411,-0.3493,0.9998448241223777,1672595.7001927
2022-07-24 00:00:00+00:00,0.733,-0.3643,0.999367820223297,1410975.71696311
2022-07-25 00:00:00+00:00,0.7605,-0.3149,1.0011179211447463,1930285.35132511
2022-07-26 00:00:00+00:00,0.8252,-0.2118,1.000797045970628,2198515.53927052
2022-07-27 00:00:00+00:00,0.8186,-0.2216,1.0049381752544542,1989201.40337977
2022-07-28 00:00:00+00:00,0.8179,-0.2226,0.9968288440286559,2115316.6258872
2022-07-29 00:00:00+00:00,0.801,-0.2484,1.002908783996749,1776757.52866946
2022-07-30 00:00:00+00:00,0.7939,-0.2596,0.9988696172277612,1756420.17378759
2022-07-31 00:00:00+00:00,0.8035,-0.2446,1.0001468612413036,1822144.83807997
2022-08-01 00:00:00+00:00,0.7699,-0.2989,0.9962048893703619,1465200.96330608
2022-08-02 00:00:00+00:00,0.755,-0.3245,0.9961815706534076,1412266.34600406
2022-08-03 00:00:00+00:00,0.8157,-0.2259,1.0014775581655455,2107820.18252052
2022-08-04 00:00:00+00:00,0.8746,-0.1433,1.0038515412167779,2407626.00182477
2022-08-05 00:00:00+00:00,0.8786,-0.1381,1.0017578842376196,2504808.29177288
2022-08-06 00:00:00+00:00,0.8704,-0.1488,1.0012668920096544,2210670.47094758
2022-08-07 00:00:00+00:00,0.8596,-0.1632,0.9987727931238889,2084699.85978967
2022-08-08 00:00:00+00:00,0.8601,-0.1627,1.0000375672724797,2208417.071087
2022-08-09 00:00:00+00:00,0.8534,-0.1717,0.9993892433190276,2000423.62818701
2022-08-10 00:00:00+00:00,0.8478,-0.1794,1.0001831496655893,1793747.87950862
2022-08-11 00:00:00+00:00,0.8412,-0.1888,0.9982123257178133,1676392.26634745
2022-08-12 00:00:00+00:00,0.8615,-0.1607,1.0004903170877757,2245747.15045317
2022-08-13 00:00:00+00:00,0.857,-0.1668,1.000013899589725,1858791.40281017
2022-08-14 00:00:00+00:00,0.8641,-0.1572,0.9998455625754092,2194266.12115586
2022-08-15 00:00:00+00:00,0.8876,-0.1266,1.0010833526567209,2448692.37728225
2022-08-16 00:00:00+00:00,0.866,-0.1547,0.9993050202467163,2041185.32184583
2022-08-17 00:00:00+00:00,0.8948,-0.1175,1.0010675739878192,2548730.23789318
2022-08-18 00:00:00+00:00,0.8996,-0.1116,1.001180362775773,2550287.4457564
2022-08-19 00:00:00+00:00,0.9084,-0.1008,1.001755852429461,2667903.74546049
2022-08-20 00:00:00+00:00,0.9156,-0.0921,1.0016400881316962,2542737.49432189
2022-08-21 00:00:00+00:00,0.9097,-0.0993,1.0001593086281848,2528381.64436358
2022-08-22 00:00:00+00:00,0.9045,-0.1056,0.9997863457468348,2441564.21728054
2022-08-23 00:00:00+00:00,0.901,-0.1098,1.0001534567123769,2315714.34288734
2022-08-24 00:00:00+00:00,0.8828,-0.1327,0.9995369928194089,2027688.20601961
2022-08-25 00:00:00+00:00,0.8812,-0.1348,0.999411283420777,1909495.61852949
2022-08-26 00:00:00+00:00,0.7986,-0.2521,0.994862558295316,814791.6071379
2022-08-27 00:00:00+00:00,0.8083,-0.237,0.99910259594963,989841.22669975
2022-08-28 00:00:00+00:00,0.8276,-0.2082,0.9995993846584823,1304084.44585008
2022-08-29 00:00:00+00:00,0.8225,-0.2157,0.9984187021652889,1072137.77558067
2022-08-30 00:00:00+00:00,0.8384,-0.1926,0.9992298578746437,1398688.0654893
2022-08-31 00:00:00+00:00,0.8377,-0.1937,0.9991908657455476,1351154.2981552
2022-09-01 00:00:00+00:00,0.8483,-0.1788,0.9983344870334283,1489067.68898592
2022-09-02 00:00:00+00:00,0.7967,-0.2551,0.9965335746302428,463329.4345149
2022-09-03 00:00:00+00:00,0.7915,-0.2634,0.9947723058598827,504431.33574698
2022-09-04 00:00:00+00:00,0.7849,-0.274,0.998389086758632,315494.99467795
2022-09-05 00:00:00+00:00,0.8063,-0.2402,0.9984664385868803,701157.54630226
2022-09-06 00:00:00+00:00,0.7945,-0.2586,0.9971782733160223,397763.14415863
2022-09-07 00:00:00+00:00,0.806,-0.2407,0.9987069219917678,528874.40174145
2022-09-08 00:00:00+00:00,0.8111,-0.2328,0.9973762220497433,701869.73537012
2022-09-09 00:00:00+00:00,0.8123,-0.231,0.9979282009315084,570884.04924267
2022-09-10 00:00:00+00:00,0.8065,-0.2399,0.9982925108846905,373700.08817603
2022-09-11 00:00:00+00:00,0.8148,-0.2273,0.9992490071406386,570300.52618328
2022-09-12 00:00:00+00:00,0.8102,-0.2342,0.9990763209809859,498243.61721137
2022-09-13 00:00:00+00:00,0.7773,-0.2865,0.9975886779052816,90458.89331133
2022-09-14 00:00:00+00:00,0.7979,-0.2532,0.998071088528951,468212.97825495
2022-09-15 00:00:00+00:00,0.7997,-0.2504,0.9993244413740724,499236.52241637
2022-09-16 00:00:00+00:00,0.8852,-0.1296,1.0030848640809478,1771158.2516156
2022-09-17 00:00:00+00:00,0.8987,-0.1126,1.001162001736417,2039176.81724744
2022-09-18 00:00:00+00:00,0.9004,-0.1106,1.000945106865392,2029180.29650555
2022-09-19 00:00:00+00:00,0.9304,-0.0747,1.0027759937099243,2189814.45421307
2022-09-20 00:00:00+00:00,0.8454,-0.1828,0.9898150943572335,878196.67438586
2022-09-21 00:00:00+00:00,0.8497,-0.1769,0.997430764546673,1046514.26490707
2022-09-22 00:00:00+00:00,0.8325,-0.2011,0.9971521698220333,419067.01137784
2022-09-23 00:00:00+00:00,0.8352,-0.1972,0.9983883936594329,521226.13940683
2022-09-24 00:00:00+00:00,0.8563,-0.1678,0.9994063170858488,1052000.0650998
2022-09-25 00:00:00+00:00,0.8347,-0.198,0.9984183654036413,417804.57219333
2022-09-26 00:00:00+00:00,0.8425,-0.1869,0.9972071866579656,548046.31027354
2022-09-27 00:00:00+00:00,0.822,-0.2165,0.9974188771930068,110732.11982019
2022-09-28 00:00:00+00:00,0.8079,-0.2377,0.9982850909814146,123558.12639053
2022-09-29 00:00:00+00:00,0.8477,-0.1797,0.9988752049071076,739520.16900994
2022-09-30 00:00:00+00:00,0.8481,-0.1791,0.9985139811130906,671150.69817249
2022-10-01 00:00:00+00:00,0.8308,-0.2036,0.9990393659028727,201870.37218616
2022-10-02 00:00:00+00:00,0.8314,-0.2028,0.9986491526753604,160524.38511322
2022-10-03 00:00:00+00:00,0.8478,-0.1794,0.9993693787205833,562741.69358107
2022-10-04 00:00:00+00:00,0.8466,-0.1811,0.998403105591174,391774.16135667
2022-10-05 00:00:00+00:00,0.8686,-0.1513,0.9983728591501119,865288.68898212
2022-10-06 00:00:00+00:00,0.8712,-0.1478,0.9987013199069473,1002223.77255374
2022-10-07 00:00:00+00:00,0.87,-0.1493,0.9983273340171828,863580.64316137
2022-10-08 00:00:00+00:00,0.8666,-0.1539,0.9988155758497071,655828.51705112
2022-10-09 00:00:00+00:00,0.8574,-0.1662,0.9982758703107619,183072.73481576
2022-10-10 00:00:00+00:00,0.8827,-0.1328,0.9993492507132617,1180161.16835914
2022-10-11 00:00:00+00:00,0.9163,-0.0913,1.0018798323336429,1707784.25425233
2022-10-12 00:00:00+00:00,0.9109,-0.0978,1.0000609805748835,1482365.10278546
2022-10-13 00:00:00+00:00,0.9044,-0.1057,0.999804797275457,1200562.13218577
2022-10-14 00:00:00+00:00,0.887,-0.1273,0.998129141187704,869193.89292489
2022-10-15 00:00:00+00:00,0.8859,-0.1288,0.9987167512269569,728344.09283622
2022-10-16 00:00:00+00:00,0.889,-0.1248,0.999579080951654,714808.04477773
2022-10-17 00:00:00+00:00,0.8799,-0.1365,0.998334869091277,297411.83578335
2022-10-18 00:00:00+00:00,0.8806,-0.1356,0.9982237614117162,251010.89481403
2022-10-19 00:00:00+00:00,0.8869,-0.1275,0.9982494136749931,510085.99250183
2022-10-20 00:00:00+00:00,0.8992,-0.112,0.9982592929721592,940207.34525277
2022-10-21 00:00:00+00:00,0.8914,-0.1218,0.9997140698563396,531909.49445312
2022-10-22 00:00:00+00:00,0.8898,-0.1238,0.998118482678528,285918.89058088
2022-10-23 00:00:00+00:00,0.9016,-0.1092,0.9994614169936813,827562.1302216
2022-10-24 00:00:00+00:00,0.9148,-0.0931,1.0006354488775533,1292511.58122407
2022-10-25 00:00:00+00:00,0.907,-0.1024,0.9990642100479394,869416.67889547
2022-10-26 00:00:00+00:00,0.8992,-0.112,0.9977138246832759,385371.57340064
2022-10-27 00:00:00+00:00,0.8992,-0.1121,0.9985038918228754,190847.32337614
2022-10-28 00:00:00+00:00,0.9055,-0.1044,0.9993785762354264,628644.7461809
2022-10-29 00:00:00+00:00,0.9091,-0.0999,0.9998480116215541,796473.50482958
2022-10-30 00:00:00+00:00,0.9254,-0.0806,0.9998882018595392,1442453.35279242
2022-10-31 00:00:00+00:00,0.9173,-0.0902,0.9993525718428631,1092591.49038964
2022-11-01 00:00:00+00:00,0.9545,-0.0476,1.0019247363475372,1848607.60770275
2022-11-02 00:00:00+00:00,0.9858,-0.0143,1.006781485329997,2298866.18872817
2022-11-03 00:00:00+00:00,0.9582,-0.0436,1.0008284497707085,1776476.66373111
2022-11-04 00:00:00+00:00,0.9807,-0.0196,1.0003656267732495,2169646.78584957
2022-11-05 00:00:00+00:00,0.9861,-0.014,1.001233889120048,2213957.77113329
2022-11-06 00:00:00+00:00,0.982,-0.0183,0.9998418995293675,2018200.43994577
2022-11-07 00:00:00+00:00,0.9749,-0.0257,1.0000735604972673,1947724.02159225
2022-11-08 00:00:00+00:00,0.9766,-0.0239,1.000530344242645,1983912.3488798
2022-11-09 00:00:00+00:00,0.9658,-0.0353,0.9985032797418663,1548663.00396624
2022-11-10 00:00:00+00:00,0.9697,-0.0312,0.9997617119516271,1569908.27526344
2022-11-11 00:00:00+00:00,1.0139,0.0137,1.002169962376267,2664540.82545621
2022-11-12 00:00:00+00:00,1.0238,0.0232,1.001921928977873,2718434.42735018
2022-11-13 00:00:00+00:00,1.0141,0.0139,0.9989036596496876,2452619.0397657
2022-11-14 00:00:00+00:00,0.994,-0.006,0.9995456466496041,1936668.49427003
2022-11-15 00:00:00+00:00,0.9001,-0.111,0.989967860451289,132318.65783303
2022-11-16 00:00:00+00:00,0.7759,-0.2888,0.983219621778661,56354.06970409
2022-11-17 00:00:00+00:00,0.8812,-0.1347,0.99460149750524,436552.72842265
2022-11-18 00:00:00+00:00,0.8445,-0.1841,0.9922971442558404,407103.08724094
2022-11-19 00:00:00+00:00,0.8463,-0.1816,0.9960574953303812,226515.70662587
2022-11-20 00:00:00+00:00,0.8285,-0.207,0.9974672631083957,121777.12606523
2022-11-21 00:00:00+00:00,0.836,-0.1961,0.9935968898020969,222936.89797625
2022-11-22 00:00:00+00:00,0.8579,-0.1656,0.9967549825765112,649721.53778143
2022-11-23 00:00:00+00:00,0.8528,-0.1726,0.9905257110227261,464771.34677535
2022-11-24 00:00:00+00:00,0.8622,-0.1597,0.9827647024805521,728124.86003684
2022-11-25 00:00:00+00:00,0.8663,-0.1543,0.9942339111435411,552175.29023392
2022-11-26 00:00:00+00:00,0.8738,-0.1444,0.9978428929101686,818314.08239628
2022-11-27 00:00:00+00:00,0.8486,-0.1784,0.997230755698096,67691.16854079
2022-11-28 00:00:00+00:00,0.8266,-0.2097,0.9912072586232341,60715.74005091
2022-11-29 00:00:00+00:00,0.8498,-0.1767,0.9919728992426482,302781.31584065
2022-11-30 00:00:00+00:00,0.8767,-0.1405,0.995333030681375,766563.98842161
2022-12-01 00:00:00+00:00,0.8796,-0.1368,0.9941647725917312,817357.39837346
2022-12-02 00:00:00+00:00,0.8777,-0.1393,0.9960982269549795,690353.2331138
2022-12-03 00:00:00+00:00,0.8732,-0.1451,0.99879508763343,443721.95485711
2022-12-04 00:00:00+00:00,0.8752,-0.1426,0.9974849007173079,503378.15683056
2022-12-05 00:00:00+00:00,0.8658,-0.1549,0.9883783249399611,443850.82498423
2022-12-06 00:00:00+00:00,0.8781,-0.1387,0.9942857214443453,720024.55828382
2022-12-07 00:00:00+00:00,0.9171,-0.0904,1.0007627469651865,1890742.13855072
2022-12-08 00:00:00+00:00,0.9087,-0.1004,0.998987616785463,1717953.730105
2022-12-09 00:00:00+00:00,0.9105,-0.0982,0.9996241816218553,1861176.59478999
2022-12-10 00:00:00+00:00,0.9074,-0.102,0.9995011548347187,1575859.2590059
2022-12-11 00:00:00+00:00,0.919,-0.0881,1.000186747677566,1941031.07099615
2022-12-12 00:00:00+00:00,0.912,-0.0965,0.9993201107151175,1702421.53633
2022-12-13 00:00:00+00:00,0.9138,-0.0943,0.9994791446149085,1898470.47928388
2022-12-14 00:00:00+00:00,0.9044,-0.1057,0.9968330843921571,1418882.97741682
2022-12-15 00:00:00+00:00,0.9253,-0.0807,1.0002491769388382,2071705.11263622
2022-12-16 00:00:00+00:00,0.9242,-0.082,0.9992974053542734,1919388.03267229
2022-12-17 00:00:00+00:00,0.9247,-0.0814,0.9999005041000651,1880109.55120819
2022-12-18 00:00:00+00:00,0.9224,-0.0841,0.9999891046584682,1843103.48596362
2022-12-19 00:00:00+00:00,0.9264,-0.0794,0.9991306310960163,2034224.41104564
2022-12-20 00:00:00+00:00,0.9587,-0.043,1.0029965881713503,2247926.687569
2022-12-21 00:00:00+00:00,0.9581,-0.0437,1.0039416043018192,2172898.34443755
2022-12-22 00:00:00+00:00,0.9362,-0.0681,0.998072729253432,1900298.76493301
2022-12-23 00:00:00+00:00,0.9007,-0.1102,0.9957315179343885,882758.01146169
2022-12-24 00:00:00+00:00,0.9108,-0.0978,0.9937780766660327,1108837.37793577
2022-12-25 00:00:00+00:00,0.9162,-0.0914,0.9979255997097434,1151454.81855958
2022-12-26 00:00:00+00:00,0.9018,-0.1089,0.9952638663335045,416701.22908487
2022-12-27 00:00:00+00:00,0.9271,-0.0786,0.9991489313150135,1642854.66912678
2022-12-28 00:00:00+00:00,0.9244,-0.0817,0.9967321685282723,1269358.32894655
2022-12-29 00:00:00+00:00,0.9251,-0.081,0.9987748457257368,1189524.10860973
2022-12-30 00:00:00+00:00,0.927,-0.0786,0.9943641580082928,1232792.14036868
2022-12-31 00:00:00+00:00,0.9282,-0.0773,0.9993242947541553,1468539.91426526
2023-01-01 00:00:00+00:00,0.9292,-0.0762,0.9993418470483322,1498790.64104425
2023-01-02 00:00:00+00:00,0.9307,-0.0744,0.9986782608298016,1632060.24907518
2023-01-03 00:00:00+00:00,0.9257,-0.0802,0.9979942703210636,1025231.48194207
2023-01-04 00:00:00+00:00,0.9183,-0.0889,0.9949900339282315,513737.24610953
2023-01-05 00:00:00+00:00,0.9236,-0.0827,0.997936294085266,924521.48235769
2023-01-06 00:00:00+00:00,0.925,-0.081,0.9957368450407246,914834.70890291
2023-01-07 00:00:00+00:00,0.9232,-0.0831,0.9988624832280574,562891.36762879
2023-01-08 00:00:00+00:00,0.9276,-0.078,0.9982393811788537,1078523.54831907
2023-01-09 00:00:00+00:00,0.9335,-0.0712,1.0002933608132791,1376357.02004559
2023-01-10 00:00:00+00:00,0.9296,-0.0757,0.9978376581474573,1221789.20509586
2023-01-11 00:00:00+00:00,0.9409,-0.0628,0.9994974198485491,1847367.42516085
2023-01-12 00:00:00+00:00,0.9419,-0.0616,0.9990379587344942,1743122.16200791
2023-01-13 00:00:00+00:00,0.954,-0.0482,0.9995295288645307,2313612.62144902
2023-01-14 00:00:00+00:00,0.9552,-0.0468,1.0006473408668002,2301528.28946859
2023-01-15 00:00:00+00:00,0.9562,-0.0458,1.000316803459591,2235670.7825102
2023-01-16 00:00:00+00:00,0.968,-0.033,1.0026198989820234,2456031.35513308
2023-01-17 00:00:00+00:00,0.9786,-0.0218,1.001870750137183,2658132.38780816
2023-01-18 00:00:00+00:00,0.9909,-0.0091,1.0020322062840374,2788235.21582013
2023-01-19 00:00:00+00:00,1.0587,0.0554,1.0130857697957794,2966245.26500401
2023-01-20 00:00:00+00:00,1.1086,0.0979,1.0165428725606487,3309231.769759
2023-01-21 00:00:00+00:00,1.1676,0.1435,1.0196538553597232,3758898.03945718
2023-01-22 00:00:00+00:00,1.1601,0.1379,1.0108709895937258,3652157.53154024
2023-01-23 00:00:00+00:00,1.1717,0.1465,1.0117167681456767,3799536.01012441
2023-01-24 00:00:00+00:00,1.1695,0.1449,1.0178743769770924,3731605.67469038
2023-01-25 00:00:00+00:00,1.1376,0.1209,1.008745626165534,3275808.22187775
2023-01-26 00:00:00+00:00,1.1563,0.1351,1.0084234082748509,3622210.55832976
2023-01-27 00:00:00+00:00,1.2369,0.1915,1.017078358333691,4007441.95337365
2023-01-28 00:00:00+00:00,1.252,0.2012,1.0188534352852716,3936365.01372303
2023-01-29 00:00:00+00:00,1.2295,0.1866,1.0105912328481985,3826068.74429518
2023-01-30 00:00:00+00:00,1.2394,0.1931,1.0112568864175493,3894424.96746052
2023-01-31 00:00:00+00:00,1.2226,0.1821,1.0102711926486088,3680817.02003469
2023-02-01 00:00:00+00:00,1.2449,0.1967,1.0084033178742433,3988275.97963814
2023-02-02 00:00:00+00:00,1.2247,0.1835,1.0211352232251218,3828986.54785531
2023-02-03 00:00:00+00:00,1.2259,0.1842,1.0101441181969089,3950528.85662928
2023-02-04 00:00:00+00:00,1.2177,0.1787,1.006154539638621,3707735.5380225
2023-02-05 00:00:00+00:00,1.2572,0.2045,1.0110725444407243,4052037.70979389
2023-02-06 00:00:00+00:00,1.1997,0.1664,1.0070206327829412,3476363.00671376
2023-02-07 00:00:00+00:00,1.2187,0.1794,1.0078188242013995,3832951.35575757
2023-02-08 00:00:00+00:00,1.2439,0.196,1.0200060071597778,4055823.19945217
2023-02-09 00:00:00+00:00,1.2277,0.1854,1.0124189021489334,3890958.64930987
2023-02-10 00:00:00+00:00,1.2219,0.1816,1.0110638670192031,3850224.83434146
2023-02-11 00:00:00+00:00,1.2175,0.1786,1.013816498593646,3788956.38679008
2023-02-12 00:00:00+00:00,1.1908,0.1602,1.0032404072602745,3252307.91791669
2023-02-13 00:00:00+00:00,1.1882,0.1583,1.0034781873913516,3156671.31815327
2023-02-14 00:00:00+00:00,1.2028,0.1685,1.006572208841793,3809472.57956186
2023-02-15 00:00:00+00:00,1.1868,0.1573,1.0049972104677691,3207666.25814933
2023-02-16 00:00:00+00:00,1.132,0.1165,1.0026574492524267,2944693.24752893
2023-02-17 00:00:00+00:00,1.1216,0.1083,0.9959072956984547,2979187.20875995
2023-02-18 00:00:00+00:00,1.1327,0.1171,0.9994657690824277,3121350.50252947
2023-02-19 00:00:00+00:00,1.1301,0.1151,1.0018809204839227,3046830.11634205
2023-02-20 00:00:00+00:00,1.1311,0.1159,0.9985873254001031,3113245.67305365
2023-02-21 00:00:00+00:00,1.1477,0.1287,1.000608509430706,3267104.45142638
2023-02-22 00:00:00+00:00,1.2531,0.202,1.012240963270254,4096560.28747378
2023-02-23 00:00:00+00:00,1.2252,0.1837,1.0165564457936949,3876543.60990682
2023-02-24 00:00:00+00:00,1.2586,0.2054,1.0057687847310903,4014923.69561581
2023-02-25 00:00:00+00:00,1.2575,0.2047,1.0068943099998855,4003561.41537834
2023-02-26 00:00:00+00:00,1.2464,0.1976,1.0058531867240181,3863567.01999662
2023-02-27 00:00:00+00:00,1.2657,0.2099,1.0064931506775299,3999314.94839412
2023-02-28 00:00:00+00:00,1.2369,0.1915,1.005327263672445,3786418.3504869
2023-03-01 00:00:00+00:00,1.2249,0.1835,1.0037311419545334,3804058.37560239
2023-03-02 00:00:00+00:00,1.2096,0.1732,1.0053120113396503,3667444.1907348
2023-03-03 00:00:00+00:00,1.1733,0.1477,1.0040856070120907,3372176.62654019
2023-03-04 00:00:00+00:00,1.1705,0.1456,0.9978975886022011,3260373.80147323
2023-03-05 00:00:00+00:00,1.1882,0.1583,1.002654252843776,3566562.64484074
2023-03-06 00:00:00+00:00,1.1854,0.1563,1.0048637036259005,3551343.93366475
2023-03-07 00:00:00+00:00,1.1698,0.1451,1.0016191218187664,3297524.1837121
2023-03-08 00:00:00+00:00,1.1831,0.1547,1.0057816509877018,3596835.4905316
2023-03-09 00:00:00+00:00,1.1793,0.152,1.0009926453812785,3543204.23059481
2023-03-10 00:00:00+00:00,1.1258,0.1117,0.9939625883840838,2723438.14843543
2023-03-11 00:00:00+00:00,1.1269,0.1126,0.9963182007823944,2714465.58189875
2023-03-12 00:00:00+00:00,1.1276,0.1131,1.0007856289061645,2808971.71512475
2023-03-13 00:00:00+00:00,1.1278,0.1133,0.9983830508863184,2880313.12781368
2023-03-14 00:00:00+00:00,1.1124,0.101,0.9984567741313151,2610817.030136
2023-03-15 00:00:00+00:00,1.0999,0.0908,0.9959220497876093,2515731.9179762
2023-03-16 00:00:00+00:00,1.0273,0.0266,0.9907446102662968,2073054.20567694
2023-03-17 00:00:00+00:00,1.022,0.0215,0.9821900998362112,2212209.33004503
2023-03-18 00:00:00+00:00,1.0385,0.037,0.9969042490256571,2322121.0599786
2023-03-19 00:00:00+00:00,1.1083,0.0977,1.0004787735232088,2854930.8006257
2023-03-20 00:00:00+00:00,1.2165,0.1779,1.0204011142596199,3967732.21180351
2023-03-21 00:00:00+00:00,1.2321,0.1883,1.0216544865090553,4045980.21551819
2023-03-22 00:00:00+00:00,1.2116,0.1746,1.0114689716251095,3850715.47591795
2023-03-23 00:00:00+00:00,1.2391,0.1929,1.008562798571899,4156347.92084587
2023-03-24 00:00:00+00:00,1.3473,0.2577,1.031205390875189,4195546.31717785
2023-03-25 00:00:00+00:00,1.3231,0.2442,1.011571504114451,4039770.93822489
2023-03-26 00:00:00+00:00,1.3697,0.2698,1.010219791701387,4169382.58662404
2023-03-27 00:00:00+00:00,1.3463,0.2572,1.0115918954597916,3986885.45838172
2023-03-28 00:00:00+00:00,1.3541,0.2615,1.0109067971339132,4135362.15613892
2023-03-29 00:00:00+00:00,1.3046,0.2334,1.0089420306727306,3792128.66436105
2023-03-30 00:00:00+00:00,1.3461,0.2571,1.0159086212596196,4164527.44145685
2023-03-31 00:00:00+00:00,1.3038,0.233,1.005822642741332,3705261.9630656
2023-04-01 00:00:00+00:00,1.3039,0.233,1.0013625187055994,3727334.41564961
2023-04-02 00:00:00+00:00,1.3252,0.2454,1.0066340793352653,3964748.59971617
2023-04-03 00:00:00+00:00,1.2763,0.2165,1.0188154626563424,3603018.95132307
2023-04-04 00:00:00+00:00,1.2765,0.2166,1.0022265994221766,3682688.76464273
2023-04-05 00:00:00+00:00,1.3265,0.2461,1.0105111224265086,4111991.7011187
2023-04-06 00:00:00+00:00,1.2846,0.2215,1.0059230205678442,3792800.42371807
2023-04-07 00:00:00+00:00,1.3061,0.2343,1.0090896590825054,4337111.45444398
2023-04-08 00:00:00+00:00,1.3031,0.2326,1.0067546155463074,4308468.53400381
2023-04-09 00:00:00+00:00,1.2862,0.2224,1.001913009475665,3813919.32579671
2023-04-10 00:00:00+00:00,1.2687,0.2117,1.0024712118051458,3460419.80527273
2023-04-11 00:00:00+00:00,1.2792,0.2182,1.0058567963883231,3718551.01980478
2023-04-12 00:00:00+00:00,1.2726,0.2142,1.0131958344094643,3690395.85695199
2023-04-13 00:00:00+00:00,1.2607,0.2067,1.0064646225741267,3536344.13831031
2023-04-14 00:00:00+00:00,1.2529,0.2018,1.000893111769753,3413695.34296261
2023-04-15 00:00:00+00:00,1.2492,0.1994,1.0020076919638923,3338267.04497334
2023-04-16 00:00:00+00:00,1.2671,0.2107,1.001889823734657,4026858.91249579
2023-04-17 00:00:00+00:00,1.3098,0.2365,1.0090110044179812,4189004.18347084
2023-04-18 00:00:00+00:00,1.3221,0.2436,1.0268782644788765,4150019.03072934
2023-04-19 00:00:00+00:00,1.2977,0.2294,1.008707260197126,3832679.45659646
2023-04-20 00:00:00+00:00,1.3057,0.2341,1.0130979128461188,4084864.27099335
2023-04-21 00:00:00+00:00,1.3076,0.2352,1.0121889970403015,4030587.45408662
2023-04-22 00:00:00+00:00,1.2925,0.2262,1.0022754920335568,3939560.29319001
2023-04-23 00:00:00+00:00,1.2867,0.2228,1.003384956626666,3912384.46660874
2023-04-24 00:00:00+00:00,1.2452,0.1969,1.0010426627160516,3446789.75453151
2023-04-25 00:00:00+00:00,1.2714,0.2134,1.0091633121263766,3863933.18729184
2023-04-26 00:00:00+00:00,1.2103,0.1737,1.0023451423679286,3208875.57102711
2023-04-27 00:00:00+00:00,1.1809,0.1531,0.9968752932527809,2811104.4907311
2023-04-28 00:00:00+00:00,1.1353,0.1192,1.0013674058473003,2259207.91307179
2023-04-29 00:00:00+00:00,1.1587,0.1369,0.9975203451306609,2445835.21118366
2023-04-30 00:00:00+00:00,1.1443,0.1261,1.004181342266077,2324875.85519079
2023-05-01 00:00:00+00:00,1.1418,0.1242,0.9967335119558616,2331145.9180966
2023-05-02 00:00:00+00:00,1.1704,0.1455,0.9984468575633096,2948031.62176521
2023-05-03 00:00:00+00:00,1.1702,0.1454,1.0107219114367167,3092312.334866
2023-05-04 00:00:00+00:00,1.2024,0.1683,1.004495899712248,3261340.7946135
2023-05-05 00:00:00+00:00,1.1934,0.162,1.0047773588878766,3211827.12799944
2023-05-06 00:00:00+00:00,1.1836,0.1551,1.0027746930408956,3114539.35229499
2023-05-07 00:00:00+00:00,1.1899,0.1596,1.0018386617420174,3206125.91097161
2023-05-08 00:00:00+00:00,1.1386,0.1217,0.9966383823204168,2432148.67361934
2023-05-09 00:00:00+00:00,1.1539,0.1333,1.0023812657619888,3012260.47183453
2023-05-10 00:00:00+00:00,1.1681,0.1439,1.021002806559796,3149782.19126311
2023-05-11 00:00:00+00:00,1.1539,0.1334,1.0017646320386382,3015352.58499661
2023-05-12 00:00:00+00:00,1.1792,0.1519,1.0048040792038182,3364622.33250987
2023-05-13 00:00:00+00:00,1.1507,0.1309,1.0010260570860432,3006115.48226837
2023-05-14 00:00:00+00:00,1.1388,0.1218,1.014314727082963,2807611.12020651
2023-05-15 00:00:00+00:00,1.0882,0.081,0.9973032316135422,1781808.26228396
2023-05-16 00:00:00+00:00,1.0876,0.0805,0.9948216944301705,1758913.43013758
2023-05-17 00:00:00+00:00,1.0878,0.0806,0.9988243704043125,1871015.70523733
2023-05-18 00:00:00+00:00,1.0621,0.0585,0.9960729397191882,1600145.22274467
2023-05-19 00:00:00+00:00,1.0515,0.0489,0.9939688770482068,1640745.43356853
2023-05-20 00:00:00+00:00,1.0586,0.0553,0.9996544639687613,1658696.75904108
2023-05-21 00:00:00+00:00,1.0572,0.054,0.9990077532765526,1642883.89329608
2023-05-22 00:00:00+00:00,1.0684,0.064,1.001515637152865,1726709.08082596
2023-05-23 00:00:00+00:00,1.0543,0.0515,1.0035568984275045,1623867.35467115
2023-05-24 00:00:00+00:00,1.0668,0.0626,1.000054761542137,1861012.30211004
2023-05-25 00:00:00+00:00,1.0462,0.0442,0.9994661304173736,1552559.30694943
2023-05-26 00:00:00+00:00,1.0455,0.0435,0.9953676459393466,1550614.76003752
2023-05-27 00:00:00+00:00,1.051,0.0485,0.9999481086881835,1749005.67781241
2023-05-28 00:00:00+00:00,1.0381,0.0366,0.9995449948433165,1351646.00936332
2023-05-29 00:00:00+00:00,1.0387,0.0372,0.9994998732717821,1581597.70469638
2023-05-30 00:00:00+00:00,1.0494,0.047,1.0026686160625469,1790844.50890255
2023-05-31 00:00:00+00:00,1.0146,0.0143,0.9961811654310051,1262928.44564074
2023-06-01 00:00:00+00:00,1.0179,0.0175,0.9956712600089702,1442221.12306418
2023-06-02 00:00:00+00:00,1.0269,0.0262,0.9968338324343337,1483649.37321607
2023-06-03 00:00:00+00:00,1.0325,0.0315,0.9999501430768264,1611216.8219606
2023-06-04 00:00:00+00:00,1.078,0.0723,1.004201906440328,2563093.8898551
2023-06-05 00:00:00+00:00,1.061,0.0575,1.004991353044489,2229388.29259679
2023-06-06 00:00:00+00:00,1.0557,0.0527,1.0028938225407817,2143582.01939019
2023-06-07 00:00:00+00:00,1.0352,0.0339,0.998839905016565,1769364.84774775
2023-06-08 00:00:00+00:00,1.0222,0.0217,0.9987921147691704,1353465.17222659
2023-06-09 00:00:00+00:00,1.0336,0.0324,1.001204510377218,1925350.14877937
2023-06-10 00:00:00+00:00,1.0257,0.025,1.0000743619457328,1693417.28224142
2023-06-11 00:00:00+00:00,1.0287,0.0278,1.0000860758893115,1750868.32819004
2023-06-12 00:00:00+00:00,0.9724,-0.0284,0.9957208362429898,1009972.66750924
2023-06-13 00:00:00+00:00,1.0262,0.0255,0.9993146054080738,1841906.32719486
2023-06-14 00:00:00+00:00,0.9929,-0.0071,1.0001263542066332,1083433.77574407
2023-06-15 00:00:00+00:00,1.0034,0.0034,0.9982137474869851,1335888.03278947
2023-06-16 00:00:00+00:00,0.9969,-0.003,0.9993063753261838,1258600.39615724
2023-06-17 00:00:00+00:00,0.9727,-0.028,0.9972673782234481,1020491.36257993
2023-06-18 00:00:00+00:00,0.977,-0.0234,0.9984218577821156,1026192.89477145
2023-06-19 00:00:00+00:00,0.9764,-0.0241,0.9964773589567224,1101196.5242777
2023-06-20 00:00:00+00:00,0.9709,-0.0299,0.9969012821181555,1034087.97954521
2023-06-21 00:00:00+00:00,0.9457,-0.0574,0.9970318166039309,799951.62968258
2023-06-22 00:00:00+00:00,0.9642,-0.0371,0.9924380712222075,975073.01314413
2023-06-23 00:00:00+00:00,0.9917,-0.0084,0.9990303656019075,1422264.97687828
2023-06-24 00:00:00+00:00,1.0015,0.0015,1.0012676366158997,1602117.93753245
2023-06-25 00:00:00+00:00,0.9905,-0.0096,1.0003802630176284,1352346.35048599
2023-06-26 00:00:00+00:00,1.0066,0.0065,0.9881931198700403,1820694.97639777
2023-06-27 00:00:00+00:00,1.0608,0.0572,1.0074720709800435,2854810.82772991
2023-06-28 00:00:00+00:00,1.1251,0.1111,1.014914916593698,3623264.16648267
2023-06-29 00:00:00+00:00,1.1134,0.1018,1.0110346583997458,3441892.9595109
2023-06-30 00:00:00+00:00,1.1338,0.118,1.0110082605978046,3683428.18741593
2023-07-01 00:00:00+00:00,1.129,0.1142,1.0073355175984124,3621028.33179491
2023-07-02 00:00:00+00:00,1.126,0.1119,1.0021117718683261,3564352.69986784
2023-07-03 00:00:00+00:00,1.1119,0.1006,1.0058496274976185,3458480.65239529
2023-07-04 00:00:00+00:00,1.1213,0.1081,1.0096555137447236,3574464.46584505
2023-07-05 00:00:00+00:00,1.1044,0.0945,1.0048346378044537,3156951.23109446
2023-07-06 00:00:00+00:00,1.1134,0.1018,1.0049150800211495,3497209.99550167
2023-07-07 00:00:00+00:00,1.1105,0.0995,1.0076721648768205,3453508.86645683
2023-07-08 00:00:00+00:00,1.1095,0.0986,1.0024262089561755,3570289.14506637
2023-07-09 00:00:00+00:00,1.1084,0.0977,1.0033190378679449,3595448.2281605
2023-07-10 00:00:00+00:00,1.1241,0.1104,1.004487814278934,3742196.24598999
2023-07-11 00:00:00+00:00,1.1153,0.1033,1.0035851635927533,3620289.14191685
2023-07-12 00:00:00+00:00,1.102,0.0925,1.002367522981149,3265370.0173889
2023-07-13 00:00:00+00:00,1.0867,0.0798,1.006707085167029,2783929.24512383
2023-07-14 00:00:00+00:00,1.0887,0.0814,1.0007307509115742,3126989.23354159
2023-07-15 00:00:00+00:00,1.0865,0.0796,1.001148122002337,2947287.37644195
2023-07-16 00:00:00+00:00,1.0855,0.0787,1.0005848956498724,2856087.86163644
2023-07-17 00:00:00+00:00,1.0866,0.0796,1.0040761000860525,3209072.65398873
2023-07-18 00:00:00+00:00,1.0951,0.0868,1.0029346268555102,3521613.34570036
2023-07-19 00:00:00+00:00,1.0854,0.0786,1.0042821935513746,3132790.35476543
2023-07-20 00:00:00+00:00,1.1167,0.1044,1.005317725714655,3823913.74608713
2023-07-21 00:00:00+00:00,1.0768,0.0713,1.0021692931594517,2796536.46999545
2023-07-22 00:00:00+00:00,1.0774,0.0718,0.9983908211675709,2949898.27545222
2023-07-23 00:00:00+00:00,1.0771,0.0715,1.0002454249699535,2964591.33703973
2023-07-24 00:00:00+00:00,1.0746,0.0694,1.0001616396286275,2648528.26170732
2023-07-25 00:00:00+00:00,1.0608,0.0573,1.0022426845230614,2381822.56177421
2023-07-26 00:00:00+00:00,1.0596,0.0562,1.0062032497387396,2375975.81490256
2023-07-27 00:00:00+00:00,1.059,0.0556,1.0009482185683511,2412267.06591347
2023-07-28 00:00:00+00:00,1.0587,0.0554,0.9996033498399026,2477698.35768265
2023-07-29 00:00:00+00:00,1.0579,0.0547,1.000067154206343,2288403.41977382
2023-07-30 00:00:00+00:00,1.0627,0.059,1.001029808086674,2712783.50257607
2023-07-31 00:00:00+00:00,1.0342,0.033,0.9955555941537967,2171542.2236271
2023-08-01 00:00:00+00:00,1.0343,0.0331,0.9993680832005791,2221216.39344878
2023-08-02 00:00:00+00:00,1.0446,0.0427,0.9994695509920026,2351984.51435825
2023-08-03 00:00:00+00:00,1.0324,0.0313,1.0010965518890695,2180092.0200501
2023-08-04 00:00:00+00:00,1.0315,0.0305,0.9995418929389626,2356417.19793172
2023-08-05 00:00:00+00:00,1.0351,0.0338,0.9994242348521932,2430542.96913675
2023-08-06 00:00:00+00:00,1.0288,0.028,0.9996233810912284,2229096.40833634
2023-08-07 00:00:00+00:00,1.0281,0.0273,0.9997860313701052,2205085.4164559
2023-08-08 00:00:00+00:00,1.0312,0.0302,0.9977969600207507,2452454.22134972
2023-08-09 00:00:00+00:00,1.026,0.0252,1.0019955408856251,1974583.09834226
2023-08-10 00:00:00+00:00,1.0261,0.0253,0.9994361772742995,2249711.80111978
2023-08-11 00:00:00+00:00,1.0179,0.0176,0.9995530293470578,1854076.00163685
2023-08-12 00:00:00+00:00,1.0172,0.0168,0.9991886185151035,1866830.44908344
2023-08-13 00:00:00+00:00,1.0187,0.0183,0.9999563088940403,1890963.89847946
2023-08-14 00:00:00+00:00,1.0204,0.02,0.9992124670562929,1987495.09137127
2023-08-15 00:00:00+00:00,1.0416,0.0399,1.0020259503725168,2612010.08199692
2023-08-16 00:00:00+00:00,1.0298,0.0289,1.0017122354357313,2505113.1463525
2023-08-17 00:00:00+00:00,1.0278,0.027,0.9997487577462393,2416705.38126092
2023-08-18 00:00:00+00:00,1.0233,0.0227,0.9996662952961067,2291628.09416126
2023-08-19 00:00:00+00:00,1.0259,0.0252,1.0001602823783715,2423032.2289817
2023-08-20 00:00:00+00:00,1.0166,0.0163,0.9997207750211505,2094132.45640155
2023-08-21 00:00:00+00:00,1.0249,0.0242,1.0002580614828487,2416291.38569485
2023-08-22 00:00:00+00:00,1.0147,0.0145,0.999292874353425,1837930.12585221
2023-08-23 00:00:00+00:00,1.0029,0.0028,0.9986645820853971,1492521.89065087
2023-08-24 00:00:00+00:00,0.9282,-0.0773,0.9933021221472409,527921.77431262
2023-08-25 00:00:00+00:00,0.9104,-0.0984,0.9845773999745796,239428.81261753
2023-08-26 00:00:00+00:00,0.9113,-0.0973,0.9958080166722548,294456.31492737
2023-08-27 00:00:00+00:00,0.917,-0.0905,0.9973850332168095,362471.09138863
2023-08-28 00:00:00+00:00,0.9143,-0.0936,0.9920324050340642,400999.68260983
2023-08-29 00:00:00+00:00,0.9143,-0.0937,0.991968650430344,287357.27178319
2023-08-30 00:00:00+00:00,0.9293,-0.076,0.997560001369008,773986.25703948
2023-08-31 00:00:00+00:00,0.9181,-0.0892,0.992324948289711,460837.45731324
2023-09-01 00:00:00+00:00,0.919,-0.0881,0.9909341403892516,428432.61756397
2023-09-02 00:00:00+00:00,0.9192,-0.0879,0.9974762994440145,365968.92543293
2023-09-03 00:00:00+00:00,0.92,-0.0869,0.9988690741091591,541531.15171621
2023-09-04 00:00:00+00:00,0.9213,-0.0854,0.9954973620330146,570686.9368686
2023-09-05 00:00:00+00:00,0.9763,-0.0242,1.0001697163293357,1485305.181216
2023-09-06 00:00:00+00:00,0.9644,-0.0369,1.0008716460399492,1346688.02928729
2023-09-07 00:00:00+00:00,0.9214,-0.0852,0.9964115294179343,279052.0561226
2023-09-08 00:00:00+00:00,0.9137,-0.0944,0.9919060005201603,206230.00483891
2023-09-09 00:00:00+00:00,0.9172,-0.0903,0.9980629498705206,300193.48538327
2023-09-10 00:00:00+00:00,0.9233,-0.0831,0.9989395392473794,371662.27893758
2023-09-11 00:00:00+00:00,0.9143,-0.0937,0.9971916527614317,157287.19309661
2023-09-12 00:00:00+00:00,0.9153,-0.0925,0.9936680573577675,197034.75093897
2023-09-13 00:00:00+00:00,0.9161,-0.0916,0.9939105289604035,205522.21246115
2023-09-14 00:00:00+00:00,0.935,-0.0695,0.9963326906682369,908586.07581446
2023-09-15 00:00:00+00:00,0.923,-0.0834,0.998380673150831,465737.94193076
2023-09-16 00:00:00+00:00,0.9249,-0.0812,0.9978591821558743,511207.30958449
2023-09-17 00:00:00+00:00,0.9213,-0.0853,0.9985207155049557,423256.10884945
2023-09-18 00:00:00+00:00,0.9,-0.1111,0.9942587047170738,55548.92799351
2023-09-19 00:00:00+00:00,0.9287,-0.0768,0.9998563034375066,564786.16990742
2023-09-20 00:00:00+00:00,0.9426,-0.0609,0.9996079840126421,1046014.35885924
2023-09-21 00:00:00+00:00,0.9543,-0.0479,1.0015019156166345,1350942.81548773
2023-09-22 00:00:00+00:00,0.9548,-0.0473,1.0005239738033713,1422726.57016894
2023-09-23 00:00:00+00:00,0.9545,-0.0476,1.0002302875245501,1355315.61351263
2023-09-24 00:00:00+00:00,0.95,-0.0525,0.9997476510443958,1239207.39929396
2023-09-25 00:00:00+00:00,0.9628,-0.0386,1.0026072761070586,1428329.66087022
2023-09-26 00:00:00+00:00,0.9762,-0.0243,1.001864931104789,1706546.8716807
2023-09-27 00:00:00+00:00,0.9736,-0.0271,0.9991563044569834,1587403.58153844
2023-09-28 00:00:00+00:00,0.9546,-0.0476,0.9982867995019324,1217697.57302415
2023-09-29 00:00:00+00:00,0.9552,-0.0468,0.9984475017345796,1318092.73591865
2023-09-30 00:00:00+00:00,0.9548,-0.0473,0.9994345546171012,1162717.59584047
2023-10-01 00:00:00+00:00,0.9487,-0.054,0.9991076295610022,1037843.13853068
2023-10-02 00:00:00+00:00,0.9457,-0.0574,0.9966931102378086,887856.55155072
2023-10-03 00:00:00+00:00,0.94,-0.0637,0.9986010921104959,694093.35266089
2023-10-04 00:00:00+00:00,0.9465,-0.0565,0.9987097207667697,954677.22346981
2023-10-05 00:00:00+00:00,0.9703,-0.0306,0.9993616086449045,1667047.1318158
2023-10-06 00:00:00+00:00,0.9684,-0.0326,1.0019418897104033,1573340.57157909
2023-10-07 00:00:00+00:00,0.9694,-0.0315,1.0004363342958094,1660032.62681435
2023-10-08 00:00:00+00:00,1.0029,0.0028,1.0019409871102543,2081559.2610991
2023-10-09 00:00:00+00:00,0.9888,-0.0113,1.0070573010636996,1854463.06203489
2023-10-10 00:00:00+00:00,0.9844,-0.0158,0.9988721430639288,1834781.79267439
2023-10-11 00:00:00+00:00,0.9998,-0.0001,1.0015997036405324,2048629.40942382
2023-10-12 00:00:00+00:00,0.9872,-0.0129,1.0006651671030768,1749069.92866827
2023-10-13 00:00:00+00:00,1.0017,0.0016,1.0016382236482928,2109392.57335513
2023-10-14 00:00:00+00:00,1.0017,0.0017,1.0010123385151573,2099025.4973481
2023-10-15 00:00:00+00:00,1.0006,0.0005,1.0005168847512986,1987123.03653415
2023-10-16 00:00:00+00:00,0.9891,-0.0109,0.9976852271734098,1834349.49884968
2023-10-17 00:00:00+00:00,0.9864,-0.0137,0.9985684408616938,1670441.73749143
2023-10-18 00:00:00+00:00,0.9643,-0.0369,0.9966812129638819,1176372.46209173
2023-10-19 00:00:00+00:00,0.9589,-0.0428,0.9971393335619708,1167209.0052799
2023-10-20 00:00:00+00:00,0.9674,-0.0337,0.9982389282285697,1302267.79637222
2023-10-21 00:00:00+00:00,0.968,-0.033,0.9998043380719842,1351885.34985152
2023-10-22 00:00:00+00:00,0.9775,-0.023,1.0002784575374764,1605159.34900096
2023-10-23 00:00:00+00:00,1.0239,0.0233,1.0062277180975019,2251869.83110568
2023-10-24 00:00:00+00:00,1.0219,0.0214,1.0046559795712533,2192395.85507135
2023-10-25 00:00:00+00:00,1.0108,0.0106,1.0043938634580805,2011541.42137335
2023-10-26 00:00:00+00:00,1.0264,0.0257,0.9940795030958002,2378995.49469128
2023-10-27 00:00:00+00:00,1.0584,0.0551,1.0086662354266662,2765425.76407932
2023-10-28 00:00:00+00:00,1.0667,0.0625,1.0040724001295365,2821988.48666734
2023-10-29 00:00:00+00:00,1.0669,0.0626,1.0029916452233756,2826901.66759597
2023-10-30 00:00:00+00:00,1.1727,0.1472,1.0139824743041443,3349400.90841784
2023-10-31 00:00:00+00:00,1.1868,0.1573,1.024461729706112,3237052.82373074
2023-11-01 00:00:00+00:00,1.2016,0.1677,1.012826747793088,3329390.09315856
2023-11-02 00:00:00+00:00,1.1855,0.1565,1.0082294441938215,3215581.41224561
2023-11-03 00:00:00+00:00,1.17,0.1453,1.0055819763955038,3034463.4983644
2023-11-04 00:00:00+00:00,1.1764,0.1499,1.0063271123028403,3203089.59851675
2023-11-05 00:00:00+00:00,1.192,0.161,1.0046622995795935,3364072.66061327
2023-11-06 00:00:00+00:00,1.1831,0.1547,1.0076784005610488,3302196.74808657
2023-11-07 00:00:00+00:00,1.184,0.1554,1.007920290896386,3368987.48814914
2023-11-08 00:00:00+00:00,1.2027,0.1685,1.0084578866659648,3421648.31158165
2023-11-09 00:00:00+00:00,1.1775,0.1507,1.0108699627612923,3300237.66816731
2023-11-10 00:00:00+00:00,1.1711,0.1461,1.0064804539819687,3276162.43029322
2023-11-11 00:00:00+00:00,1.1827,0.1545,1.0043171120880932,3387567.47785995
2023-11-12 00:00:00+00:00,1.175,0.1489,1.004602413326937,3283759.38603869
2023-11-13 00:00:00+00:00,1.1779,0.1509,1.007168488214484,3304843.22843429
2023-11-14 00:00:00+00:00,1.1866,0.1572,1.0067645076856158,3377598.49296669
2023-11-15 00:00:00+00:00,1.195,0.1632,1.0088247699957655,3415484.77345593
2023-11-16 00:00:00+00:00,1.2113,0.1744,1.0129887254089687,3415844.62744911
2023-11-17 00:00:00+00:00,1.2251,0.1837,1.013106617521889,3457235.97014868
2023-11-18 00:00:00+00:00,1.2051,0.1702,1.0055395713313442,3250009.45794568
2023-11-19 00:00:00+00:00,1.2134,0.1758,1.003907527441344,3267644.71034637
2023-11-20 00:00:00+00:00,1.1936,0.1621,1.004894461975701,3025701.11020569
2023-11-21 00:00:00+00:00,1.1562,0.135,1.0020382704663968,2909675.08829396
2023-11-22 00:00:00+00:00,1.2209,0.1809,1.00561255592744,3423585.42428403
2023-11-23 00:00:00+00:00,1.1646,0.1413,1.0065131822692817,2795722.1676411
2023-11-24 00:00:00+00:00,1.1707,0.1458,1.0040101928797296,2958556.5426854
2023-11-25 00:00:00+00:00,1.1707,0.1458,1.0028018978733422,2913944.87286744
2023-11-26 00:00:00+00:00,1.1919,0.161,1.0022615525504714,3211711.2847504
2023-11-27 00:00:00+00:00,1.1995,0.1663,1.0082622225577715,3253689.85836415
2023-11-28 00:00:00+00:00,1.1469,0.1281,1.0039081507219862,2509016.6201048
2023-11-29 00:00:00+00:00,1.1908,0.1601,1.002894839355565,3215619.30829686
2023-11-30 00:00:00+00:00,1.1797,0.1523,1.0056763002306293,3081291.8657042
2023-12-01 00:00:00+00:00,1.1893,0.1591,1.005948687508032,3177597.58603476
2023-12-02 00:00:00+00:00,1.1879,0.1581,1.0029552928812842,3124780.56499971
2023-12-03 00:00:00+00:00,1.184,0.1553,1.0021303114949511,3012523.69322798
2023-12-04 00:00:00+00:00,1.1693,0.1447,1.001019965766515,2751008.81781125
2023-12-05 00:00:00+00:00,1.1942,0.1626,1.0051338726315575,3143999.54091847
2023-12-06 00:00:00+00:00,1.1806,0.1529,1.0077211751184978,3050856.80244815
2023-12-07 00:00:00+00:00,1.1735,0.1478,1.0082607388725917,2972326.86210416
2023-12-08 00:00:00+00:00,1.2003,0.1668,1.0105604821889702,3172015.77321059
2023-12-09 00:00:00+00:00,1.2203,0.1805,1.003398154142536,3213025.86303078
2023-12-10 00:00:00+00:00,1.2312,0.1877,1.0070606836847813,3184263.91242569
2023-12-11 00:00:00+00:00,1.2751,0.2157,1.020685142499971,3151493.54363689
2023-12-12 00:00:00+00:00,1.3376,0.2523,1.0175993652586772,3234452.94860834
2023-12-13 00:00:00+00:00,1.3086,0.2357,1.0208947371758992,3050733.71911339
2023-12-14 00:00:00+00:00,1.2873,0.2231,1.0127277835653423,2966594.77376528
2023-12-15 00:00:00+00:00,1.3109,0.2371,1.0080038143812275,3251373.84251229
2023-12-16 00:00:00+00:00,1.2921,0.226,1.006214217728554,3025389.1766094
2023-12-17 00:00:00+00:00,1.2871,0.223,1.003454313502911,2919417.06029358
2023-12-18 00:00:00+00:00,1.2122,0.175,0.9997342925524365,2589924.92698925
2023-12-19 00:00:00+00:00,1.21,0.1735,1.003513755123436,2632647.19648899
2023-12-20 00:00:00+00:00,1.2587,0.2055,1.0043110381103315,2943494.88746856
2023-12-21 00:00:00+00:00,1.2551,0.2032,1.0090682809145688,2966494.77589403
2023-12-22 00:00:00+00:00,1.2215,0.1813,1.0057868908274925,2743776.38847197
2023-12-23 00:00:00+00:00,1.221,0.181,1.0024959153038857,2795498.80304386
2023-12-24 00:00:00+00:00,1.2042,0.1695,1.0015861155289063,2485063.80647382
2023-12-25 00:00:00+00:00,1.2281,0.1857,1.0027229187179423,2915937.7891089
2023-12-26 00:00:00+00:00,1.2115,0.1745,1.0109433225244386,2735760.71792086
2023-12-27 00:00:00+00:00,1.2477,0.1985,1.0078820792411392,3074934.54966499
2023-12-28 00:00:00+00:00,1.2482,0.1988,1.0084662145730752,3181336.21741037
2023-12-29 00:00:00+00:00,1.249,0.1993,1.0054888785391778,3244653.54130906
2023-12-30 00:00:00+00:00,1.2382,0.1923,1.003509060771597,3086050.96919193
2023-12-31 00:00:00+00:00,1.2171,0.1783,1.003462669908446,2679313.34184679
2024-01-01 00:00:00+00:00,1.2227,0.1821,1.0010895983946257,2877274.89288064
2024-01-02 00:00:00+00:00,1.1838,0.1552,1.0153654388962026,2381236.60994378
2024-01-03 00:00:00+00:00,1.2027,0.1685,1.0034345485229017,2773600.66817782
2024-01-04 00:00:00+00:00,1.1808,0.1531,1.0059607067452847,2505441.32837506
2024-01-05 00:00:00+00:00,1.1486,0.1293,1.0127552323165447,2063213.66989408
2024-01-06 00:00:00+00:00,1.1594,0.1374,1.00033135994343,2258186.82668607
2024-01-07 00:00:00+00:00,1.1607,0.1384,1.0067953882292773,2302887.37907882
2024-01-08 00:00:00+00:00,1.1987,0.1657,1.003409089857804,3139756.90026341
2024-01-09 00:00:00+00:00,1.2281,0.1857,1.0151188712523274,3122397.7304515
2024-01-10 00:00:00+00:00,1.16,0.1379,1.0024441445965748,2560453.25497765
2024-01-11 00:00:00+00:00,1.1886,0.1586,1.0088292892755673,3330870.09329605
2024-01-12 00:00:00+00:00,1.1805,0.1528,1.0064773416410722,3343142.32739701
2024-01-13 00:00:00+00:00,1.1681,0.1439,1.0041090975071034,3152869.25787959
2024-01-14 00:00:00+00:00,1.1691,0.1446,1.0038460190285923,3153908.1779753
2024-01-15 00:00:00+00:00,1.2445,0.1964,1.0107533286955093,3491912.31731038
2024-01-16 00:00:00+00:00,1.2154,0.1772,1.0109509250220463,3308080.71175565
2024-01-17 00:00:00+00:00,1.2325,0.1886,1.005176231850667,3517266.15132071
2024-01-18 00:00:00+00:00,1.2108,0.174,1.0082264849516023,3243586.68699933
2024-01-19 00:00:00+00:00,1.1161,0.104,0.9982301120596002,2104825.48209563
2024-01-20 00:00:00+00:00,1.1191,0.1064,0.9965217160266246,2403669.92839334
2024-01-21 00:00:00+00:00,1.1037,0.0939,0.9966942150864244,1862009.3943477
2024-01-22 00:00:00+00:00,1.1126,0.1011,0.9986664802151236,2032030.61390952
2024-01-23 00:00:00+00:00,1.1259,0.1118,0.9988285306963524,2754807.87538055
2024-01-24 00:00:00+00:00,1.1092,0.0984,0.9988946941080371,2038983.08487083
2024-01-25 00:00:00+00:00,1.0662,0.062,1.0133823056618967,1485999.95541197
2024-01-26 00:00:00+00:00,1.0775,0.0719,0.9982939336886331,1741355.03603237
2024-01-27 00:00:00+00:00,1.0769,0.0713,0.999740029771209,1788169.0460264
2024-01-28 00:00:00+00:00,1.0755,0.0701,0.9997034574571803,1721458.4433968
2024-01-29 00:00:00+00:00,1.022,0.0215,0.9954580897091744,1351289.00491258
2024-01-30 00:00:00+00:00,1.0207,0.0203,0.9947538533722599,1480756.53248048
2024-01-31 00:00:00+00:00,1.03,0.0291,0.9971142680868087,1617775.61945554
2024-02-01 00:00:00+00:00,1.0256,0.0249,1.0017391569835554,1525477.76168106
2024-02-02 00:00:00+00:00,1.0702,0.0656,1.003990373273692,2052856.42414435
2024-02-03 00:00:00+00:00,1.0794,0.0735,1.0028399292855967,2229043.7211116
2024-02-04 00:00:00+00:00,1.0682,0.0638,1.0038977086045078,2007024.35112237
2024-02-05 00:00:00+00:00,1.0999,0.0908,1.0059194515772576,2957942.67629579
2024-02-06 00:00:00+00:00,1.0955,0.0872,1.0089185362316013,2795377.30165265
2024-02-07 00:00:00+00:00,1.0783,0.0726,1.0055309887651944,2158337.89198139
2024-02-08 00:00:00+00:00,1.0868,0.0798,0.9996926197123298,2811359.33536009
2024-02-09 00:00:00+00:00,1.0889,0.0816,1.0023201419917678,2930836.31412755
2024-02-10 00:00:00+00:00,1.0866,0.0796,1.0013847887092644,2823504.44314759
2024-02-11 00:00:00+00:00,1.0743,0.0691,0.9998366729883937,2187947.84837824
2024-02-12 00:00:00+00:00,1.0723,0.0674,1.0006890178896763,2107340.29269919
2024-02-13 00:00:00+00:00,1.0837,0.0772,1.0014143041604102,2865625.08364352
2024-02-14 00:00:00+00:00,1.1082,0.0976,1.0037192373090127,3540848.08204089
2024-02-15 00:00:00+00:00,1.1313,0.116,1.0106321584505973,3598515.07269867
2024-02-16 00:00:00+00:00,1.1761,0.1497,1.0135413756418672,3700432.65608123
2024-02-17 00:00:00+00:00,1.1862,0.1569,1.0059876329325907,3792556.78526333
2024-02-18 00:00:00+00:00,1.1884,0.1585,1.007731620519359,3723613.90174103
2024-02-19 00:00:00+00:00,1.231,0.1876,1.0175281336864552,3818484.18388955
2024-02-20 00:00:00+00:00,1.2109,0.1741,1.010870303164766,3634423.53995408
2024-02-21 00:00:00+00:00,1.2527,0.2017,1.0208634439418869,3868304.23341197
2024-02-22 00:00:00+00:00,1.2459,0.1973,1.0134794788812507,3682179.14723491
2024-02-23 00:00:00+00:00,1.2418,0.1947,1.0063875756890535,3768622.08611856
2024-02-24 00:00:00+00:00,1.2354,0.1905,1.0048208726772856,3583548.35276522
2024-02-25 00:00:00+00:00,1.2385,0.1925,1.008545635676502,3806228.30505778
2024-02-26 00:00:00+00:00,1.229,0.1863,1.0091186859713939,3553843.22002263
2024-02-27 00:00:00+00:00,1.2351,0.1903,1.0049036358879597,3830370.56556437
2024-02-28 00:00:00+00:00,1.2079,0.1721,1.0077717864387195,3389925.17874107
2024-02-29 00:00:00+00:00,1.2009,0.1673,1.0093921944748823,3271451.60116711
2024-03-01 00:00:00+00:00,1.1828,0.1545,1.0044809226592595,3111890.92229481
2024-03-02 00:00:00+00:00,1.1998,0.1665,1.0040681208510671,3522585.73867754
2024-03-03 00:00:00+00:00,1.2052,0.1702,1.003966467766587,3685085.07066077
2024-03-04 00:00:00+00:00,1.2562,0.2039,1.0110155349736543,3894396.24521933
2024-03-05 00:00:00+00:00,1.2982,0.2297,1.0268016509286488,3881333.50001322
2024-03-06 00:00:00+00:00,1.3793,0.275,1.049508536437576,4023565.75250854
2024-03-07 00:00:00+00:00,1.3407,0.2541,1.0217732183028252,3805349.21235741
2024-03-08 00:00:00+00:00,1.3476,0.2579,1.0151394292864644,3928669.31255016
2024-03-09 00:00:00+00:00,1.3313,0.2488,1.0067765238406587,3776142.0636514
2024-03-10 00:00:00+00:00,1.3514,0.26,1.0081952776871843,4083925.40343997
2024-03-11 00:00:00+00:00,1.4299,0.3006,1.0281079611659207,4110601.87095227
2024-03-12 00:00:00+00:00,1.3234,0.2443,1.0167746156023918,3799655.59914344
2024-03-13 00:00:00+00:00,1.3452,0.2565,1.0188980192140067,3769474.27587622
2024-03-14 00:00:00+00:00,1.3463,0.2571,1.0191229404435909,4121117.74528347
2024-03-15 00:00:00+00:00,1.3586,0.2639,1.0211915439626775,4261933.44065527
2024-03-16 00:00:00+00:00,1.3535,0.2611,1.0130083247187718,4274426.86110226
2024-03-17 00:00:00+00:00,1.3529,0.2608,1.0075090876977524,4236431.46929089
2024-03-18 00:00:00+00:00,1.4017,0.2865,1.0339575879008223,4331182.46029478
2024-03-19 00:00:00+00:00,1.3652,0.2674,1.0173409058720482,4052956.87268102
2024-03-20 00:00:00+00:00,1.3505,0.2595,1.0799494576425832,4300350.68096263
2024-03-21 00:00:00+00:00,1.3108,0.237,1.0078457178059594,3681888.68430222
2024-03-22 00:00:00+00:00,1.2632,0.2083,0.9997944855247393,3628854.63511106
2024-03-23 00:00:00+00:00,1.2041,0.1695,1.002965357742031,2898068.97042509
2024-03-24 00:00:00+00:00,1.2383,0.1924,0.9997692996312194,3493278.61452082
2024-03-25 00:00:00+00:00,1.2201,0.1803,1.007126512675712,3344108.77158532
2024-03-26 00:00:00+00:00,1.1168,0.1045,0.9910508325038826,2492980.26876799
2024-03-27 00:00:00+00:00,1.221,0.1809,0.9987967003834153,3537441.85352004
2024-03-28 00:00:00+00:00,1.1737,0.1479,1.011242584305572,2929395.88411537
2024-03-29 00:00:00+00:00,1.1315,0.1162,0.9996977131848426,2671322.63211629
2024-03-30 00:00:00+00:00,1.1523,0.1321,1.002390314510748,2979239.4792294
2024-03-31 00:00:00+00:00,1.1937,0.1622,1.0032961277621681,3508630.8527179
2024-04-01 00:00:00+00:00,1.2335,0.1892,1.01529278932567,3951614.54479044
2024-04-02 00:00:00+00:00,1.2305,0.1873,1.0046750413363423,3876874.08967864
2024-04-03 00:00:00+00:00,1.213,0.1756,1.0051466075009396,3746239.18657782
2024-04-04 00:00:00+00:00,1.2352,0.1904,1.010979634870128,4039326.32848214
2024-04-05 00:00:00+00:00,1.2179,0.1789,1.0028553649382677,3740611.53367962
2024-04-06 00:00:00+00:00,1.2127,0.1753,1.0058670268182355,3630927.7433388
2024-04-07 00:00:00+00:00,1.2293,0.1865,1.004493303791209,4277886.9424291
2024-04-08 00:00:00+00:00,1.2095,0.1731,0.9971901284811726,3960198.30993441
2024-04-09 00:00:00+00:00,1.1315,0.1162,0.9957767030376962,2782723.47906187
2024-04-10 00:00:00+00:00,1.1401,0.1228,1.0023109099103693,2875668.51395165
2024-04-11 00:00:00+00:00,1.1781,0.1511,1.0028524532508774,3703698.81229657
2024-04-12 00:00:00+00:00,1.1636,0.1405,1.0015612801286233,3560876.12686952
2024-04-13 00:00:00+00:00,1.1869,0.1574,1.0071829290243073,4046509.49203251
2024-04-14 00:00:00+00:00,1.1871,0.1576,1.0042364310064882,4033166.09808092
2024-04-15 00:00:00+00:00,1.2224,0.1819,1.0129141589563757,4314781.91723999
2024-04-16 00:00:00+00:00,1.1773,0.1506,1.0057093394456604,3765973.96021951
2024-04-17 00:00:00+00:00,1.2036,0.1691,1.0018256662846259,4255554.27469468
2024-04-18 00:00:00+00:00,1.1894,0.1592,1.0052283462753897,4020778.07089048
2024-04-19 00:00:00+00:00,1.134,0.1181,1.004363129746989,2988783.3824656
2024-04-20 00:00:00+00:00,1.0982,0.0894,0.9907961333167197,2405793.14263933
2024-04-21 00:00:00+00:00,1.108,0.0974,0.9929093379977422,2559703.05071731
2024-04-22 00:00:00+00:00,1.0698,0.0652,0.9993969357128138,2182289.1965211
2024-04-23 00:00:00+00:00,1.0815,0.0753,0.9959798591980094,2478074.06183187
2024-04-24 00:00:00+00:00,1.0434,0.0416,0.994394782168933,1946990.18041817
2024-04-25 00:00:00+00:00,1.0796,0.0737,0.9957868555600488,2442972.97586676
2024-04-26 00:00:00+00:00,1.0786,0.0728,1.0008414579980043,2397173.6698301
2024-04-27 00:00:00+00:00,1.0918,0.084,1.0019098026081208,2678225.6753765
2024-04-28 00:00:00+00:00,1.095,0.0867,1.0040215075682146,2678273.56507534
2024-04-29 00:00:00+00:00,1.1255,0.1114,1.0059163154998803,3187022.9946908
2024-04-30 00:00:00+00:00,1.1139,0.1022,1.0004198795859327,2931551.03918084
2024-05-01 00:00:00+00:00,1.0734,0.0684,1.0039543632868164,2392359.82058477
2024-05-02 00:00:00+00:00,1.0825,0.0761,0.9969960255098644,2541403.88168881
2024-05-03 00:00:00+00:00,1.0699,0.0653,0.9977854802035316,2304534.09454983
2024-05-04 00:00:00+00:00,1.0579,0.0547,0.998701285563415,2112552.8994075
2024-05-05 00:00:00+00:00,1.0558,0.0528,1.0010726521501532,2032682.78678501
2024-05-06 00:00:00+00:00,1.0665,0.0623,0.9976788834548053,2424982.32553454
2024-05-07 00:00:00+00:00,1.0097,0.0096,0.9977843341656532,1615967.87641225
2024-05-08 00:00:00+00:00,0.9675,-0.0336,0.9813827466095446,1624515.95528654
2024-05-09 00:00:00+00:00,0.9895,-0.0105,0.9923035014751908,1726004.52364649
2024-05-10 00:00:00+00:00,1.0544,0.0515,1.0019724321584453,2349825.1130024
2024-05-11 00:00:00+00:00,1.0663,0.0621,1.006695064081257,2628389.88335881
2024-05-12 00:00:00+00:00,1.067,0.0627,1.0027133167292526,2665499.55142337
2024-05-13 00:00:00+00:00,1.0527,0.05,1.0047074412295423,2247363.935353
2024-05-14 00:00:00+00:00,1.0436,0.0417,1.0016290476605516,2027743.22878073
2024-05-15 00:00:00+00:00,1.0142,0.014,1.005529060700376,1675147.29773958
2024-05-16 00:00:00+00:00,1.0412,0.0396,1.0003610941255663,2161981.15044429
2024-05-17 00:00:00+00:00,1.0095,0.0093,0.9979977210663346,1535926.4250952
2024-05-18 00:00:00+00:00,1.0091,0.0089,0.9984045248855982,1561206.10786083
2024-05-19 00:00:00+00:00,1.0129,0.0127,1.0003982202982464,1765442.49787991
2024-05-20 00:00:00+00:00,1.0396,0.0381,1.002480497617239,2172268.25842527
2024-05-21 00:00:00+00:00,1.0186,0.0182,1.000749347543099,1721453.96891554
2024-05-22 00:00:00+00:00,1.0894,0.082,1.0057754181607557,3027701.19315361
2024-05-23 00:00:00+00:00,1.0741,0.0689,1.0095128773488593,2805669.39452176
2024-05-24 00:00:00+00:00,1.0974,0.0887,1.0048462781959735,3348773.0118687
2024-05-25 00:00:00+00:00,1.0962,0.0877,1.0021060991831563,3314954.23002621
2024-05-26 00:00:00+00:00,1.0834,0.0769,1.0033258700706669,2949779.1095159
2024-05-27 00:00:00+00:00,1.1441,0.1259,1.0071643107165025,4302683.80037873
2024-05-28 00:00:00+00:00,1.1382,0.1214,1.0152254635074756,4126684.25667491
2024-05-29 00:00:00+00:00,1.1219,0.1086,1.0067050516340807,3789413.26687299
2024-05-30 00:00:00+00:00,1.0959,0.0875,1.0016902371091818,3390826.76178943
2024-05-31 00:00:00+00:00,1.1105,0.0995,1.0021000297249776,3638767.16438005
2024-06-01 00:00:00+00:00,1.1179,0.1054,1.0049034563589845,3899725.81104863
2024-06-02 00:00:00+00:00,1.1042,0.0943,1.0011471519852286,3509065.82093001
2024-06-03 00:00:00+00:00,1.1151,0.1032,1.0047737083819739,3895507.93230366
2024-06-04 00:00:00+00:00,1.0961,0.0876,1.0032136490775942,3588918.74168829
2024-06-05 00:00:00+00:00,1.0817,0.0755,1.0003675625625505,3181264.58330632
2024-06-06 00:00:00+00:00,1.0932,0.0852,1.0040463703956708,3559329.95623873
2024-06-07 00:00:00+00:00,1.078,0.0723,1.0008954803879209,3034861.06572262
2024-06-08 00:00:00+00:00,1.0786,0.0728,1.000506370846702,3219830.86874852
2024-06-09 00:00:00+00:00,1.078,0.0723,1.0005069709552483,3247968.31870952
2024-06-10 00:00:00+00:00,1.0967,0.0881,1.006846387145775,3846793.61643399
2024-06-11 00:00:00+00:00,1.1188,0.1061,1.0073082922055159,4329216.77876865
2024-06-12 00:00:00+00:00,1.121,0.1079,1.0073741225481714,4389343.64049049
2024-06-13 00:00:00+00:00,1.1166,0.1044,1.0039888861472157,4261419.37875485
2024-06-14 00:00:00+00:00,1.0891,0.0818,1.0038860399518825,3736161.49588442
2024-06-15 00:00:00+00:00,1.0883,0.0811,0.9991580108716627,3721580.73959557
2024-06-16 00:00:00+00:00,1.095,0.0867,1.0010172305224536,3872571.07457624
2024-06-17 00:00:00+00:00,1.0872,0.0802,1.0016602011763507,3733537.65034848
2024-06-18 00:00:00+00:00,1.0558,0.0528,0.9963616199075469,2689178.36847393
2024-06-19 00:00:00+00:00,1.0706,0.0659,1.0029635386778302,3068213.00626825
2024-06-20 00:00:00+00:00,1.0463,0.0442,0.9994865540883007,2295671.12436996
2024-06-21 00:00:00+00:00,1.0304,0.0294,0.9964962928640427,1960885.51850379
2024-06-22 00:00:00+00:00,1.0302,0.0293,0.9972124264068924,1989748.46223654
2024-06-23 00:00:00+00:00,1.0357,0.0344,1.0001156044485333,2208891.48416145
2024-06-24 00:00:00+00:00,1.0313,0.0303,0.9978003185487014,2202561.76837137
2024-06-25 00:00:00+00:00,1.0116,0.0114,0.9939492321918293,1739418.26086552
2024-06-26 00:00:00+00:00,1.004,0.0039,0.9980254406261698,1644540.35957854
2024-06-27 00:00:00+00:00,1.0038,0.0038,0.9986440423518965,1671536.48958551
2024-06-28 00:00:00+00:00,0.9886,-0.0115,0.9946544885359095,1460760.48816647
2024-06-29 00:00:00+00:00,0.994,-0.006,0.9992941552211592,1609322.66636188
2024-06-30 00:00:00+00:00,0.982,-0.0183,0.9964536434500818,1192980.34529971
2024-07-01 00:00:00+00:00,0.9321,-0.0728,0.9853538257593738,673615.86318193
2024-07-02 00:00:00+00:00,0.9557,-0.0463,0.9920228947171936,1069637.62004776
2024-07-03 00:00:00+00:00,0.9439,-0.0594,0.9936693461763294,678619.76994229
2024-07-04 00:00:00+00:00,0.9554,-0.0466,0.9961554228545078,1111540.34610831
2024-07-05 00:00:00+00:00,0.9339,-0.0707,0.994721255213484,578089.41373263
2024-07-06 00:00:00+00:00,0.9435,-0.0598,0.9982417637353077,821112.12965562
2024-07-07 00:00:00+00:00,0.971,-0.0298,1.0003159900706873,1518582.997452
2024-07-08 00:00:00+00:00,0.9748,-0.0258,1.0038286039230166,1484503.55204093
2024-07-09 00:00:00+00:00,0.9566,-0.0453,0.9959269846300572,1163901.42273634
2024-07-10 00:00:00+00:00,0.9323,-0.0725,0.9943312566520309,601107.81990717
2024-07-11 00:00:00+00:00,0.9017,-0.1089,0.9844647762151875,518873.09796769
2024-07-12 00:00:00+00:00,0.8846,-0.1304,0.9736020195588002,557817.94375725
2024-07-13 00:00:00+00:00,0.906,-0.1037,0.9977944191273963,763564.97387222
2024-07-14 00:00:00+00:00,0.8753,-0.1424,0.9966108666399862,433617.67497587
2024-07-15 00:00:00+00:00,0.8847,-0.1303,0.9881809334639806,575601.56674341
2024-07-16 00:00:00+00:00,0.9039,-0.1063,0.9979114554921416,858367.38776909
2024-07-17 00:00:00+00:00,0.8966,-0.1153,0.9982459717932461,750727.18533328
2024-07-18 00:00:00+00:00,0.8943,-0.1181,0.9968852510856131,617326.02833594
2024-07-19 00:00:00+00:00,0.8983,-0.1131,0.9963563123450471,803914.9048026
2024-07-20 00:00:00+00:00,0.923,-0.0833,1.002195207253962,993951.02470747
2024-07-21 00:00:00+00:00,0.9471,-0.0558,1.0055209897605761,1248468.13909118
2024-07-22 00:00:00+00:00,0.9993,-0.0007,1.011021124822869,2288081.65824602
2024-07-23 00:00:00+00:00,1.0029,0.0028,1.007777732187746,2433796.42468871
2024-07-24 00:00:00+00:00,0.9928,-0.0072,1.0047604932049254,2107467.67321618
2024-07-25 00:00:00+00:00,0.9856,-0.0145,1.001151929648202,1993546.32055209
2024-07-26 00:00:00+00:00,1.0292,0.0283,1.0061281521076795,2852164.05761669
2024-07-27 00:00:00+00:00,1.0296,0.0287,1.0072282899737695,3133250.07147895
2024-07-28 00:00:00+00:00,1.0456,0.0435,1.0054777166427338,3484341.75940815
2024-07-29 00:00:00+00:00,1.0362,0.0349,1.0065262488168623,3322365.52074779
2024-07-30 00:00:00+00:00,1.0118,0.0116,1.0022329742824991,2281213.14024252
2024-07-31 00:00:00+00:00,0.9999,-0.0001,1.0026820331349027,2020647.93439555
2024-08-01 00:00:00+00:00,1.0051,0.005,0.9955260163834806,2287553.23360299
2024-08-02 00:00:00+00:00,1.0338,0.0326,1.01536658770731,3473829.59244065
2024-08-03 00:00:00+00:00,1.0399,0.0383,1.006910826235641,3389377.27130901
2024-08-04 00:00:00+00:00,1.0356,0.0343,1.000203035478854,3286567.19799377
2024-08-05 00:00:00+00:00,1.0133,0.0131,1.0105931691190235,2305658.09752015
2024-08-06 00:00:00+00:00,1.0032,0.0031,0.9946190121520674,2062774.2653091
2024-08-07 00:00:00+00:00,0.9805,-0.0198,0.9992960449931106,1424642.64051687
2024-08-08 00:00:00+00:00,0.9896,-0.0104,0.9904210222022879,1717499.66492267
2024-08-09 00:00:00+00:00,0.9409,-0.0627,0.9971713011321679,650495.24783327
2024-08-10 00:00:00+00:00,0.9222,-0.0843,0.9928224788387248,425784.82357078
2024-08-11 00:00:00+00:00,0.8912,-0.122,0.9902235016907724,310848.73819324
2024-08-12 00:00:00+00:00,0.8459,-0.1821,0.9609205806600465,330198.2382633
2024-08-13 00:00:00+00:00,0.8692,-0.1505,0.992631617845385,398272.09422157
2024-08-14 00:00:00+00:00,0.8531,-0.1722,0.9947389187486047,264917.22733938
2024-08-15 00:00:00+00:00,0.9651,-0.0361,1.004215931876384,1214826.7923975
2024-08-16 00:00:00+00:00,0.9385,-0.0655,1.0070589513325596,871214.62164939
2024-08-17 00:00:00+00:00,0.9487,-0.0541,1.0009799120512057,1020402.02611166
2024-08-18 00:00:00+00:00,0.9184,-0.0888,0.9976683754212946,600576.25316852
2024-08-19 00:00:00+00:00,0.9217,-0.0849,0.9983033264199223,667913.3176768
2024-08-20 00:00:00+00:00,0.9459,-0.0572,0.9924249622362247,978137.6159019
2024-08-21 00:00:00+00:00,0.9222,-0.0843,0.9974858155313455,579154.06190116
2024-08-22 00:00:00+00:00,0.9026,-0.1078,0.9921410822000793,475399.34275899
2024-08-23 00:00:00+00:00,0.9249,-0.0812,0.9966392265837097,715139.27096172
2024-08-24 00:00:00+00:00,0.9346,-0.07,0.9984025010039659,903139.4679909
2024-08-25 00:00:00+00:00,0.9266,-0.0792,1.0003840203798167,718500.95623621
2024-08-26 00:00:00+00:00,0.9287,-0.0768,0.9955588264874691,887728.39429265
2024-08-27 00:00:00+00:00,0.9297,-0.0756,0.998660412567837,811716.02137901
2024-08-28 00:00:00+00:00,0.9615,-0.04,0.9972383278343162,1447285.99151495
2024-08-29 00:00:00+00:00,0.9502,-0.0523,1.0017124816176899,1049010.51581816
2024-08-30 00:00:00+00:00,1.0104,0.0102,1.0048410878023584,1989746.32638395
2024-08-31 00:00:00+00:00,1.0045,0.0044,1.0117032109626498,1798009.36929959
2024-09-01 00:00:00+00:00,1.016,0.0157,1.0021265721476025,2142331.72008854
2024-09-02 00:00:00+00:00,0.9927,-0.0074,1.002410183755841,1628767.11760577
2024-09-03 00:00:00+00:00,0.938,-0.066,0.9974873584780366,756420.10152732
2024-09-04 00:00:00+00:00,0.9317,-0.0733,0.9901226184915963,646057.03731416
2024-09-05 00:00:00+00:00,0.9432,-0.0601,0.9968031019092042,790452.78906102
2024-09-06 00:00:00+00:00,0.9395,-0.0644,0.9964001788784341,716561.3451307
2024-09-07 00:00:00+00:00,0.9379,-0.0662,0.9985740463118448,594395.30022405
2024-09-08 00:00:00+00:00,0.9172,-0.0902,0.9958854736016636,341802.44699423
2024-09-09 00:00:00+00:00,0.9429,-0.0605,0.9953190538824521,889770.4815465
2024-09-10 00:00:00+00:00,0.921,-0.0857,0.9949754715202002,399726.36353264
2024-09-11 00:00:00+00:00,0.9317,-0.0733,0.9963900167398198,649103.02554873
2024-09-12 00:00:00+00:00,0.9014,-0.1093,0.9933416662293286,205172.87507676
2024-09-13 00:00:00+00:00,0.8655,-0.1554,0.9880759222413855,88062.21855421
2024-09-14 00:00:00+00:00,0.8695,-0.15,0.9932891207413187,112417.10601091
2024-09-15 00:00:00+00:00,0.8863,-0.1282,0.996384274973009,296748.96908847
2024-09-16 00:00:00+00:00,0.9235,-0.0828,0.9994371256616356,625939.83698922
2024-09-17 00:00:00+00:00,0.9315,-0.0735,0.998017859671799,775081.56165265
2024-09-18 00:00:00+00:00,0.9314,-0.0736,0.9973632463147533,754866.02329136
2024-09-19 00:00:00+00:00,0.9423,-0.0612,1.0025791314963668,981676.67208976
2024-09-20 00:00:00+00:00,0.9766,-0.0239,1.0020990427837593,1623452.53352492
2024-09-21 00:00:00+00:00,0.9732,-0.0275,1.002889333710775,1516211.88138146
2024-09-22 00:00:00+00:00,0.9564,-0.0456,1.000535161174056,1216849.66224152
2024-09-23 00:00:00+00:00,0.9418,-0.0618,0.9966912565609822,905550.00938663
2024-09-24 00:00:00+00:00,0.9751,-0.0255,1.0046320073971864,1532435.15960901
2024-09-25 00:00:00+00:00,0.9821,-0.0182,1.0033172347638226,1688487.03206917
2024-09-26 00:00:00+00:00,1.0172,0.0168,1.0124106651585623,2144258.29012734
2024-09-27 00:00:00+00:00,1.016,0.0157,1.0077387933601458,2188094.03253832
2024-09-28 00:00:00+00:00,1.0164,0.016,1.0047274417609442,2235036.5749344
2024-09-29 00:00:00+00:00,1.0239,0.0233,1.0012168035287907,2313406.63346988
2024-09-30 00:00:00+00:00,1.0152,0.0149,1.0045056055648742,2156422.76773027
2024-10-01 00:00:00+00:00,1.0352,0.0339,1.0038880561009722,2551220.63860365
2024-10-02 00:00:00+00:00,1.0116,0.0114,1.0060536302466554,1914530.48084721
2024-10-03 00:00:00+00:00,1.0401,0.0385,1.0053157181047898,2624772.22771657
2024-10-04 00:00:00+00:00,1.0527,0.05,1.009557347697702,2643131.37248172
2024-10-05 00:00:00+00:00,1.046,0.044,1.0134216438010235,2549790.34353944
2024-10-06 00:00:00+00:00,1.0444,0.0424,1.001223808809015,2514919.15506148
2024-10-07 00:00:00+00:00,1.0099,0.0097,0.9984460478049001,1849802.36793169
2024-10-08 00:00:00+00:00,0.9713,-0.0295,0.9973644392646637,1157066.04547168
2024-10-09 00:00:00+00:00,0.971,-0.0298,0.9944722103253405,1136230.57866866
2024-10-10 00:00:00+00:00,0.9738,-0.0268,0.9950556439378481,1266237.44181284
2024-10-11 00:00:00+00:00,0.9945,-0.0055,1.000861989643434,1665571.02849926
2024-10-12 00:00:00+00:00,0.9886,-0.0115,1.0016979054341975,1606874.88197906
2024-10-13 00:00:00+00:00,1.0003,0.0003,1.0004940682419703,1778276.43306629
2024-10-14 00:00:00+00:00,1.0037,0.0037,1.0043567147840875,1701033.96165672
2024-10-15 00:00:00+00:00,0.9946,-0.0054,0.9988033363348494,1529692.08824605
2024-10-16 00:00:00+00:00,0.9706,-0.0302,0.9985556532577732,1033807.80754425
2024-10-17 00:00:00+00:00,0.9639,-0.0374,0.991377069149723,978748.86305139
2024-10-18 00:00:00+00:00,0.9978,-0.0022,1.0034282084647292,1966200.01458275
2024-10-19 00:00:00+00:00,1.0086,0.0085,1.0030083513200463,2288951.72908058
2024-10-20 00:00:00+00:00,1.0014,0.0014,1.0007733754068482,2070960.56336683
2024-10-21 00:00:00+00:00,1.0546,0.0518,1.0106994812607895,3161906.65256756
2024-10-22 00:00:00+00:00,1.0629,0.0592,1.0129344129837305,3237704.54448712
2024-10-23 00:00:00+00:00,1.0733,0.0682,1.0133738797368652,3528550.33571649
2024-10-24 00:00:00+00:00,1.0683,0.0639,1.0072384353969155,3369063.09649113
2024-10-25 00:00:00+00:00,1.0826,0.0762,1.0096161475349061,3543108.69178751
2024-10-26 00:00:00+00:00,1.0821,0.0758,1.0062566618136601,3546330.73757848
2024-10-27 00:00:00+00:00,1.093,0.085,1.0023029419418998,3749674.96522599
2024-10-28 00:00:00+00:00,1.0671,0.0628,1.0056640228345424,3275523.21040029
2024-10-29 00:00:00+00:00,1.0666,0.0624,1.0043049132156536,3397218.82130496
2024-10-30 00:00:00+00:00,1.0486,0.0463,1.0004747186814686,2787817.32055155
2024-10-31 00:00:00+00:00,1.0747,0.0695,1.0052806050462657,3540273.26113344
2024-11-01 00:00:00+00:00,1.0468,0.0446,1.0047586179694035,2671856.7725913
2024-11-02 00:00:00+00:00,1.0531,0.0503,1.000365643141271,2910205.32063421
2024-11-03 00:00:00+00:00,1.0689,0.0644,1.0022200667260477,3498236.63054518
2024-11-04 00:00:00+00:00,1.1007,0.0915,1.0091212744234948,3787356.53569153
2024-11-05 00:00:00+00:00,1.1345,0.1185,1.0195942482377913,3873155.66373379
2024-11-06 00:00:00+00:00,1.1308,0.1156,1.0070102601491824,3881532.30133975
2024-11-07 00:00:00+00:00,1.0943,0.0861,1.005076276942565,3411307.43445932
2024-11-08 00:00:00+00:00,1.0792,0.0733,1.003147052252475,3318873.61763959
2024-11-09 00:00:00+00:00,1.079,0.0732,1.0012155928381354,3288689.83997848
2024-11-10 00:00:00+00:00,1.0702,0.0656,0.9989421486790019,3244512.02407398
2024-11-11 00:00:00+00:00,1.0546,0.0517,1.0046711635494125,2955127.00878426
2024-11-12 00:00:00+00:00,1.0821,0.0758,1.0034705057916147,3453616.61571647
2024-11-13 00:00:00+00:00,1.1654,0.1419,1.0200380924548695,4021853.85651168
2024-11-14 00:00:00+00:00,1.1608,0.1385,1.0168219948102355,4011799.78922875
2024-11-15 00:00:00+00:00,1.1675,0.1434,1.0127375755212253,4023318.67819826
2024-11-16 00:00:00+00:00,1.1679,0.1437,1.0064556818983008,4068663.70605605
2024-11-17 00:00:00+00:00,1.2168,0.1781,1.017782097220379,4044570.40319226
2024-11-18 00:00:00+00:00,1.3317,0.249,1.0275428274465692,4115920.33511106
2024-11-19 00:00:00+00:00,1.3006,0.2311,1.0278934042636565,3974740.88636155
2024-11-20 00:00:00+00:00,1.3117,0.2376,1.0256277126728044,4060410.55952596
2024-11-21 00:00:00+00:00,1.2585,0.2054,1.0165085268553489,3669878.88398689
2024-11-22 00:00:00+00:00,1.3044,0.2333,1.0154282325502482,4211728.93101066
2024-11-23 00:00:00+00:00,1.2902,0.2249,1.012521949181599,4036128.81842158
2024-11-24 00:00:00+00:00,1.2722,0.2139,1.005528960403109,3916630.63041488
2024-11-25 00:00:00+00:00,1.2841,0.2212,1.0174829966138232,3919819.58488581
2024-11-26 00:00:00+00:00,1.292,0.226,1.0128225591858193,4160471.88671207
2024-11-27 00:00:00+00:00,1.3103,0.2368,1.0166974711721208,4262687.8114574
2024-11-28 00:00:00+00:00,1.3358,0.2513,1.051254676468401,4433497.26053393
2024-11-29 00:00:00+00:00,1.3243,0.2448,1.0177544936413705,4316750.83495201
2024-11-30 00:00:00+00:00,1.2994,0.2304,1.0234247333547772,3818837.48812683
2024-12-01 00:00:00+00:00,1.2933,0.2267,1.0128075080543257,3874996.77871003
2024-12-02 00:00:00+00:00,1.2309,0.1875,1.0067824242867882,3404272.33524099
2024-12-03 00:00:00+00:00,1.2073,0.1716,1.0002397998502803,3255910.60395682
2024-12-04 00:00:00+00:00,1.2563,0.2039,1.0107433277489595,3783630.07049477
2024-12-05 00:00:00+00:00,1.2466,0.1977,1.0075213147284219,3762328.85052244
2024-12-06 00:00:00+00:00,1.2674,0.2109,1.0180075311680619,3921582.28588891
2024-12-07 00:00:00+00:00,1.2526,0.2016,1.0040196079281951,3688774.15360936
2024-12-08 00:00:00+00:00,1.261,0.2069,1.0067944628416665,3921696.75805737
2024-12-09 00:00:00+00:00,1.2275,0.1853,1.0108000738925098,3482715.35178684
2024-12-10 00:00:00+00:00,1.2261,0.1843,1.005204012786317,3622720.94061868
2024-12-11 00:00:00+00:00,1.2567,0.2042,1.0222348588115362,4427681.26060202
2024-12-12 00:00:00+00:00,1.2098,0.1734,1.0213054359066573,3561162.38153418
2024-12-13 00:00:00+00:00,1.2424,0.1951,1.0084268970549783,4433965.48329529
2024-12-14 00:00:00+00:00,1.2363,0.1911,1.0055218637954006,4449343.43155665
2024-12-15 00:00:00+00:00,1.2384,0.1925,1.0043796428904124,4482743.32299987
2024-12-16 00:00:00+00:00,1.1874,0.1578,1.038784793393912,3352993.79264639
2024-12-17 00:00:00+00:00,1.1735,0.1478,1.0269132003848707,3233762.22472353
2024-12-18 00:00:00+00:00,1.2231,0.1824,1.010381752862368,4626070.33992644
2024-12-19 00:00:00+00:00,1.2061,0.1708,1.013195407540171,4364271.79892007
2024-12-20 00:00:00+00:00,1.2158,0.1774,1.0076321945672833,4591602.6247262
2024-12-21 00:00:00+00:00,1.2138,0.1761,1.0058337396182502,4524434.2971106
2024-12-22 00:00:00+00:00,1.2506,0.2004,1.0067911167296293,4920685.5460442
2024-12-23 00:00:00+00:00,1.2576,0.2048,1.0254925197512037,4733594.52269413
2024-12-24 00:00:00+00:00,1.2494,0.1996,1.018323998572811,4644961.16752327
2024-12-25 00:00:00+00:00,1.1875,0.1578,1.0084324311121449,4086666.54201197
2024-12-26 00:00:00+00:00,1.1431,0.1252,1.0057970380871408,3068458.30209677
2024-12-27 00:00:00+00:00,1.1394,0.1223,1.0028249882718405,3107609.09565332
2024-12-28 00:00:00+00:00,1.1288,0.1141,1.000713649105708,2842739.19888637
2024-12-29 00:00:00+00:00,1.1093,0.0985,0.9975597123585251,2417494.11191457
2024-12-30 00:00:00+00:00,1.0941,0.086,1.0263192974299074,2428812.43651812
2024-12-31 00:00:00+00:00,1.1414,0.1238,1.0039278305270003,3984005.20700518
2025-01-01 00:00:00+00:00,1.1407,0.1233,1.0050840523447746,3994359.72757432
2025-01-02 00:00:00+00:00,1.1013,0.0919,0.9997691684950942,2626156.05897892
2025-01-03 00:00:00+00:00,1.0879,0.0808,0.9993694864827124,2300364.83390853
2025-01-04 00:00:00+00:00,1.0953,0.0869,0.9987614973270628,2597244.58812944
2025-01-05 00:00:00+00:00,1.0737,0.0686,0.9996093241454075,1998142.45047879
2025-01-06 00:00:00+00:00,1.0602,0.0568,0.9985846384780149,1955444.93798293
2025-01-07 00:00:00+00:00,1.0707,0.066,1.0038442159676817,2097379.6982834
2025-01-08 00:00:00+00:00,1.0824,0.0761,1.001214430662111,2635561.77055671
2025-01-09 00:00:00+00:00,1.103,0.0933,1.0063321960955367,3025905.08488278
2025-01-10 00:00:00+00:00,1.1166,0.1044,1.0044774656130797,3874652.57295623
2025-01-11 00:00:00+00:00,1.1158,0.1037,1.0028237536402884,3883314.15893432
2025-01-12 00:00:00+00:00,1.1221,0.1088,1.0017619829364666,4051883.84888306
2025-01-13 00:00:00+00:00,1.1587,0.1369,1.0104203504336624,4796425.23085124
2025-01-14 00:00:00+00:00,1.0939,0.0858,1.0033889504728515,2923271.69945155
2025-01-15 00:00:00+00:00,1.0724,0.0675,0.9940416021857773,2495797.13325358
2025-01-16 00:00:00+00:00,1.0445,0.0426,0.9932067537574597,1743868.82696441
2025-01-17 00:00:00+00:00,1.0695,0.065,0.9980741845141187,2513392.78480583
2025-01-18 00:00:00+00:00,1.0687,0.0642,1.000296069148049,2520127.54074805
2025-01-19 00:00:00+00:00,1.0658,0.0617,1.0003006393857221,2243581.8395669
2025-01-20 00:00:00+00:00,1.0672,0.0629,0.9971244783823999,2480822.33204434
2025-01-21 00:00:00+00:00,1.0904,0.0829,1.0060092662225746,3090948.27714677
2025-01-22 00:00:00+00:00,1.126,0.1119,1.0064059131527765,4483646.0471191
2025-01-23 00:00:00+00:00,1.1207,0.1076,1.0179472286531752,4411597.7482415
2025-01-24 00:00:00+00:00,1.1683,0.144,1.0141780110465153,4932075.00437807
2025-01-25 00:00:00+00:00,1.1639,0.1408,1.003832271404064,4950061.81432275
2025-01-26 00:00:00+00:00,1.1254,0.1114,1.004741759349717,4373662.46143225
2025-01-27 00:00:00+00:00,1.1441,0.1259,1.0098570508981648,4696979.45954945
2025-01-28 00:00:00+00:00,1.1735,0.1478,1.0053058374697748,4954599.46868336
2025-01-29 00:00:00+00:00,1.1464,0.1277,1.0092323796062708,4672258.65389329
2025-01-30 00:00:00+00:00,1.1474,0.1284,1.0028114692785064,4765087.10101667
2025-01-31 00:00:00+00:00,1.1493,0.1299,1.0082506171315773,4783059.57811793
2025-02-01 00:00:00+00:00,1.148,0.1289,1.0027813885341068,4780034.31453596
2025-02-02 00:00:00+00:00,1.133,0.1174,1.0020256390401776,4434829.36623818
2025-02-03 00:00:00+00:00,1.1153,0.1033,0.9948799999897777,4349281.09748223
2025-02-04 00:00:00+00:00,1.1049,0.0949,1.0079865641617445,4021542.90563761
2025-02-05 00:00:00+00:00,1.1327,0.1171,1.0022864544100494,4635540.3304191
2025-02-06 00:00:00+00:00,1.1423,0.1245,1.010337961339998,4813627.45696746
2025-02-07 00:00:00+00:00,1.1124,0.101,1.004259033832043,4200643.58339814
2025-02-08 00:00:00+00:00,1.093,0.085,0.9979585572483473,3811226.44678861
2025-02-09 00:00:00+00:00,1.0575,0.0543,0.9932615028196028,2548661.30599128
2025-02-10 00:00:00+00:00,1.1021,0.0926,0.993694670019145,4213799.11343782
2025-02-11 00:00:00+00:00,1.0522,0.0496,1.0027776430633715,2533044.41065979
2025-02-12 00:00:00+00:00,1.0486,0.0463,0.9943998843282984,2312633.98757907
2025-02-13 00:00:00+00:00,1.048,0.0458,0.998348133678721,2318071.29732144
2025-02-14 00:00:00+00:00,1.0409,0.0392,0.9971087609426669,2228180.81684406
2025-02-15 00:00:00+00:00,1.0477,0.0455,0.9975442909816159,2399151.53452485
2025-02-16 00:00:00+00:00,1.0373,0.0359,1.0000922585918397,2183082.52446321
2025-02-17 00:00:00+00:00,1.055,0.052,1.0001685183848725,2720789.49147546
2025-02-18 00:00:00+00:00,1.0353,0.0341,0.99758807271806,2118686.12774394
2025-02-19 00:00:00+00:00,1.0578,0.0546,0.9972252324237786,3163709.38292491
2025-02-20 00:00:00+00:00,1.0446,0.0426,0.9982127722694464,2374877.95216294
2025-02-21 00:00:00+00:00,1.0545,0.0516,1.0002607124993672,2861999.73467769
2025-02-22 00:00:00+00:00,1.0555,0.0525,1.001178851897097,3077048.07749831
2025-02-23 00:00:00+00:00,1.0426,0.0408,0.9989401472983243,2249463.73307554
2025-02-24 00:00:00+00:00,1.0316,0.0306,0.9982931526465475,2050639.81025989
2025-02-25 00:00:00+00:00,1.03,0.0291,0.9971564530624198,2002262.69839447
2025-02-26 00:00:00+00:00,1.0421,0.0403,0.9996495629278204,2494811.30203031
2025-02-27 00:00:00+00:00,1.0584,0.0551,1.0030807679757652,3638425.52233174
2025-02-28 00:00:00+00:00,1.0295,0.0286,1.0008370692006319,2072966.06320937
2025-03-01 00:00:00+00:00,1.0383,0.0369,1.0014450614843085,2355452.59232485
2025-03-02 00:00:00+00:00,1.0275,0.0267,0.9992664989718887,2044513.74664418
2025-03-03 00:00:00+00:00,0.992,-0.008,0.9993483230832134,1096064.86479338
2025-03-04 00:00:00+00:00,0.958,-0.0438,0.9861492870414148,1031983.48342986
2025-03-05 00:00:00+00:00,0.9094,-0.0996,0.9851056322298057,841449.59324882
2025-03-06 00:00:00+00:00,0.9112,-0.0974,0.989735394471242,901971.65361332
2025-03-07 00:00:00+00:00,0.9133,-0.0948,0.9818033236446462,1022056.11097019
2025-03-08 00:00:00+00:00,0.9335,-0.0712,0.9959214982348905,1156148.46639837
2025-03-09 00:00:00+00:00,1.0237,0.0231,1.0051384870220077,2032334.13300182
2025-03-10 00:00:00+00:00,0.9346,-0.0699,1.0010079272802557,1100812.91314951
2025-03-11 00:00:00+00:00,0.947,-0.0559,0.9846166752489615,1212746.31003585
2025-03-12 00:00:00+00:00,0.9797,-0.0207,1.000916703880234,1553297.303781
2025-03-13 00:00:00+00:00,0.9782,-0.0222,1.0039614703650095,1483584.29863697
2025-03-14 00:00:00+00:00,0.9288,-0.0766,0.9917250914338038,885362.23697986
2025-03-15 00:00:00+00:00,0.9229,-0.0835,0.9968016807648215,816282.52234648
2025-03-16 00:00:00+00:00,0.8614,-0.1609,0.9935140699212993,486907.55674948
2025-03-17 00:00:00+00:00,0.8475,-0.1798,0.9807240982307498,426932.0793085
2025-03-18 00:00:00+00:00,0.8873,-0.1269,0.9862671607313915,715858.31444249
2025-03-19 00:00:00+00:00,0.8927,-0.1202,0.9923602099817016,852380.772543
2025-03-20 00:00:00+00:00,0.8708,-0.1483,0.9933202226059991,547855.14690386
2025-03-21 00:00:00+00:00,0.9014,-0.1094,0.997285468663051,952938.49352637
2025-03-22 00:00:00+00:00,0.9011,-0.1097,1.0008753509264527,955889.07058163
2025-03-23 00:00:00+00:00,0.8812,-0.1348,0.9962394920566686,589329.56313655
2025-03-24 00:00:00+00:00,0.9005,-0.1104,0.9924753955633061,947578.58267203
2025-03-25 00:00:00+00:00,0.883,-0.1324,0.9932298088455197,649945.74936608
2025-03-26 00:00:00+00:00,0.9248,-0.0813,0.9996041556234992,1193076.65449339
2025-03-27 00:00:00+00:00,0.8985,-0.113,0.9990766169047496,863963.29848601
2025-03-28 00:00:00+00:00,0.8989,-0.1124,0.993705554057279,933231.17095041
2025-03-29 00:00:00+00:00,0.8967,-0.1151,0.9988794670620688,756859.26727642
2025-03-30 00:00:00+00:00,0.9115,-0.097,0.9993398827343978,1111521.54546335
2025-03-31 00:00:00+00:00,0.9296,-0.0757,1.0056957784101148,1148000.20211313
2025-04-01 00:00:00+00:00,0.9344,-0.0702,1.0005779751763129,1177172.9566475
2025-04-02 00:00:00+00:00,0.9274,-0.0783,0.9972775817435351,1010465.48566673
2025-04-03 00:00:00+00:00,0.9291,-0.0762,0.9972987943868705,1112603.24724856
2025-04-04 00:00:00+00:00,0.8976,-0.1141,0.9931949222121443,744330.78537568
2025-04-05 00:00:00+00:00,0.8784,-0.1384,0.9917966090824565,375654.68711644
2025-04-06 00:00:00+00:00,0.8779,-0.1391,0.9896951619657264,335300.1597859
2025-04-07 00:00:00+00:00,0.8793,-0.1372,0.9895319978156253,422123.82018415
2025-04-08 00:00:00+00:00,0.91,-0.0988,0.9935810983978237,1097516.95212756
2025-04-09 00:00:00+00:00,0.8821,-0.1336,0.9962786442986795,420277.12030868
2025-04-10 00:00:00+00:00,0.8874,-0.1268,0.9911141382776225,556381.98561477
2025-04-11 00:00:00+00:00,0.899,-0.1123,0.9934332233880491,892097.45871714
2025-04-12 00:00:00+00:00,0.8899,-0.1237,0.9972920976848374,652928.96230164
2025-04-13 00:00:00+00:00,0.8311,-0.2031,0.993246104518476,26193.74627229
2025-04-14 00:00:00+00:00,0.8542,-0.1706,0.9794861112508203,267625.25173855
2025-04-15 00:00:00+00:00,0.8213,-0.2176,0.9933974223962754,22916.35652536
2025-04-16 00:00:00+00:00,0.8932,-0.1196,0.9927987323946039,760495.54024856
2025-04-17 00:00:00+00:00,0.8551,-0.1695,0.9974306723109022,283602.33024218
2025-04-18 00:00:00+00:00,0.8961,-0.1159,0.9908575708160153,985978.30850844
2025-04-19 00:00:00+00:00,0.9165,-0.0911,1.0031308369585543,1393058.89811134
2025-04-20 00:00:00+00:00,0.8961,-0.1159,1.0026903900245279,959354.07983068
2025-04-21 00:00:00+00:00,0.9083,-0.1009,1.0030536151845009,1288740.81730244
2025-04-22 00:00:00+00:00,0.9032,-0.1071,0.9868772567200249,937179.78501876
2025-04-23 00:00:00+00:00,0.9075,-0.1018,0.9932353720157373,1174699.28483974
2025-04-24 00:00:00+00:00,0.9211,-0.0856,0.9672242618697459,1413945.61752707
2025-04-25 00:00:00+00:00,0.9125,-0.0958,1.000846172274255,1204893.03910995
2025-04-26 00:00:00+00:00,0.9222,-0.0843,0.9988677170364786,1616031.20379999
2025-04-27 00:00:00+00:00,0.9224,-0.0841,0.9985286296472405,1413502.60315534
2025-04-28 00:00:00+00:00,0.9453,-0.0578,1.005181814691897,1852571.88248631
2025-04-29 00:00:00+00:00,1.0113,0.0111,1.010471542605739,2281688.12323572
2025-04-30 00:00:00+00:00,1.0077,0.0076,1.0262886704253356,2376631.51906948
2025-05-01 00:00:00+00:00,1.0077,0.0076,1.0051984564858094,2446537.83400909
2025-05-02 00:00:00+00:00,1.0188,0.0184,1.0104999058262372,2611000.13706699
2025-05-03 00:00:00+00:00,1.0172,0.0169,1.0033560480695503,2589207.55487171
2025-05-04 00:00:00+00:00,1.008,0.0078,1.0033876559057209,2334731.41749662
2025-05-05 00:00:00+00:00,1.02,0.0195,1.0045652964368905,2712626.71503213
2025-05-06 00:00:00+00:00,1.014,0.0138,1.0045041797005658,2341250.19415375
2025-05-07 00:00:00+00:00,1.0136,0.0134,1.0043302622190535,2373144.70825394
2025-05-08 00:00:00+00:00,1.036,0.0347,1.0084617295994842,2944371.06478429
2025-05-09 00:00:00+00:00,1.0352,0.034,1.0072541386369205,2913279.7254694
2025-05-10 00:00:00+00:00,1.0282,0.0274,1.0061944536012886,2698768.96741123
2025-05-11 00:00:00+00:00,1.0171,0.0168,0.9992590460021685,2432127.53526181
2025-05-12 00:00:00+00:00,1.0196,0.0192,1.0007816044590492,2560609.21793471
2025-05-13 00:00:00+00:00,1.0381,0.0366,1.000379549064629,2926410.60419654
2025-05-14 00:00:00+00:00,1.0426,0.0408,1.0072680864766024,3216074.59302019
2025-05-15 00:00:00+00:00,1.104,0.0942,1.0105945300517,4012850.42194786
2025-05-16 00:00:00+00:00,1.0999,0.0908,1.0172399019074303,3754993.57741691
2025-05-17 00:00:00+00:00,1.1123,0.1009,1.0056678928931095,3914575.99373889
2025-05-18 00:00:00+00:00,1.1111,0.0999,1.005776781943382,3794594.40239165
2025-05-19 00:00:00+00:00,1.0993,0.0903,1.008943355321578,3548236.06292596
2025-05-20 00:00:00+00:00,1.1095,0.0986,1.008669604947774,3765258.48423346
2025-05-21 00:00:00+00:00,1.1044,0.0945,1.0069307175131155,3648316.88361393
2025-05-22 00:00:00+00:00,1.1055,0.0954,1.0055672319417024,3727704.74854958
2025-05-23 00:00:00+00:00,1.1065,0.0962,1.0062941151299378,3609285.65147834
2025-05-24 00:00:00+00:00,1.1039,0.0941,1.0034476323050963,3475338.22587343
2025-05-25 00:00:00+00:00,1.1308,0.1156,1.0045210393385293,4005626.50332236
2025-05-26 00:00:00+00:00,1.1273,0.1128,1.0059407057266447,3990174.80088074
2025-05-27 00:00:00+00:00,1.1377,0.121,1.0097203421421834,4022522.21609953
2025-05-28 00:00:00+00:00,1.1619,0.1393,1.0101740582314276,4066094.04386332
2025-05-29 00:00:00+00:00,1.1715,0.1463,1.0127110430982451,3960205.91551134
2025-05-30 00:00:00+00:00,1.133,0.1173,1.01024517853408,3677084.48623463
2025-05-31 00:00:00+00:00,1.138,0.1212,1.0018896604598717,3676188.46819904
2025-06-01 00:00:00+00:00,1.1406,0.1232,1.0007854642949545,3783750.81856718
2025-06-02 00:00:00+00:00,1.1494,0.1299,1.0112912462285326,3781871.09685824
2025-06-03 00:00:00+00:00,1.1404,0.123,1.0126279655704982,3695750.03989955
2025-06-04 00:00:00+00:00,1.123,0.1095,1.0076340766986163,3535995.01687468
2025-06-05 00:00:00+00:00,1.1036,0.0938,1.0011751166056069,3287176.6410229
2025-06-06 00:00:00+00:00,1.0788,0.073,1.0051303796118845,2851708.59765079
2025-06-07 00:00:00+00:00,1.0893,0.0819,0.9973903587511226,3099394.71246046
2025-06-08 00:00:00+00:00,1.1008,0.0915,0.9993739151200562,3301542.32364624
2025-06-09 00:00:00+00:00,1.0954,0.0871,1.022826082009271,3355041.3840027
2025-06-10 00:00:00+00:00,1.0895,0.0821,1.0240193839883696,3178190.12451561
2025-06-11 00:00:00+00:00,1.0779,0.0722,1.0005130108694782,2896805.68228302
2025-06-12 00:00:00+00:00,1.0432,0.0414,0.999469361260368,2137993.59785633
2025-06-13 00:00:00+00:00,1.0766,0.0711,0.9998928205678027,2781354.18633879
2025-06-14 00:00:00+00:00,1.0888,0.0815,1.0041899602228248,3303082.37683741
2025-06-15 00:00:00+00:00,1.0885,0.0812,1.0023158132116046,3273884.35046635
2025-06-16 00:00:00+00:00,1.1267,0.1124,1.0073818081222854,3804164.00218368
2025-06-17 00:00:00+00:00,1.123,0.1095,1.0103314166253845,3795646.69409258
2025-06-18 00:00:00+00:00,1.108,0.0974,1.0041642688214294,3388832.00102017
2025-06-19 00:00:00+00:00,1.0824,0.0761,1.0000416194305644,3135943.31921952
2025-06-20 00:00:00+00:00,1.081,0.0749,1.0009490497340716,3064382.25480611
2025-06-21 00:00:00+00:00,1.0752,0.0699,1.0005313008797028,2897548.11437079
2025-06-22 00:00:00+00:00,1.0739,0.0687,1.0014144788736583,2856362.06356986
2025-06-23 00:00:00+00:00,1.0943,0.0861,1.0126224004101545,3377518.28469502
2025-06-24 00:00:00+00:00,1.0664,0.0623,0.9969854519459225,2493025.31627703
2025-06-25 00:00:00+00:00,1.0668,0.0625,1.0012790750301057,2618367.75536902
2025-06-26 00:00:00+00:00,1.0667,0.0625,1.0004740187618426,2558009.12744472
2025-06-27 00:00:00+00:00,1.0537,0.0509,1.0001197552836298,1939310.83627978
2025-06-28 00:00:00+00:00,1.0328,0.0317,0.9973745245923763,1736198.32530461
2025-06-29 00:00:00+00:00,1.0298,0.0289,0.9932198732145413,1763645.86398572
2025-06-30 00:00:00+00:00,1.074,0.0689,0.9986786335259032,2928641.44254955
2025-07-01 00:00:00+00:00,1.08,0.074,1.0064503974154368,3301778.5313627
2025-07-02 00:00:00+00:00,1.0905,0.0829,1.0093814241210897,3399858.8845709
2025-07-03 00:00:00+00:00,1.0885,0.0813,1.003924371133445,3237626.37724956
2025-07-04 00:00:00+00:00,1.0875,0.0804,1.00244370883089,3309527.43368457
2025-07-05 00:00:00+00:00,1.0877,0.0806,1.0018045359827326,3419079.97159672
2025-07-06 00:00:00+00:00,1.0989,0.09,1.007216228210244,3609712.91951599
2025-07-07 00:00:00+00:00,1.0851,0.0784,1.0062234178269416,3178435.08724672
2025-07-08 00:00:00+00:00,1.071,0.0663,1.0004402228477656,2634539.65727854
2025-07-09 00:00:00+00:00,1.0997,0.0906,1.0064556993237908,3674484.70803888
2025-07-10 00:00:00+00:00,1.1073,0.0968,1.0080992419694297,3763240.32736719
2025-07-11 00:00:00+00:00,1.0906,0.083,1.00230946445743,3356469.49116468
2025-07-12 00:00:00+00:00,1.0909,0.0833,1.001746361711296,3379823.60302408
2025-07-13 00:00:00+00:00,1.0999,0.0908,1.0041969421442756,3593524.47586003
2025-07-14 00:00:00+00:00,1.089,0.0816,1.0020560364929878,3293745.95408631
2025-07-15 00:00:00+00:00,1.0908,0.0832,1.0021194244604203,3539885.68547096
2025-07-16 00:00:00+00:00,1.1138,0.1022,1.0077853610472067,3979915.39831772
2025-07-17 00:00:00+00:00,1.1601,0.138,1.011691714620715,3946008.60159524
2025-07-18 00:00:00+00:00,1.1684,0.1441,1.01685700545577,3883578.39298815
2025-07-19 00:00:00+00:00,1.1662,0.1425,1.0040331819536028,3764668.36527869
2025-07-20 00:00:00+00:00,1.1777,0.1509,1.0061602331687458,3977031.0203318
2025-07-21 00:00:00+00:00,1.1824,0.1542,1.0195222631779306,3827801.06141203
2025-07-22 00:00:00+00:00,1.1549,0.134,1.0026454788226171,3769161.94973188
2025-07-23 00:00:00+00:00,1.1558,0.1347,1.0347165700310819,3938737.54926099
2025-07-24 00:00:00+00:00,1.1574,0.1359,1.01567160440213,3998748.76268506
2025-07-25 00:00:00+00:00,1.1323,0.1168,1.0073990016501195,3433427.62608068
2025-07-26 00:00:00+00:00,1.1313,0.116,1.0009325736422026,3377800.16167419
2025-07-27 00:00:00+00:00,1.129,0.1142,1.0024399022311832,3172214.29859094
2025-07-28 00:00:00+00:00,1.1255,0.1115,1.0114641940536182,3154764.2379006
2025-07-29 00:00:00+00:00,1.1458,0.1272,1.0074087799230989,4059887.58938997
2025-07-30 00:00:00+00:00,1.1326,0.117,1.0061586504765228,3690368.70714963
2025-07-31 00:00:00+00:00,1.13,0.115,1.0044801961455307,3570352.5823051
2025-08-01 00:00:00+00:00,1.117,0.1047,0.999963798719104,3117888.59990301
2025-08-02 00:00:00+00:00,1.1182,0.1056,1.001230197586498,3518640.78895412
2025-08-03 00:00:00+00:00,1.1293,0.1144,1.0027693594048475,3993692.33918269
2025-08-04 00:00:00+00:00,1.1142,0.1024,1.0030557780112046,3401668.08823532
2025-08-05 00:00:00+00:00,1.1114,0.1002,1.003730251574566,3236563.62906138
2025-08-06 00:00:00+00:00,1.109,0.0982,1.0023660027492414,2943274.60219121
2025-08-07 00:00:00+00:00,1.0945,0.0863,1.0037004896282502,2659570.42335614
2025-08-08 00:00:00+00:00,1.0695,0.0649,0.9963772068758802,2591324.35548642
2025-08-09 00:00:00+00:00,1.0584,0.0551,0.9991087238465095,2570639.97400561
2025-08-10 00:00:00+00:00,1.0746,0.0694,1.001096521118161,2655355.38331152
2025-08-11 00:00:00+00:00,1.0818,0.0756,1.0007683537378083,2807530.44115402
2025-08-12 00:00:00+00:00,1.0697,0.0651,0.9963817256213435,2655893.21736666
2025-08-13 00:00:00+00:00,1.0801,0.0741,0.9993713302717544,2772036.14115897
2025-08-14 00:00:00+00:00,1.1021,0.0926,1.004161283797131,3171421.03541343
2025-08-15 00:00:00+00:00,1.0922,0.0844,1.0037871800552338,3029325.78335974
2025-08-16 00:00:00+00:00,1.085,0.0783,1.0015648312203815,2808400.49940601
2025-08-17 00:00:00+00:00,1.106,0.0958,1.0037503325331725,3936453.48922919
2025-08-18 00:00:00+00:00,1.1026,0.093,1.0066060235184677,3642046.2853063
2025-08-19 00:00:00+00:00,1.1131,0.1016,1.0076272317066761,4053998.28581285
2025-08-20 00:00:00+00:00,1.138,0.1212,1.0080888944594286,4165084.49763774
2025-08-21 00:00:00+00:00,1.095,0.0867,1.0043713761381188,3450879.33581251
2025-08-22 00:00:00+00:00,1.082,0.0757,1.002365181104374,2766309.58250131
2025-08-23 00:00:00+00:00,1.0809,0.0748,1.0008557976010577,2741785.16689033
2025-08-24 00:00:00+00:00,1.081,0.0749,1.0007373113668658,2949560.47163121
2025-08-25 00:00:00+00:00,1.069,0.0645,0.9942388658739845,2616057.57082025
2025-08-26 00:00:00+00:00,1.0418,0.0401,0.9974128448038212,2134071.86075798
2025-08-27 00:00:00+00:00,1.0515,0.0489,0.9964941243134745,2397534.79526265
2025-08-28 00:00:00+00:00,1.0319,0.0308,0.9952512818222401,2094543.58569675
2025-08-29 00:00:00+00:00,1.0682,0.0638,1.0035080984662448,2837174.40953405
2025-08-30 00:00:00+00:00,1.054,0.0512,0.9996544391779246,2616674.58340704
2025-08-31 00:00:00+00:00,1.0404,0.0388,0.9991365055836717,2226136.15716325
2025-09-01 00:00:00+00:00,1.0067,0.0066,0.9946017677671114,1962106.46606239
2025-09-02 00:00:00+00:00,1.0263,0.0256,0.9977696220145941,2146962.97915006
2025-09-03 00:00:00+00:00,1.0165,0.0161,0.9984294324111389,2067403.04946801
2025-09-04 00:00:00+00:00,1.0267,0.0259,0.9994608262464166,2250205.1770261
2025-09-05 00:00:00+00:00,0.9925,-0.0075,0.9906016087221592,1677037.43808102
2025-09-06 00:00:00+00:00,0.9916,-0.0085,0.9960976782342665,1779253.20698226
2025-09-07 00:00:00+00:00,0.9917,-0.0083,0.9968577744832332,1815180.66455344
2025-09-08 00:00:00+00:00,0.9907,-0.0093,1.0020849424138012,1846353.38867002
2025-09-09 00:00:00+00:00,1.0118,0.0116,1.001807579983353,2270091.72657503
2025-09-10 00:00:00+00:00,1.0199,0.0195,0.9995589843893503,2406241.04831686
2025-09-11 00:00:00+00:00,1.0094,0.0093,0.998667304551889,2237354.7920666
2025-09-12 00:00:00+00:00,1.0078,0.0077,1.0022336271381298,2116813.5185343
2025-09-13 00:00:00+00:00,0.9983,-0.0017,0.9987644202339061,1970038.6747531
2025-09-14 00:00:00+00:00,1.007,0.0069,1.0008741623365636,2384565.4533827
2025-09-15 00:00:00+00:00,1.0159,0.0156,1.0014570999539372,2524413.28731301
2025-09-16 00:00:00+00:00,1.0061,0.0061,0.9993666035637023,2339893.50261948
2025-09-17 00:00:00+00:00,1.0281,0.0273,1.003224185263934,2862622.06979912
2025-09-18 00:00:00+00:00,1.0392,0.0377,1.0033914440385248,3116477.37737254
2025-09-19 00:00:00+00:00,1.0485,0.0462,1.0048169725937466,3164405.99350518
2025-09-20 00:00:00+00:00,1.0469,0.0447,1.0017698865904234,3119752.44775719
2025-09-21 00:00:00+00:00,1.0429,0.0411,1.0013743578547587,3035026.37709539
2025-09-22 00:00:00+00:00,1.0357,0.0344,1.0000282142295154,3008915.00364843
2025-09-23 00:00:00+00:00,1.0502,0.0477,1.003147832315354,3346089.38437832
2025-09-24 00:00:00+00:00,1.0453,0.0433,1.0034500466382872,3259260.90723847
2025-09-25 00:00:00+00:00,1.0502,0.0478,1.004020284858643,3276312.48916321
2025-09-26 00:00:00+00:00,1.0365,0.0352,1.0000923702256792,2908192.19058452
2025-09-27 00:00:00+00:00,1.0381,0.0367,1.001699842716252,2935752.0619344
2025-09-28 00:00:00+00:00,1.029,0.0282,1.0012039309386718,2739692.56890841
2025-09-29 00:00:00+00:00,1.005,0.005,0.9938341489403779,2213355.51731086
2025-09-30 00:00:00+00:00,1.003,0.0029,0.9976239442690077,2073558.49136184
2025-10-01 00:00:00+00:00,1.014,0.0138,0.9995014849200424,2448643.7926337
2025-10-02 00:00:00+00:00,0.98,-0.0204,0.9957337063392673,1402390.28049157
2025-10-03 00:00:00+00:00,0.9804,-0.02,0.9959187272690373,1552001.17277686
2025-10-04 00:00:00+00:00,0.9804,-0.0199,0.9985520090967493,1576642.48549004
2025-10-05 00:00:00+00:00,1.0015,0.0015,0.9998596057948848,2217110.15367963
2025-10-06 00:00:00+00:00,1.0176,0.0173,1.0042364733273388,2720502.33928202
2025-10-07 00:00:00+00:00,1.0135,0.0132,1.004389802203644,2659528.71439451
2025-10-08 00:00:00+00:00,1.0474,0.0452,1.0069933310965025,3962724.36079265
2025-10-09 00:00:00+00:00,1.0668,0.0625,1.0084767570274555,4380779.40734529
2025-10-10 00:00:00+00:00,1.0824,0.0761,1.0107294831385176,4443311.4831181
2025-10-11 00:00:00+00:00,1.0774,0.0718,1.0061595177563099,4399270.33875439
2025-10-12 00:00:00+00:00,1.0861,0.0792,1.0038767017101744,4495366.38549849
2025-10-13 00:00:00+00:00,1.0971,0.0884,1.008452315426922,4432536.6709932
2025-10-14 00:00:00+00:00,1.0695,0.065,1.0013728975561782,4241275.84523661
2025-10-15 00:00:00+00:00,1.08,0.074,1.0067392315351449,4351313.49453185
2025-10-16 00:00:00+00:00,1.0657,0.0616,1.0011832088353934,4088017.89500585
2025-10-17 00:00:00+00:00,0.9972,-0.0028,0.9947141560360447,2190602.29136965
2025-10-18 00:00:00+00:00,0.9739,-0.0267,0.9915372967847216,1486602.66044837
2025-10-19 00:00:00+00:00,1.0084,0.0083,1.0002714232100758,2489778.60448622
2025-10-20 00:00:00+00:00,1.0113,0.0111,1.0000298012675417,2583871.48839958
2025-10-21 00:00:00+00:00,0.9976,-0.0024,0.9906033279930093,2373673.94855285
2025-10-22 00:00:00+00:00,0.976,-0.0245,0.9968513108520806,1405194.05862008
2025-10-23 00:00:00+00:00,0.954,-0.0482,0.990124233143358,721676.27396198
2025-10-24 00:00:00+00:00,0.9441,-0.0592,0.9925383795287399,546515.36236051
2025-10-25 00:00:00+00:00,0.9457,-0.0574,0.9985002078743576,685411.59284522
2025-10-26 00:00:00+00:00,0.9589,-0.0429,0.9979206478771585,1101140.31391948
2025-10-27 00:00:00+00:00,0.9784,-0.0221,1.0003722047703119,1485263.07714134
2025-10-28 00:00:00+00:00,0.9603,-0.0413,1.0005185294981684,1049633.32128256
2025-10-29 00:00:00+00:00,0.9473,-0.0555,0.9924545319988205,640951.49685354
2025-10-30 00:00:00+00:00,0.9705,-0.0303,0.9965253306622968,1497777.82318078
2025-10-31 00:00:00+00:00,0.9808,-0.0195,0.9968298468986501,1670158.07698505
2025-11-01 00:00:00+00:00,0.9851,-0.015,0.9997992605241521,1973715.34081993
2025-11-02 00:00:00+00:00,1.0138,0.0135,1.0029881739225697,2948000.94592975
2025-11-03 00:00:00+00:00,1.0049,0.0048,1.0034437240136436,2695363.9263049
2025-11-04 00:00:00+00:00,0.999,-0.0009,1.000693515021792,2296081.72514831
2025-11-05 00:00:00+00:00,0.9786,-0.0218,0.9969532614450954,1372510.02433607
2025-11-06 00:00:00+00:00,0.951,-0.0515,0.9923069483369598,687042.93715601
2025-11-07 00:00:00+00:00,0.9685,-0.0324,0.996456611338567,1168415.64834391
2025-11-08 00:00:00+00:00,0.9692,-0.0317,0.9998603505900207,1210841.87160583
2025-11-09 00:00:00+00:00,0.9701,-0.0308,0.999568210061231,1305266.41294156
2025-11-10 00:00:00+00:00,0.9384,-0.0656,0.9929767787284167,229619.93259759
2025-11-11 00:00:00+00:00,0.8972,-0.1146,0.9863289832029407,111166.2195542
2025-11-12 00:00:00+00:00,0.9212,-0.0855,0.9925871101865299,306908.57663335
2025-11-13 00:00:00+00:00,0.9011,-0.1097,0.9923332718633029,132002.62096546
2025-11-14 00:00:00+00:00,0.9252,-0.0808,0.9910304075680567,525252.14201873
2025-11-15 00:00:00+00:00,0.9144,-0.0935,0.9974480328119447,429611.43511113
2025-11-16 00:00:00+00:00,0.935,-0.0694,1.0019906085349775,676758.70862232
2025-11-17 00:00:00+00:00,0.946,-0.057,1.0015759995266296,786253.69829989
2025-11-18 00:00:00+00:00,0.92,-0.0869,0.9970068007075102,422448.46249624
2025-11-19 00:00:00+00:00,0.9102,-0.0986,0.9971058175003014,329205.75695411
2025-11-20 00:00:00+00:00,0.8951,-0.1171,0.9868815316447831,145880.07741432
2025-11-21 00:00:00+00:00,0.8529,-0.1725,0.9837693128579056,24681.31246208
2025-11-22 00:00:00+00:00,0.8611,-0.1613,0.9973066375775126,104649.71637971
2025-11-23 00:00:00+00:00,0.8496,-0.177,0.9925047958899043,63230.36249875
2025-11-24 00:00:00+00:00,0.8343,-0.1985,0.9843887946022014,91229.5117099
2025-11-25 00:00:00+00:00,0.8482,-0.1789,0.9878717681739738,294981.6998532
2025-11-26 00:00:00+00:00,0.8322,-0.2015,0.9878430463076345,195466.89885844
2025-11-27 00:00:00+00:00,0.7993,-0.251,0.9874290315231312,98208.88953904
2025-11-28 00:00:00+00:00,0.7841,-0.2752,0.9726045640174704,255391.19259379
2025-11-29 00:00:00+00:00,0.8059,-0.2408,0.9609930253980539,873666.65947933
2025-11-30 00:00:00+00:00,0.8312,-0.203,1.0010132573785016,1152582.54661065
2025-12-01 00:00:00+00:00,0.8437,-0.1851,0.994736887686109,1217921.63386798
2025-12-02 00:00:00+00:00,0.8351,-0.1974,0.9898749383963216,1269516.55731139
2025-12-03 00:00:00+00:00,0.865,-0.156,0.9972257193107651,1467307.31286171
2025-12-04 00:00:00+00:00,0.8755,-0.1422,0.9952595207062541,1533869.34803577
2025-12-05 00:00:00+00:00,0.8754,-0.1422,0.9941068988546965,1469337.05011992
2025-12-06 00:00:00+00:00,0.8739,-0.1443,0.9977945043981038,1465439.97053022
2025-12-07 00:00:00+00:00,0.8745,-0.1434,0.9959512728553436,1415163.54714202
2025-12-08 00:00:00+00:00,0.8329,-0.2006,0.9820913399460257,1151501.05243513
2025-12-09 00:00:00+00:00,0.8835,-0.1319,0.9911215872626359,1789071.99727943
2025-12-10 00:00:00+00:00,0.9034,-0.1069,0.9961917198237626,2034600.58931787
2025-12-11 00:00:00+00:00,0.8927,-0.1202,0.9982980177990092,1771476.64039294
2025-12-12 00:00:00+00:00,0.8652,-0.1557,0.9763823521393082,1373248.07862607
2025-12-13 00:00:00+00:00,0.8656,-0.1552,0.9961390900472865,1325300.08918535
2025-12-14 00:00:00+00:00,0.8752,-0.1426,0.9943020398217237,1484976.40001845
2025-12-15 00:00:00+00:00,0.8865,-0.1279,0.9856079284338112,1575884.45728239
2025-12-16 00:00:00+00:00,0.9033,-0.107,0.9957859080171859,2105843.10820685
2025-12-17 00:00:00+00:00,0.9013,-0.1095,0.9990779285180019,1943532.21004568
2025-12-18 00:00:00+00:00,0.9044,-0.1057,0.993787344154395,2166708.84903198
2025-12-19 00:00:00+00:00,0.8847,-0.1302,0.9918473247863452,1417196.15041903
2025-12-20 00:00:00+00:00,0.8857,-0.1289,0.9975712583710034,1449053.07464447
2025-12-21 00:00:00+00:00,0.8672,-0.153,0.9965558157840381,1209666.59258617
2025-12-22 00:00:00+00:00,0.8507,-0.1754,0.9795590207909547,1085993.32619677
2025-12-23 00:00:00+00:00,0.8692,-0.1505,0.9926333408508096,1439176.38128196
2025-12-24 00:00:00+00:00,0.8533,-0.1719,0.9945963068252122,1100287.54778741
2025-12-25 00:00:00+00:00,0.846,-0.182,0.9965635630869129,981228.47428099
2025-12-26 00:00:00+00:00,0.8763,-0.1411,0.9968288693191442,1626689.56405518
2025-12-27 00:00:00+00:00,0.878,-0.1389,0.9986363215051779,1688300.18002605
2025-12-28 00:00:00+00:00,0.8792,-0.1374,0.9991076775982276,1733568.23649319
2025-12-29 00:00:00+00:00,0.8806,-0.1356,0.9990514621864319,1661880.19088788
2025-12-30 00:00:00+00:00,0.8711,-0.148,0.9929521514803952,1269894.88028941
2025-12-31 00:00:00+00:00,0.8773,-0.1398,0.9921131449209346,1562674.85086559
2026-01-01 00:00:00+00:00,0.8743,-0.1437,0.9996741020839662,1455604.98990904
2026-01-02 00:00:00+00:00,0.8753,-0.1424,0.985086384029348,1465698.30637046
2026-01-03 00:00:00+00:00,0.8807,-0.1354,0.9970450712944506,1670627.26242218
2026-01-04 00:00:00+00:00,0.8809,-0.1351,0.9940197677389441,1617390.52981417
2026-01-05 00:00:00+00:00,0.8769,-0.1403,0.9967573739360712,1199408.12444188
2026-01-06 00:00:00+00:00,0.8886,-0.1253,0.9937232241683616,1957919.88848409
2026-01-07 00:00:00+00:00,0.8813,-0.1347,0.9959507662019476,1471688.88759743
2026-01-08 00:00:00+00:00,0.894,-0.1186,0.9967527760328144,2123611.2252387
2026-01-09 00:00:00+00:00,0.9116,-0.0969,0.9998165149545347,2346691.79393575
2026-01-10 00:00:00+00:00,0.9143,-0.0937,0.9996092988135441,2471275.45688735
2026-01-11 00:00:00+00:00,0.9243,-0.0819,1.00114244323302,2646936.00755036
2026-01-12 00:00:00+00:00,0.9543,-0.0478,1.0054535221991316,3094313.22054167
2026-01-13 00:00:00+00:00,0.9453,-0.0579,1.0025369205354038,3010380.62583444
2026-01-14 00:00:00+00:00,0.9246,-0.0815,0.9968442821303642,2342356.27817491
2026-01-15 00:00:00+00:00,0.9257,-0.0802,0.9952080162436471,2404948.06594014
2026-01-16 00:00:00+00:00,0.9177,-0.0897,0.995971368573622,2239532.67948451
2026-01-17 00:00:00+00:00,0.9182,-0.089,0.9975400762341341,2105356.30518729
2026-01-18 00:00:00+00:00,0.9222,-0.0843,0.9927527394264228,2365241.55239638
2026-01-19 00:00:00+00:00,0.932,-0.073,0.992793340365215,2559854.97732842
2026-01-20 00:00:00+00:00,0.9755,-0.0251,1.0030964423254412,3446840.98602531
2026-01-21 00:00:00+00:00,0.9914,-0.0086,1.0057136017072779,3466771.12636662
2026-01-22 00:00:00+00:00,0.975,-0.0256,1.0041843828838588,3307023.56267181
2026-01-23 00:00:00+00:00,0.9754,-0.0252,1.0022631984145987,3334868.37089655
2026-01-24 00:00:00+00:00,0.9724,-0.0283,1.0023113879645025,3129596.22537566
2026-01-25 00:00:00+00:00,0.9749,-0.0257,1.0002346062472371,3204726.1303175
2026-01-26 00:00:00+00:00,0.9462,-0.0568,0.9951811958446483,2782193.70281061
2026-01-27 00:00:00+00:00,0.9071,-0.1023,0.9887646333945272,1607400.18445476
2026-01-28 00:00:00+00:00,0.9234,-0.0829,0.9918856867457876,1894343.49202839
2026-01-29 00:00:00+00:00,0.9179,-0.0894,0.9940084376384815,1827577.42836662
2026-01-30 00:00:00+00:00,0.9264,-0.0794,0.9457013249951423,2050005.06786425
2026-01-31 00:00:00+00:00,0.9263,-0.0795,0.9962388754386828,1798303.89164627
2026-02-01 00:00:00+00:00,0.8962,-0.1158,0.9941941245635648,981501.45236011
2026-02-02 00:00:00+00:00,0.9178,-0.0895,0.9964662141982957,1632075.19294194
2026-02-03 00:00:00+00:00,0.9294,-0.0759,0.9990619389675715,1947308.67369544
2026-02-04 00:00:00+00:00,0.9294,-0.0759,0.999248882437781,1811884.49285154
2026-02-05 00:00:00+00:00,0.8797,-0.1367,0.9898521286853489,155444.68978205
2026-02-06 00:00:00+00:00,0.8814,-0.1345,0.9878383108707741,272174.80596874
2026-02-07 00:00:00+00:00,0.8252,-0.2118,0.9855690717336554,98929.50611216
2026-02-08 00:00:00+00:00,0.8098,-0.2348,0.9889746287835793,55721.78701805
2026-02-09 00:00:00+00:00,0.8307,-0.2038,0.9890331972861311,219368.37794507
2026-02-10 00:00:00+00:00,0.8055,-0.2415,0.9789360167009679,91596.50821531
2026-02-11 00:00:00+00:00,0.7778,-0.2855,0.9780023019369924,86766.1987269
2026-02-12 00:00:00+00:00,0.6903,-0.4486,0.964734062275206,121183.56605392
2026-02-13 00:00:00+00:00,0.7684,-0.3014,0.9887480156892209,441790.69974093
2026-02-14 00:00:00+00:00,0.7529,-0.3281,0.9810297335893957,329417.13481445
2026-02-15 00:00:00+00:00,0.7705,-0.2979,1.0011531730579613,439690.86026917
2026-02-16 00:00:00+00:00,0.7664,-0.3048,0.990093811844616,386112.46190108
2026-02-17 00:00:00+00:00,0.7506,-0.3322,0.9861421308619438,199300.15901329
2026-02-18 00:00:00+00:00,0.739,-0.3532,0.9850281840548994,261493.62377135
2026-02-19 00:00:00+00:00,0.7295,-0.3708,0.980351203676802,208350.6393147
2026-02-20 00:00:00+00:00,0.7627,-0.3112,0.9955551050543853,503100.61120331
2026-02-21 00:00:00+00:00,0.7755,-0.2895,1.0013379707410903,641683.80417764
2026-02-22 00:00:00+00:00,0.7612,-0.3136,0.9983969152138963,386741.29950673
2026-02-23 00:00:00+00:00,0.7627,-0.3111,0.9873448211034791,454643.35897582
2026-02-24 00:00:00+00:00,0.7542,-0.3258,0.9904012042668714,319287.66921738
2026-02-25 00:00:00+00:00,0.7408,-0.3498,0.9885758359971548,203895.985323
2026-02-26 00:00:00+00:00,0.7499,-0.3335,0.9914282875131397,306347.84055121
2026-02-27 00:00:00+00:00,0.7622,-0.3119,0.9848792444797315,635394.98782863
2026-02-28 00:00:00+00:00,0.7681,-0.3019,0.999637129729859,633382.96373614
2026-03-01 00:00:00+00:00,0.763,-0.3106,0.9970313714570693,483937.986259
2026-03-02 00:00:00+00:00,0.7325,-0.3652,0.9810538894399888,121201.90525772
2026-03-03 00:00:00+00:00,0.7273,-0.3749,0.9796903850082908,200422.85153239
2026-03-04 00:00:00+00:00,0.7778,-0.2857,0.9965524199002239,749736.89864759
2026-03-05 00:00:00+00:00,0.7706,-0.2976,0.9981800174376503,626838.08212167
2026-03-06 00:00:00+00:00,0.7492,-0.3347,0.9911786104192843,280742.68733567
2026-03-07 00:00:00+00:00,0.7656,-0.3062,0.9951762566700271,541446.2316604
2026-03-08 00:00:00+00:00,0.7528,-0.3284,0.9969904259442289,324109.06935708
2026-03-09 00:00:00+00:00,0.7945,-0.2587,0.9992392271007736,959616.19360661
2026-03-10 00:00:00+00:00,0.7876,-0.2696,0.9972114245770929,909983.77841465
2026-03-11 00:00:00+00:00,0.8387,-0.1922,1.0023442628282526,1169544.59152557
2026-03-12 00:00:00+00:00,0.8194,-0.2204,0.998684928297183,1062454.48319745
2026-03-13 00:00:00+00:00,0.7918,-0.2628,0.9881099486855202,752045.78419004
2026-03-14 00:00:00+00:00,0.7823,-0.2782,0.9929064990286455,482452.59114987
2026-03-15 00:00:00+00:00,0.7706,-0.2976,0.9946819754704623,298437.20540728
2026-03-16 00:00:00+00:00,0.7995,-0.2507,0.9989027955315841,834509.0607641
2026-03-17 00:00:00+00:00,0.8153,-0.2265,1.0016058006092992,996440.85442403
2026-03-18 00:00:00+00:00,0.8228,-0.2154,0.9962594565789535,1175913.11210573
2026-03-19 00:00:00+00:00,0.823,-0.2151,0.9976740887464016,1218401.36340817
2026-03-20 00:00:00+00:00,0.8317,-0.2024,1.0026381460492002,1178893.92551004
2026-03-21 00:00:00+00:00,0.8356,-0.1967,0.9917897103098728,1294259.6038714
2026-03-22 00:00:00+00:00,0.8552,-0.1692,1.0028871755554167,1464060.41332616
2026-03-23 00:00:00+00:00,0.8785,-0.1383,1.0058989345481444,1561539.3857477
2026-03-24 00:00:00+00:00,0.8762,-0.1413,1.002161414310548,1493766.39015381
2026-03-25 00:00:00+00:00,0.8408,-0.1893,0.9943131889568063,1087469.64159751
2026-03-26 00:00:00+00:00,0.8297,-0.2051,0.9931398210375132,917589.15723105
2026-03-27 00:00:00+00:00,0.839,-0.1919,0.9962145803370026,1124188.08778081
2026-03-28 00:00:00+00:00,0.8335,-0.1997,0.9998036183399628,960568.42956501
2026-03-29 00:00:00+00:00,0.8142,-0.2281,0.9934796552142297,608779.33500972
2026-03-30 00:00:00+00:00,0.8457,-0.1824,0.9980045826735884,1195724.04018793
2026-03-31 00:00:00+00:00,0.8413,-0.1887,0.9829715313626071,1142702.84534195
2026-04-01 00:00:00+00:00,0.8553,-0.1692,0.9968032318891048,1419076.13446031
2026-04-02 00:00:00+00:00,0.8244,-0.2129,0.9975481155394693,568139.01560449
2026-04-03 00:00:00+00:00,0.7985,-0.2523,0.983845560327754,280631.21494839
2026-04-04 00:00:00+00:00,0.8045,-0.243,0.9965202279797145,340059.47788121
2026-04-05 00:00:00+00:00,0.8042,-0.2435,0.9970675959161371,275692.02191367
2026-04-06 00:00:00+00:00,0.8133,-0.2295,0.9953261896983867,377270.12119846
2026-04-07 00:00:00+00:00,0.8338,-0.1993,0.9975678502546402,881812.16532896
2026-04-08 00:00:00+00:00,0.8341,-0.1989,1.000928199204858,776012.18431268
2026-04-09 00:00:00+00:00,0.819,-0.2209,0.9915728891273128,564362.26204398
2026-04-10 00:00:00+00:00,0.8209,-0.2181,0.9979349920308617,468961.34395255
2026-04-11 00:00:00+00:00,0.8295,-0.2055,0.9992588382449045,738895.75638473
2026-04-12 00:00:00+00:00,0.8478,-0.1795,0.9998868578561859,1075416.94439852
2026-04-13 00:00:00+00:00,0.8482,-0.1789,1.003788544598488,963341.33450146
2026-04-14 00:00:00+00:00,0.8892,-0.1245,0.9980444246133238,1761397.54018884
2026-04-15 00:00:00+00:00,0.8766,-0.1407,1.0078230833494848,1473211.19994092
2026-04-16 00:00:00+00:00,0.8876,-0.1266,1.0011654044297835,1682292.15599973
2026-04-17 00:00:00+00:00,0.9038,-0.1064,1.0044143843249704,1751891.95712346
2026-04-18 00:00:00+00:00,0.9088,-0.1003,1.0066227120777047,1841746.23128014
2026-04-19 00:00:00+00:00,0.8793,-0.1373,0.9959082006584344,1301847.56500286
2026-04-20 00:00:00+00:00,0.929,-0.0764,1.00316595922561,1964532.93764629
2026-04-21 00:00:00+00:00,0.9208,-0.0859,1.0104966063898553,1733576.91639519
2026-04-22 00:00:00+00:00,0.9309,-0.0742,1.0027020341163437,1985464.60217306
2026-04-23 00:00:00+00:00,0.9322,-0.0727,1.0024728280318496,1959458.35060952
2026-04-24 00:00:00+00:00,0.957,-0.0448,1.008518086062248,1958712.38632691
2026-04-25 00:00:00+00:00,0.9446,-0.0586,1.0001548614330982,1902080.6491627
2026-04-26 00:00:00+00:00,0.9235,-0.0828,0.9983608709814547,1549999.37895169
2026-04-27 00:00:00+00:00,0.9464,-0.0565,1.0011584997470513,1942881.16444962
2026-04-28 00:00:00+00:00,0.9554,-0.0467,0.9992303547585482,2055510.46822491
2026-04-29 00:00:00+00:00,0.9895,-0.0106,1.0081185598775484,2101111.25234119
2026-04-30 00:00:00+00:00,0.9875,-0.0126,0.9996179047743168,2156755.1388504
2026-05-01 00:00:00+00:00,0.9843,-0.0159,0.9796078277780642,1895307.17404362
2026-05-02 00:00:00+00:00,0.9849,-0.0152,0.9999604055375301,1990496.51803053
2026-05-03 00:00:00+00:00,0.9959,-0.0041,1.0017257555131973,2438109.27605015
2026-05-04 00:00:00+00:00,0.9752,-0.0253,1.0030476426887078,1853825.3411689
2026-05-05 00:00:00+00:00,0.966,-0.0351,0.9989467982140644,1771518.00610829
2026-05-06 00:00:00+00:00,0.9635,-0.0378,1.0001931619802984,1649841.65145998
2026-05-07 00:00:00+00:00,0.9672,-0.0338,0.9995680544505733,1786014.89921198
2026-05-08 00:00:00+00:00,0.9923,-0.0077,1.0039655144240447,2203455.06033421
2026-05-09 00:00:00+00:00,0.9988,-0.0012,1.002654551630914,2558687.55124746
2026-05-10 00:00:00+00:00,1.0008,0.0007,1.0013283727122906,2595421.79185314
2026-05-11 00:00:00+00:00,1.0165,0.0161,1.0070168440145708,2536157.73015395
2026-05-12 00:00:00+00:00,1.0318,0.0308,1.00788561940758,2553967.97663711
2026-05-13 00:00:00+00:00,1.0323,0.0312,1.0045039912270033,2534901.86675216
2026-05-14 00:00:00+00:00,1.0145,0.0142,1.0020013595303203,2362163.07905539
2026-05-15 00:00:00+00:00,1.0216,0.0211,1.0020940663663842,2470204.17290459
2026-05-16 00:00:00+00:00,1.0252,0.0245,1.0027267429513134,2510017.46504013
2026-05-17 00:00:00+00:00,1.0468,0.0447,1.0014376369299978,2718085.33651524
2026-05-18 00:00:00+00:00,1.0405,0.0389,1.0036608355747225,2673637.44166568
2026-05-19 00:00:00+00:00,1.025,0.0243,1.000634268361612,2341321.9171988
2026-05-20 00:00:00+00:00,1.0126,0.0124,1.000111900382794,2201612.73773398
2026-05-21 00:00:00+00:00,1.0366,0.0353,1.0037934802752035,2613993.28033692
2026-05-22 00:00:00+00:00,1.0097,0.0096,0.9999314805799274,2155521.32491935
2026-05-23 00:00:00+00:00,0.9996,-0.0003,0.9974091672709496,1805978.22151005
2026-05-24 00:00:00+00:00,0.9925,-0.0075,0.9994469478332022,1739309.41164964
2026-05-25 00:00:00+00:00,0.9824,-0.0179,0.9952970151473611,1685397.83831031
2026-05-26 00:00:00+00:00,0.9826,-0.0177,0.9978212358043247,1625186.41763746
2026-05-27 00:00:00+00:00,0.9913,-0.0087,1.0010047139195812,1763883.91285913
2026-05-28 00:00:00+00:00,0.9946,-0.0053,0.9993909014453205,1962773.18751099
2026-05-29 00:00:00+00:00,0.9731,-0.0276,0.9960083714851422,1349620.05972428
2026-05-30 00:00:00+00:00,0.9862,-0.0139,0.9974378739316229,1619701.6675626
2026-05-31 00:00:00+00:00,0.9873,-0.0128,1.0016327848978577,1775567.30217897
2026-06-01 00:00:00+00:00,0.9922,-0.0078,1.0013876758325895,1788302.64829521
2026-06-02 00:00:00+00:00,0.977,-0.0235,0.9975619608466302,1389971.23623549
2026-06-03 00:00:00+00:00,0.9563,-0.0456,0.9964979970250595,1169259.78013793
2026-06-04 00:00:00+00:00,0.9495,-0.0531,0.9877010789875063,1314295.79780008
2026-06-05 00:00:00+00:00,0.9529,-0.0494,0.9924036394865952,1284377.98613326
2026-06-06 00:00:00+00:00,0.9609,-0.0406,0.9985416408915458,1428536.83683903
2026-06-07 00:00:00+00:00,0.9634,-0.038,0.9992987098236422,1465688.72664803
2026-06-08 00:00:00+00:00,0.9334,-0.0713,0.9910973423095546,1022535.77859425
2026-06-09 00:00:00+00:00,0.8799,-0.1365,0.9827183699670948,223056.88571415
2026-06-10 00:00:00+00:00,0.8571,-0.1667,0.9804532485744923,55771.86488512
2026-06-11 00:00:00+00:00,0.8423,-0.1872,0.9829543007739204,52803.57175365
2026-06-12 00:00:00+00:00,0.8251,-0.212,0.9828318951644822,113951.56643539
2026-06-13 00:00:00+00:00,0.822,-0.2165,0.9891852982151089,96640.25765598
2026-06-14 00:00:00+00:00,0.8539,-0.171,1.0005015325674294,319145.811869
2026-06-15 00:00:00+00:00,0.8583,-0.1651,0.9992690198752552,257095.1977009
2026-06-16 00:00:00+00:00,0.8416,-0.1882,0.9913167607856443,167891.90076624
2026-06-17 00:00:00+00:00,0.8412,-0.1888,0.9830447890316197,171147.11274525
2026-06-18 00:00:00+00:00,0.8704,-0.1488,0.9940454834946422,495129.49165916
2026-06-19 00:00:00+00:00,0.8734,-0.1449,0.9987045011971966,448750.09637717
2026-06-20 00:00:00+00:00,0.8913,-0.122,0.9993481605988401,678460.91983635
2026-06-21 00:00:00+00:00,0.9056,-0.1041,0.9993055203737036,730680.68284126
2026-06-22 00:00:00+00:00,0.9183,-0.089,1.0027147797027187,722258.6862786
2026-06-23 00:00:00+00:00,0.9117,-0.0968,0.997369852997064,569979.43093401
2026-06-24 00:00:00+00:00,0.899,-0.1123,0.9967159444272883,538996.08282837
2026-06-25 00:00:00+00:00,0.888,-0.126,0.992599594500383,377783.39326097
